n	word	split	evidence	status	flags	degree	pe_via_pollex	hawwiki_1w	hawwiki_2w	root_a	root_b	wiktionary_gloss	andrews_1922	andrews_definition	pe_found	pe_spelling	pe_one_or_two_words	pe_meaning_ok	review_note
1	kūʻai	kū·ʻai	W	candidate		51	differs: kuai / kuaʻi	350	0	kū: to stand, to rise; to stop, to halt; to anchor,	ʻai: food; in particular, any food that is not fish;	to barter							
2	kūʻauhau	kū·ʻauhau	W+A	candidate	homograph root: sense unresolved	40	match	8	0	kū: ?to stand, to rise; to stop, to halt; to anchor,	ʻauhau: tribute; tax, tariff; to pay (tax or tribute)	genealogy; pedigree, lineage; genealogist, historian; to recite genealogy	kuauhau [Ku, shortened form of kuamoo, path, and auhau, lineage.]	1. To be recorded in genealogy, in history or tradition: o na kupuna mua o ko Hawaii nei i kuauhauia, the first ancestors of Hawaii which ar					
3	kūlolo	kū·lolo	W	candidate	homograph root: sense unresolved	40		0	0	kū: ?to stand, to rise; to stop, to halt; to anchor,	lolo: brain; bone marrow; coconut heart or coconut app	kulolo (traditional dessert made from taro and coconut)							
4	kumupaʻa	kumu·paʻa	W+A	candidate		29		3	0	kumu: teacher; basis, foundation; source, cause	paʻa: solid; firm, fast, permanent	principal, capital (as contrasted with interest); firm foundation; firmly established; ancient times; family god (synony	kumupaa [Kumu, the beginning, and paa, fixed.]	1. That which is firmly fixed; a solid foundation. 2. [Mod.] The princi- pal, a sum of money placed at in- terest in distinction from panee,					
5	kōpaʻa	kō·paʻa	W	candidate		29		0	0	kō: sugar cane (Saccharum officinarum)	paʻa: solid; firm, fast, permanent	sugar							
6	alawai	ala·wai	W	candidate		28		2	1	ala: way, path, road	wai: water, especially of fresh sources	channel; canal							
7	kahawai	kaha·wai	W+A	candidate		26		111	1	kaha: to cut open, to slice lengthwise; to operate on;	wai: water, especially of fresh sources	stream, creek; ravine, gulch	kahawai [Kaha, cut, and wai, water.]	1. A brook; a rivulet; a water course; a cas- cade; a stream with frequent rap- ids; any small stream. 2. A ra- vine, wet or dry; any channe					
8	kinowai	kino·wai	W	candidate		26		1	0	kino: body; form; person, self; person; main portion;	wai: water, especially of fresh sources	liquid (as opposed to a solid or a gas); liquid							
9	waimaka	wai·maka	W+A	candidate		25	match	2	0	wai: water, especially of fresh sources	maka: eye (organ); face; bud; beloved one; mesh of a n	tears (water that flows from the eyes)	waimaka [Wal, water, and maka, eyes.]	Water flowing from the eyes; tears: e hookahe i na waimaka, to shed tears; haule ka waimaka, tears drop.					
10	huaʻōlelo	hua·ʻōlelo	W	candidate	Wiktionary writes it as two words	23		149	3	hua: fruit; egg; seed, grain; result, effect	ʻōlelo: language, speech; word, term; statement; quotati	word							
11	ʻauwai	ʻau·wai	W	candidate		23		1	0	ʻau: to swim, travel by sea; to jut out, project	wai: water, especially of fresh sources	ditch							
12	kaʻawale	kaʻa·wale	W+A	candidate		22		25	0	kaʻa: car (automobile); cart, buggy; vehicle; to roll,	wale: any bodily secretion or mucus including phlegm,	to separate; to isolate, to reserve; to withdraw; separate, apart, alone; free, spare; unoccupied, empty; free time; opp	kaawale [Kaa and wale, only.]	1. To divorce; to be separate, as persons or things; to separate, as friends. 2. To turn or roll freely. 3. To turn invol- untarily or witho					
13	kinopaʻa	kino·paʻa	W	candidate		22		0	0	kino: body; form; person, self; person; main portion;	paʻa: solid; firm, fast, permanent	solid (as opposed to a gas or liquid); solid; terrestrial, rocky							
14	kuaʻāina	kua·ʻāina	W+A	candidate		21		13	0	kua: back; back; rear; burden; to carry on the back,	ʻāina: land (earth; country; real estate)	countryside, country (contrasted with "city"), backwoods; rustic (a person from the country); rustic, country, rural	kuaaina [Kua, high land, and aina, land.]	1. The back country; up the mountain where there are no chiefs; the country in distinction from a vil- lage or city. Mar. 6:56. 2, The inhab					
15	waiū	wai·ū	W+A	candidate		21	match	1	0	wai: water, especially of fresh sources	ū: breast; udder	milk	waiu [Wai, water, and u, the breast. Lit. Breast water.]	1. The breast. 2. Milk. 3. Fig. Blessings; favors.					
16	waihoʻoluʻu	wai·hoʻoluʻu	W+A	candidate		20		15	0	wai: water, especially of fresh sources	hoʻoluʻu: to plunge or dip something in liquids, dyes, sol	dye, colorant to submerge fabrics in; color	waihooluu [Wai, water, and hooluu, to dye.]	Water for coloring; a dye.					
17	paʻakai	paʻa·kai	W+A	candidate		20	match	11	0	paʻa: solid; firm, fast, permanent	kai: sea; seawater, the salt water of a sea or ocean;	salt	paakai [Paa and kai, sea water.]	Salt; that which gives sea water its taste; ke ku- mu o ke kai.					
18	kumulāʻau	kumu·lāʻau	W	candidate		19		10	3	kumu: teacher; basis, foundation; source, cause	lāʻau: tree, wood; medicine; wooden; medical	tree							
19	kahuapaʻa	kahua·paʻa	W	candidate	Wiktionary writes it as two words	19		6	0	kahua: foundation; base; platform (of a house); site; l	paʻa: solid; firm, fast, permanent	website; web page							
20	mokulele	moku·lele	W	candidate		18		57	0	moku: to be broken off, to be severed, to be amputated	lele: to jump, leap, hop, skip; to fly; to swing, boun	airplane							
21	halemākaʻi	hale·mākaʻi	W	candidate		18		0	0	hale: house, building; institution; lodge; station, ha	mākaʻi: to inspect, to police; police officer	police station							
22	kuahao	kua·hao	W	candidate		18		0	0	kua: back; back; rear; burden; to carry on the back,	hao: iron; general name for metal tools; a bit; brand	anvil, heavy iron block as work surface in blacksmithing							
23	waiūpaʻa	waiū·paʻa	W	candidate		18		0	0	waiū: milk	paʻa: solid; firm, fast, permanent	cheese							
24	mokuʻāina	moku·ʻāina	W	candidate		17		322	4	moku: to be broken off, to be severed, to be amputated	ʻāina: land (earth; country; real estate)	state, district, province; island							
25	makaaniani	maka·aniani	W	candidate		17		2	0	maka: eye (organ); face; bud; beloved one; mesh of a n	aniani: state of clarity, transparency; glass, mirror; c	eyeglasses, spectacles							
26	makanahele	maka·nahele	W+A	candidate	alt split makana·hele (A)	17		0	0	maka: eye (organ); face; bud; beloved one; mesh of a n	nahele: forest, bush; vegetation	wild, untamed; forest, wilderness	makanahele [Maka, face, and nahele, the wild.]	Wild; untamed; dwelling in the wilderness.					
27	lauhoe	lau·hoe	W	candidate		16		0	0	lau: leaf; frond; greens	hoe: oar; paddle; to row, to paddle; to propel, to st	blade of a paddle; to paddle together							
28	papamū	papa·mū	W	candidate		15		5	0	papa: board, lumber; flat surface, layer; foundation;	mū: to gather together; captor of war prisoners to b	A stone with a board for playing kōnane carved into the top.; checkerboard; checkerboard (pattern); plaid; checkered							
29	alaloa	ala·loa	W	candidate		15		0	0	ala: way, path, road	loa: distance, length; long, permanent	highway, beltway							
30	kumukānāwai	kumu·kānāwai	W	candidate		14		21	2	kumu: teacher; basis, foundation; source, cause	kānāwai: code, law, statute, act; rule, commandment (also	constitution							
31	alahao	ala·hao	W	candidate		14		1	0	ala: way, path, road	hao: iron; general name for metal tools; a bit; brand	railroad, railway							
32	hoakipa	hoa·kipa	W	candidate		14		0	0	hoa: friend, companion, associate, colleague, comrade	kipa: to visit, to call	visitor							
33	alanui	ala·nui	W+A	candidate		13	match	49	3	ala: way, path, road	nui: plenty, a lot, size, dimension, number, area; gr	road, street, large path	alanui [Ala, path, and nui, large.]	A highway; a road; a frequented path. (Kuamoo is ihe archaic form.) See alaloa.					
34	mahiʻai	mahi·ʻai	W+A	candidate		13		34	3	mahi: to cultivate, to farm; farm, plantation	ʻai: food; in particular, any food that is not fish;	farmer; farming, agriculture	mahiai [Mahi, to cultivate, and ai, food.]	To culti- vate land; to produce food from the ground; to till the ground.					
35	paʻapū	paʻa·pū	W	candidate	homograph root: sense unresolved	13		16	0	paʻa: solid; firm, fast, permanent	pū: ?tree, cluster of several stalks; cluster, clump	dense, covered (i with); crowded, congested; stifling, stuffy; impervious, nonporous							
36	ʻahaʻōlelo	ʻaha·ʻōlelo	W+A	candidate		13		16	0	ʻaha: meeting, gathering, assembly	ʻōlelo: language, speech; word, term; statement; quotati	legislature, assembly, council; to convene; to serve in a deliberative body	ahaolelo [Aha, a company, and olelo, to speak.]	1. A council; a body of chiefs as- sembled to regulate public affairs. 2. In modern times, a legislature; a body to consult and enact laws f					
37	ʻukulele	ʻuku·lele	W+A	candidate		13		7	0	ʻuku: louse, flea (insect)	lele: to jump, leap, hop, skip; to fly; to swing, boun	a small four-stringed guitar: a ukulele	ukulele [Uku, a louse, and lele, to jump.]	1. A jumping uku; that is, a flea. 2. A musical instrument having four strings, played upon with the fin- gers, said to be so-called because					
38	kuamoʻo	kua·moʻo	W+A	candidate		13		3	0	kua: back; back; rear; burden; to carry on the back,	moʻo: lizard, dragon, serpent	alternative form of iwi kuamoʻo (“backbone, genealogy”); clamp used in making and repairing canoes	kuamoo [Kua, back, and moo, a lizard.]	1. The back- bone of a man or animal. Syn: Iwikuamoo. 2. A road or fre- quented path. (This was the word used formerly on the island of Hawa					
39	puʻukani	puʻu·kani	W	candidate		12		8	0	puʻu: any geological protuberance like hill, mound; pi	kani: cry, moan; crow (of a rooster); peal, jingle, ti	sweet-voiced; sweet-toned, melodious; singer							
40	kumulipo	kumu·lipo	W	candidate		12		5	0	kumu: teacher; basis, foundation; source, cause	lipo: deep sea, cavern or forest; blue-black; depth, d	origin, genesis							
41	kuapuʻu	kua·puʻu	W+A	candidate		12		2	0	kua: back; back; rear; burden; to carry on the back,	puʻu: any geological protuberance like hill, mound; pi	hump, fleshy mass on camels etc	kuapuu [Kua, back, and puu, a protuberance.]	A hump- or crooked-backed person.					
42	mokupuni	moku·puni	W+A	candidate		11		481	0	moku: to be broken off, to be severed, to be amputated	puni: surrounded, enclosed; controlled; overcome (by e	island	mokupuni [Moku, an island, and puni, to surround.]	The full form for island; that is, a division of land surrounded (by water): O ka mokupuni oia ka mea nui e like me Hawaii, Maui, ame na mok					
43	limahana	lima·hana	W	candidate		11		35	0	lima: five; fifth; hand (part of the body)	hana: work, labor, job, employment, occupation, duty,	worker, employee; labor							
44	paʻahao	paʻa·hao	W+A	candidate		11		24	0	paʻa: solid; firm, fast, permanent	hao: robber; to scoop, pick up; to grasp, pillage, pl	prisoner; imprisoned	paahao [Paa, fast, and hao, iron.]	1. One bound; a prisoner. Epes. 4:1. 2. One bound to work; a servant by con- straint. 3. The system of work under the Hawaiian government in					
45	ʻilikai	ʻili·kai	W	candidate		11	match	4	1	ʻili: skin; peel, bark, rind; hide, leather; surface;	kai: sea; seawater, the salt water of a sea or ocean;	surface of the sea; sea level							
46	kuʻihao	kuʻi·hao	W+A	candidate		11		0	2	kuʻi: to pound, to strike; to jam in; to churn (of but	hao: iron; general name for metal tools; a bit; brand	blacksmith	kuihao [Kui, to pound, and hao, iron.]	To forge; to work iron, as a blacksmith. Kui he (ku'i-he'), adj. Doubting; hes- itating; advancing and retreating.					
47	paʻanaʻau	paʻa·naʻau	W	candidate		11		0	0	paʻa: solid; firm, fast, permanent	naʻau: guts, intestines; mind, heart	memorized, remembered							
48	ʻiliahi	ʻili·ahi	W	candidate		11	match	0	0	ʻili: skin; peel, bark, rind; hide, leather; surface;	ahi: fire (oxidation reaction)	sandalwood (Santalum); sandalwood (Santalum); forest sandalwood (Santalum freycinetianum) (tree and wood)							
49	mokuhonua	moku·honua	W	candidate		9		6	1	moku: to be broken off, to be severed, to be amputated	honua: land; earth; world; basic, fundamental	continent							
50	kinoea	kino·ea	W	candidate		9		2	0	kino: body; form; person, self; person; main portion;	ea: sovereignty, rule; air, breath; gas, vapor, fume	gas; gaseous							
51	wahaheʻe	waha·heʻe	W+A	candidate	homograph root: sense unresolved	9		1	0	waha: mouth	heʻe: ?octopus	to lie (tell an untruth); lying, deceitful; lie; liar	wahahee [Waha, mouth, and hee, slippery.]	To lie; to speak falsely; to deceive in speaking.					
52	kapakahi	kapa·kahi	W+A	candidate		9		0	0	kapa: rim, edge; tapa	kahi: one, single; some	one-sided, crooked, lopsided, sideways, bent, askew; biased; partial to one side; to show favoritism	kapakahi [Kapa, side, and kahi, one.]	1. One-sided; uneve-n; crooked. 2. Partial to one party to the injury of an-  other: lawe kapakahi, to act with partiality.					
53	moehewa	moe·hewa	W+A	candidate		9		0	0	moe: to sleep; to lie down; to die; to ambush; to mar	hewa: mistake; sin; fault, guilt; wrong; sinful, wicke	to figit, talk, or walk in one's sleep; to have a nightmare	moehewa [Moe, sleep, and hewa, wrong.]	To be  disturbed in one's sleep; to talk in sleep; to get up and do things in sleep.					
54	pōʻailani	pōʻai·lani	W	candidate		9		0	0	pōʻai: to coil up; to encircle; to go around, to circul	lani: sky, heavens, firmament; heaven; air; majesty, v	horizon							
55	kaumokuʻāina	kau·mokuʻāina	W	candidate	homograph root: sense unresolved	8		176	0	kau: ?season; period of time, lifetime; semester, term	mokuʻāina: state, district, province; island	country							
56	naʻauao	naʻau·ao	W+A	candidate		8		45	0	naʻau: guts, intestines; mind, heart	ao: light; daylight; day; dawn	enlightened, intelligent, wise; wisdom, intelligence	naauao [Naau, mind, and ao, clear.]	Wise; know- ing; learned; enlightened; hav- ing the skill or art of thinking and planning well.					
57	naʻaupō	naʻau·pō	W+A	candidate		8		3	0	naʻau: guts, intestines; mind, heart	pō: night, period of darkness after the evening; day	ignorant; ignorance; ignoramus	naaupo [Naau, mind, and po, night.]	Ignorance; dark- ness of mind; lack of intelligence or instruction; a cloudy mind. Naaupo na'-Su-po'), v. To be dark- hearted; to be ignoran					
58	ʻoihana	ʻoi·hana	W+A	candidate		7		716	0	ʻoi: sharp; acute; sharpness; sharp	hana: work, labor, job, employment, occupation, duty,	occupation, trade, job; employment, career, service; industry, business; activities, customs; department, agency. office	oihana [Oi, principal, and hana, work.]	1. A spe- cial duty or business; the work peculiar to one; an occupation; a trade. 2. An observance; cus- tom; ministry; labor; calling; of-					
59	anapuni	ana·puni	W	candidate		7		4	0	ana: measurement; dimension; pattern, design; model,	puni: surrounded, enclosed; controlled; overcome (by e	boundary; circumference, perimeter; to encircle							
60	helekū	hele·kū	W	candidate		7		0	0	hele: to walk, move; to be mobile; to become	kū: to stand, to rise; to stop, to halt; to anchor,	to walk upright							
61	mokuluʻu	moku·luʻu	W	candidate		7		0	0	moku: to be broken off, to be severed, to be amputated	luʻu: to dive, plunge or dip onself, to immerse; to du	submarine							
62	kulanui	kula·nui	W	candidate	Wiktionary writes it as two words	6		247	156	kula: school	nui: plenty, a lot, size, dimension, number, area; gr	university; college							
63	anawaena	ana·waena	W+A	candidate		6		4	0	ana: measurement; dimension; pattern, design; model,	waena: middle	diameter	anawaena [Ana, measure, and waena, middle.]	A line passing through the center of a circle, and terminated at the cir- cumference; diameter.					
64	pauaho	pau·aho	W+A	candidate		6		0	0	pau: finished, done; destroyed; all	aho: breath; to breathe	out of breath, winded; faint of heart, discouraged	pauaho [Pau, all, and aho, breath.]	1. To be out of breath. 2. To be discouraged; to give up the pursuit of a thing; to forsake it. 3. To be faint- hearted; to be discouraged.					
65	paukikī	pau·kikī	W	candidate		6		0	0	pau: finished, done; destroyed; all	kikī: to flow swiftly; to spout, to spurt	fast, speedy; speed							
66	ʻauinapō	ʻauina·pō	W	candidate		6		0	0	ʻauina: slope, decline, descent; gradient	pō: night, period of darkness after the evening; day	midnight, late night							
67	hoʻokolohua	hoʻokolo·hua	W	candidate		5		30	0	hoʻokolo: to make crawl; to track, to trace (to a source);	hua: fruit; egg; seed, grain; result, effect	experiment; to experiment							
68	paʻikiʻi	paʻi·kiʻi	W	candidate		5		0	12	paʻi: to hit; to slap, to spank; to clap; to print; to	kiʻi: a picture, image, drawing, photograph, illustrat	photograph							
69	hōkūnaʻi	hōkū·naʻi	W	candidate		5		4	0	hōkū: star (luminous celestial body)	naʻi: to conquer, take by force; conqueror	asteroid							
70	aumiki	au·miki	W+A	candidate	homograph root: sense unresolved	5		0	0	au: era, period of time; current (water); movement;	miki: ?to suck in; to shrink, to shrivel; to contract;	rip current	aumiki [Au, gall and miki, to act quickly.]	A water especially prepared to counteract the unpleasant results of drinking awa [a drink made from the awa root]. It consists of the best s					
71	lokoʻino	loko·ʻino	W+A	candidate		5		0	0	loko: pond, lake; interior, inside; interior (of an is	ʻino: hate, sin; storm; bad, wicked; foul, rotten, sme	an evil disposition, a lack of kindness; to act vilely, to deal malevolently, to exhibit a bad disposition; careless, sl	lokoino [Loko, within, and Ino, bad.]	An evil disposi- tion; destitute of kindness.					
72	wilipuaʻa	wili·puaʻa	W	candidate		5		0	0	wili: to bore, to drill, to screw; to twist, to wring;	puaʻa: pig, hog, swine; pork; a general name for any in	corkscrew, auger							
73	ʻahamaka	ʻaha·maka	W	candidate		5		0	0	ʻaha: sennit (coconut husk fiber); cord of braided sen	maka: eye (organ); face; bud; beloved one; mesh of a n	hammock (as of tapa, fastened to the manuea, center support of a house)							
74	kiʻiʻoniʻoni	kiʻi·ʻoniʻoni	W	candidate		4		287	495	kiʻi: a picture, image, drawing, photograph, illustrat	ʻoniʻoni: to go or move back and forth, to wiggle, to jigg	movie, moving picture, film							
75	ʻahamele	ʻaha·mele	W	candidate	Wiktionary writes it as two words	4		2	14	ʻaha: meeting, gathering, assembly	mele: chant, song, poem; to sing, chant; to be merry	concert; yellow-spotted needlefish							
76	ahupuaʻa	ahu·puaʻa	W+A	candidate		4		4	0	ahu: heap, pile, mound; cairn, altar, shrine	puaʻa: pig, hog, swine; pork; a general name for any in	a wedge-shaped land subdivision of ancient Hawaii which extended from the mountains to the sea	ahupuaa [Ahu, collection, and puaa, hog.]	1. One of the smaller divisions of a kalana or district, made up of sev- eral ili, small districts, and under the care of a head man; a hog					
77	anamanaʻo	ana·manaʻo	W	candidate		4		2	1	ana: measurement; dimension; pattern, design; model,	manaʻo: thought, idea; meaning; concept; to think, to co	survey, poll; to survey, to poll							
78	kahaone	kaha·one	W	candidate		4		0	1	kaha: place	one: sand; silt	a beach covered with sand							
79	hulipoepoe	huli·poepoe	W	candidate		4		0	0	huli: to turn; to reverse; to change one's manner or t	poepoe: round, rounded; compact, compressed; sphere, glo	globe (model of the Earth)							
80	manuhelekū	manu·helekū	W	candidate		4		0	0	manu: bird (animal)	helekū: to walk upright	penguin							
81	manaʻoʻiʻo	manaʻo·ʻiʻo	W+A	candidate	homograph root: sense unresolved	3		21	2	manaʻo: thought, idea; meaning; concept; to think, to co	ʻiʻo: ?flesh; meat; flesh and blood; muscle; essence, s	faith, confidence; to believe	manaoio [Manao, think, and io, real; substantial.]	To believe; to credit what one says. To have confidence in. Same as manao oiaio, to think to be truth or true.					
82	hauʻoli	hau·ʻoli	W	candidate	homograph root: sense unresolved	3	match	19	0	hau: ?dew; ice, snow, frost; cool breeze; cool, cold;	ʻoli: joy, happiness, pleasure; happy, joyful, gay	happiness, joy; happy							
83	lokomaikaʻi	loko·maikaʻi	W	candidate		3		14	0	loko: pond, lake; interior, inside; interior (of an is	maikaʻi: goodness, wellness; good looking; to be well, fi	good will; generosity; grace; kind, humane; gracious, obliging, generous; benevolent, beneficent							
84	uluwehi	ulu·wehi	W	candidate		3		1	0	ulu: growth; grove; flock; to grow	wehi: decoration, ornament; to decorate	lush growth							
85	ʻaumakua	ʻau·makua	W	candidate		3	match	1	0	ʻau: handle; staff; stem; stalk; shaft; bone (of lowe	makua: elder; parent	family god							
86	ahimakani	ahi·makani	W	candidate		3		0	0	ahi: fire (oxidation reaction)	makani: wind; ghost; to be windy; to blow	gasoline							
87	haupia	hau·pia	W	candidate		3		0	0	hau: dew; ice, snow, frost; cool breeze; cool, cold;	pia: Polynesian arrowroot (Tacca leontopetaloides); s	haupia (traditional pudding made with starch and coconut cream)							
88	pānini	pā·nini	W	candidate		3		0	0	pā: fence, wall, enclosure; pen, sty	nini: fence, line of stones	cactus							
89	maʻalahi	maʻa·lahi	W	candidate		2		146	0	maʻa: custom, habit; sling (weapon); accustomed, famil	lahi: thinness, frailty	ease, simplicity; easy; simple							
90	akeakamai	ake·akamai	W+A	candidate		2		42	0	ake: liver (organ of the body); to yearn for, desire	akamai: intelligence, wit; intelligent, smart, clever	one who seeks knowledge, philosopher, philosophy, scientist, science; scientific	akeakamai [Ake, desire, and akamai, skill.]	A lover of wisdom; a philosopher.					
91	heʻenalu	heʻe·nalu	W+A	candidate	Wiktionary writes it as two words	2		2	18	heʻe: to slide, to surf, to slip, to flee; to melt, to	nalu: wave; surf; to form waves	surf	heenalu [Hee and nalu, the surf.]	Surfing, the an- cient and modern pastime of rid- ing on a surf-board.					
92	anilā	ani·lā	W	candidate		2		6	0	ani: to blow softly (as a breeze); to beckon; wave	lā: day, cycle of 24 hours	weather							
93	kahikolu	kahi·kolu	W	candidate		2		3	0	kahi: one, single; some	kolu: three; third	three-in-one							
94	wilikī	wili·kī	W	candidate		2		3	0	wili: to bore, to drill, to screw; to twist, to wring;	kī: key	engineer							
95	lolouila	lolo·uila	W	candidate		2		0	1	lolo: brain; bone marrow; coconut heart or coconut app	uila: lightning; electricity; electric	computer							
96	akemāmā	ake·māmā	W+A	candidate		2	match	0	0	ake: liver (organ of the body); to yearn for, desire	māmā: lightness, state of little weight; ease, state o	lung	akemama [Ake, one of the internal vital organs, and mama, not heavy.]	1. The lungs. 2. The organs of respira- tion. Also called akemakani and akepahoola.					
97	aouli	ao·uli	W	candidate		2		0	0	ao: cloud	uli: having any dark color (blue, green, black, etc.)	firmament, sky							
98	monakō	mona·kō	W	candidate		2		0	0	mona: fat (specialized animal tissue); fat (carrying a	kō: sugar cane (Saccharum officinarum)	glucose							
99	pūkonakona	pū·konakona	W	candidate		2		0	0	pū: tree, cluster of several stalks; cluster, clump	konakona: rough, uneven; muscled, muscular	muscular, husky; strong, mighty, tough							
100	ʻikepili	ʻike·pili	W	candidate		1		84	1	ʻike: sight; knowledge; to see; to know	pili: black speargrass (Heteropogon contortus); shingl	data							
101	pāleo	pā·leo	W+A	candidate		1		5	0	pā: to touch, strike, hit (as by a stone), tag, affe	leo: voice; sound; command; verbal message; to speak;	to converse, to chat; to rap, to speak lyrics rhythmically usual of hip-hop music.; phonograph record	paleo [Pa and leo, voice.]	1. To converse together, as several persons; to utter or express something with the voice. 2. To dispute or debate.					
102	kanikau	kani·kau	W+A	candidate		1		3	0	kani: cry, moan; crow (of a rooster); peal, jingle, ti	kau: sacred chant; to chant	lamentation, dirge; to lament, mourn	kanikau [Kani, to sound, and kau, a song.]	1. To mourn for the loss of friends. To lament; to bewail; as for the dead. 2. To compose a dirge, or to sing one extemporaneously. To com-					
103	ʻauinalā	ʻauina·lā	W	candidate		1		1	0	ʻauina: slope, decline, descent; gradient	lā: sun, sun’s heat; sunny, solar	afternoon (time of day when the sun is setting)							
104	pāleoleo	pā·leoleo	W	candidate		1		0	0	pā: to touch, strike, hit (as by a stone), tag, affe	leoleo: to speak loudly or vociferously	to rap, to speak lyrics rhythmically usual of hip-hop music.							
105	waiūhakuhaku	waiū·hakuhaku	W	candidate		1		0	0	waiū: milk	hakuhaku: lumpy	cottage cheese							
106	kinipōpō	kini·pōpō	W	candidate		0		33	0	kini: the best marble in a game of marbles	pōpō: ball, wad; loaf (of bread); bunch, cluster (of f	ball; ball game (any sport involving chasing after a ball)							
107	kūlana	kū·lana	A	candidate		45	match	591	0	kū: to stand, to rise; to stop, to halt; to anchor,	lana: floating, buoyant, adrift; calm, still (water);	position, situation; site, patch; stance, attitude; condition, status; station, rank	kulana [Ku, to stand, and lana, to float.]	1. A place where many things are collected together, as a village, a garden; a meeting or collection of per- sons: e hele ana oukou i hea? E					
108	kūʻē	kū·ʻē	A	candidate	homograph root: sense unresolved	43	match	104	0	kū: to stand, to rise; to stop, to halt; to anchor,	ʻē: ?The name of the Latin script letter E/e.	to oppose; to resist	kue [Ku, to stand, and e, opposite.]	1. To be opposed; to be contrary; to be against; to re- sist; to act contrary to authority. See hookue.					
109	puʻuwai	puʻu·wai	A	candidate	homograph root: sense unresolved	32		120	0	puʻu: any geological protuberance like hill, mound; pi	wai: ?water, especially of fresh sources	heart	puuwai [Puu, a swelling, a bunch, and wai, liquid.]	1. The heart. (The ancient Ha- waiians supposed that there was nothing but water in the heart, hence the name puuwai.) 2. Food of different					
110	lauleʻa	lau·leʻa	A	candidate	homograph root: sense unresolved	19		0	0	lau: ?leaf; frond; greens	leʻa: pleasing, delightful; pleased, delighted; happy,	peace, happiness; happy, glad, peaceful	laulea [Lau and lea, pleasure; joy.]	Peace; friendship; satisfaction with a person or thing after having experienced dislike.					
111	lauhala	lau·hala	A	candidate		17	differs: lau hala	2	0	lau: leaf; frond; greens	hala: screw pine, pandanus (Pandanus tectorius)	A screwpine leaf, especially when used in plaiting.	lauhala [Lau, leaf, and hala, the pandanus.]	1. A pan- danus leaf. 2. A pandanus tree.					
112	kahakai	kaha·kai	A	candidate		14	match	54	0	kaha: to cut open, to slice lengthwise; to operate on;	kai: sea; seawater, the salt water of a sea or ocean;	seashore, seaside, coast; sandy shore, beach	kahakai [Kaha, mark, and kai, sea.]	1. The sea- shore. 2. The region of country bordering on the sea.					
113	kōkala	kō·kala	A	candidate	homograph root: sense unresolved	14	match	0	0	kō: ?sugar cane (Saccharum officinarum)	kala: ?horn, spike, thorn; sharkskin; surgeonfish	porcupine fish (Diodon hystrix, Diodon holocanthus, Chilomycterus affinis); thorns on the edge of a pandanus or pineappl	kokala [Ko and kala, a fish.]	1. The sharp thorns on the back of the kala fish. 2. The dorsal fins of any fish. 3. A young kala fish.					
114	huakaʻi	hua·kaʻi	A	candidate		13		160	0	hua: fruit; egg; seed, grain; result, effect	kaʻi: to lead; to lift up and carry; to train, to coac	trip, journey	huakai [Hua, foam, and kai, sea.]	To make white, as the foam on the crest of a breaker or wave.					
115	lapuwale	lapu·wale	A	candidate		12		1	0	lapu: ghost; phantom, apparition; haunted; to haunt	wale: any bodily secretion or mucus including phlegm,	vanity; good-for-nothing; worthless	lapuwale [Lapu, ghost, and wale, only.]	1. To be only a ghost; to be not real; to be something not according to ap- pearance; hence, 2. To be worth- less; to be only a lapu. 3. To					
116	aumoe	au·moe	A	candidate		12	match	0	0	au: era, period of time; current (water); movement;	moe: to sleep; to lie down; to die; to ambush; to mar	midnight, late night	aumoe [Au, time, and moe, to sleep.]	The time when the world is asleep; night. Specific- ally, midnight.					
117	moʻopuna	moʻo·puna	A	candidate		11	match	21	0	moʻo: lizard, dragon, serpent	puna: spring (water source); coral, lime, plaster	grandchild, grandniece, grandnephew	moopuna [Moo, succession, and puna, springing up, as water.]	A grandchild; posterity generally. (Descendants were I counted as follows: 1st, makua, ; parent; 2d, keiki, child; 3d, moo- I puna kuakahi,					
118	paʻakīkī	paʻa·kīkī	A	candidate	homograph root: sense unresolved	11		4	0	paʻa: solid; firm, fast, permanent	kīkī: ?to shoot; to spout	hard, difficult	paakiki [Paa, solid, and kiki, intensive, very, exceedingly.]	1. To be very hard, as a stone or any solid substance. 2. Fig. Applied to the will, to be obstinate; to be self-willed; to be disobedient; t					
119	hōkūhele	hōkū·hele	A	candidate	Wiktionary writes it as two words	10		1	73	hōkū: star (luminous celestial body)	hele: to walk, move; to be mobile; to become	alternative form of hōkū hele	hokuhele [Hoku and hele, to move.]	Same as ho- kuaea, a planet.					
120	hālana	hā·lana	A	candidate	homograph root: sense unresolved	9		1	0	hā: ?four; fourth	lana: floating, buoyant, adrift; calm, still (water);	to overflow	halana [Ha, participle, and lana, to float.]	1. To overflow, as water. 2. To flood.					
121	pākū	pā·kū	A	candidate		9	match	0	0	pā: fence, wall, enclosure; pen, sty	kū: to stand, to rise; to stop, to halt; to anchor,	partition, screen, curtain; shield, defense	paku [Pa, a wall, and ku, to stand.]	To partition off, to guard; to defend; to shield one from harm: manao iho la au e haliu ae i ko kakou Haku me ka i aku, e paku mai oe ia'u;					
122	alakaʻi	ala·kaʻi	A	candidate		8	match	329	0	ala: way, path, road	kaʻi: to lead; to lift up and carry; to train, to coac	to lead, to guide, to direct; guide, conductor; leader, director	alakai [Ala, road, and kai, to lead.]	A leader; conductor; guide; precedence.					
123	manaʻolana	manaʻo·lana	A	candidate		8		14	0	manaʻo: thought, idea; meaning; concept; to think, to co	lana: floating, buoyant, adrift; calm, still (water);	hope; to hope	manaolana [Manao, thought, and lana, to float.]	1. To be buoyed up, as the mind; not to sink, in opposition to manao poho, to sink; to despond; hence, 2. To hope; to trust in; to expect.					
124	kahahānai	kaha·hānai	A	candidate	homograph root: sense unresolved	7		1	0	kaha: ?to cut open, to slice lengthwise; to operate on;	hānai: foster child, adopted child; to feed, care for,	radius	kahahanai [Kaha, a knot, and hanai]	1. The string that secures the upper part of the koko (net-work which surrounds a calabash). 2. [Mod.] The radius of a circle.					
125	ʻōhewa	ʻō·hewa	A	candidate		7		0	0	ʻō: special planted stick for husking coconuts; pin,	hewa: mistake; sin; fault, guilt; wrong; sinful, wicke	incoherent, drunk	ohewa [O, to pierce, and hewa, wrong.]	To stab at a  person or thing, missing the mark.					
126	lawehala	lawe·hala	A	candidate	homograph root: sense unresolved	5		8	1	lawe: bearer; to transport, carry, take, bring; to und	hala: ?sin; error; to sin; to err; to miss; to pass, el	evil; malevolence; sin; delinquency; offense (of the law); to sin; to make an offense	lawehala [Lawe, to bear, and hala, an offense.]	1, To carry or bear guilt, that is, to commit an offense. 2. To transgress; to be morally wrong.					
127	lāhui	lā·hui	A	candidate		3	match	348	0	lā: day, cycle of 24 hours	hui: club, organization; company, firm; combination;	race, nation, tribe, people, nationality; to assemble, gather together; to prohibit, forbid, lay a taboo, proclaim a law	lahui [La, day, and hui, to unite.]	1. A time of com- ing together; hence, 2. An assem- blage; a company; a union of many. 2. People; tribe; nation.					
128	haʻiinoa	haʻi·inoa	A	candidate		1		0	1	haʻi: to break, to snap; break, fracture	inoa: name; term; title; ellipsis of mele inoa (“name	noun	haiinoa [Hal, to declare, and inoa, name.]	A noun.					
129	kūpaʻa	kū·paʻa	A*	candidate		56		24	2	kū: to stand, to rise; to stop, to halt; to anchor,	paʻa: solid; firm, fast, permanent		kupaa [Ku, to stand, and paa, fast.]	1. To stand fast or firmly, as a material object. 2. To stand fast morally; to con- tinue constant, as a person intent upon his purpose; e h					
130	kūlele	kū·lele	A*	candidate		50		0	0	kū: to stand, to rise; to stop, to halt; to anchor,	lele: to jump, leap, hop, skip; to fly; to swing, boun		kulele [Ku, to stand, and lele, to fly.]	1. To drive or scatter away, as some light or small thing; to drive away, as with a puff of wind; kulele ka makani. 2. To cause to lele or f					
131	kūhao	kū·hao	A*	candidate	homograph root: sense unresolved	46		0	0	kū: to stand, to rise; to stop, to halt; to anchor,	hao: ?iron; general name for metal tools; a bit; brand		kuhao [Ku, to stand, and hao, firm, tight.]	1. To stand; to stand alone. 2. To stand alone morally.					
132	kūhewa	kū·hewa	A*	candidate	homograph root: sense unresolved	45		1	0	kū: ?to stand, to rise; to stop, to halt; to anchor,	hewa: mistake; sin; fault, guilt; wrong; sinful, wicke		kuhewa [Ku, to be hit, and hewa, wrongly or unwittingly.]	1. To be hit or seized j upon without previous warning. I 2. To be hit by mistake, as in missing a mark aimed at and hit- ting something asi					
133	kūmaka	kū·maka	A*	candidate	homograph root: sense unresolved	44		2	0	kū: ?to stand, to rise; to stop, to halt; to anchor,	maka: eye (organ); face; bud; beloved one; mesh of a n		kumaka [Ku, to be hit, and maka, the eye.]	1. To know certainly; to apprehend ful- ly: e ike maopopo, e ike lea; ike maka, know by sight. 2. To be in sight of.					
134	kūea	kū·ea	A*	candidate	homograph root: sense unresolved	43		0	0	kū: ?to stand, to rise; to stop, to halt; to anchor,	ea: sovereignty, rule; air, breath; gas, vapor, fume		kuea [Ku, a rising, and ea, dust raised by the wind.]	1. A cloud of dust; dust storm. 2. A person whose move- ments resemble a whirlwind.					
135	kūpuni	kū·puni	A*	candidate	homograph root: sense unresolved	43		0	0	kū: to stand, to rise; to stop, to halt; to anchor,	puni: ?surrounded, enclosed; controlled; overcome (by e		kupuni [Ku, to stand, and puni, around.]	To stand around; to surround, as an enemy.					
136	kūpoepoe	kū·poepoe	A*	candidate	homograph root: sense unresolved	42		0	0	kū: ?to stand, to rise; to stop, to halt; to anchor,	poepoe: round, rounded; compact, compressed; sphere, glo		kupoepoe [Ku, to fit, and poepoe, round.]	1. To be fitted round, that is, well fur- nished, as one wearing much tapa. 2. To have much property. 3. To be fully furnished.					
137	kūpua	kū·pua	A*	candidate		42	differs: kupua	0	0	kū: to stand, to rise; to stop, to halt; to anchor,	pua: flower; progeny, child; young (of fish, etc); ar		kupua [Ku, stand and pua, a collection of individuals, group, flock, etc.]	To stand to- gether; to stand united; to be brought together, as single persons or things are formed into a single mass, group or flock.					
138	kūpono	kū·pono	A*	candidate		41	match	93	4	kū: to stand, to rise; to stop, to halt; to anchor,	pono: righteousness; morality, goodness, excellence; c		kupono [Ku, to stand or to fit, and pono, right.]	To be right or to act uprightly; to be just; to be true. 2. To fit; to be fit; to be adapted to a purpose. Kupou (ku'-po'u), V. To bend or b					
139	kūkala	kū·kala	A*	candidate	homograph root: sense unresolved	41	match	3	0	kū: to stand, to rise; to stop, to halt; to anchor,	kala: ?horn, spike, thorn; sharkskin; surgeonfish		kukala [Ku, to stand, and kala, to call out.]	To pro- claim publicly.					
140	kūihu	kū·ihu	A*	candidate	homograph root: sense unresolved	41		0	0	kū: ?to stand, to rise; to stop, to halt; to anchor,	ihu: nose (organ of the face); snout, trunk (of an el		kuihu [Ku, to set up, ka, the, and ihu, nose.]	To turn up the nose; a phrase signifying contempt.					
141	kūkahiki	kū·kahiki	A*	candidate	homograph root: sense unresolved	41		0	0	kū: ?to stand, to rise; to stop, to halt; to anchor,	kahiki: foreign country		kukahiki [Ku, reaching, a, to or unto, and kahiki, distant country.]	1. Something afar off in another land; I kuaka- hiki ka pule; Let the prayer reach unto kahiki (a far away place). 2. Something done so long					
142	kūkapu	kū·kapu	A*	candidate	homograph root: sense unresolved	41		0	0	kū: ?to stand, to rise; to stop, to halt; to anchor,	kapu: ?taboo, prohibition; something sacred or holy, an		kukapu [Ku, to be, and kapu, chaste.]	1. To be chaste; to be inviolate. 2. To be set apart.					
143	kūkia	kū·kia	A*	candidate		41		0	0	kū: to stand, to rise; to stop, to halt; to anchor,	kia: pillar, post; mast, spar; nail, spike; snare, tr		kukia [Ku, to stand, and kia, a pillar.]	1. To stand up, as a pillar. 2. To stand firm; to be steady in purpose; to be not easily moved.					
144	kūʻau	kū·ʻau	A*	candidate		41	match	0	0	kū: to stand, to rise; to stop, to halt; to anchor,	ʻau: to swim, travel by sea; to jut out, project		kuau [Ku, stand, a, j and au, swim.]	Place in the sea I inside of a reef where one may ' either stand or swim,					
145	kūloko	kū·loko	A*	candidate	homograph root: sense unresolved	40		52	0	kū: ?to stand, to rise; to stop, to halt; to anchor,	loko: pond, lake; interior, inside; interior (of an is		kuloko [Ku, pertaining to, and loko, the inner part.]	Relating to affairs within; concerning things inside, not be- yond; relating to internal or home affairs; opposite of kuwaho.					
146	kūheu	kū·heu	A*	candidate		40		0	0	kū: to stand, to rise; to stop, to halt; to anchor,	heu: down, fuzz; fine spines in sugarcane or cactus;		kuheu [Ku, stand, and heu, short fine hair. Literally, the fur stands up.]	To show anger by one's demeanor.					
147	kūhihi	kū·hihi	A*	candidate		40		0	0	kū: to stand, to rise; to stop, to halt; to anchor,	hihi: to entangle, to intertwine; to intermingle; to c		kuhihi [Ku, to stand, and hihi, thick together.]	1. To stand erect, as the hair. 2. To have the hair standing erect, as a person. 3. To be rude or wild. 4. To shudder; to feel the sensation					
148	kūkuli	kū·kuli	A*	candidate		40		0	0	kū: to stand, to rise; to stop, to halt; to anchor,	kuli: knee		kukuli [Ku, stand, and kuli, the knee.]	1. To kneel; to bow the knee. To kneel in reverence: Kukuli hoomaikai, to kneel in prayer; to worship. 2. To crouch; to lie down, as a beast					
149	kūola	kū·ola	A*	candidate		40		0	0	kū: to stand, to rise; to stop, to halt; to anchor,	ola: existence; life; health; livelihood; exist; aliv		kuola [Ku, to stand, and ola, life.]	1. To stand alive and safe; to escape some great danger. 2. To be without a scar or blemish after hostile encounter.					
150	kūkaʻawale	kū·kaʻawale	A*	candidate		39		0	4	kū: to stand, to rise; to stop, to halt; to anchor,	kaʻawale: to separate; to isolate, to reserve; to withdraw		kukaawale [Ku, to stand, and kaawale, alone; apart.]	To stand by one's self; to stand alone.					
151	kūʻēʻē	kū·ʻēʻē	A*	candidate	homograph root: sense unresolved	39		1	0	kū: to stand, to rise; to stop, to halt; to anchor,	ʻēʻē: ?peculiar; contrary, opposite		kuee [Ku, to stand, and ee, with a meaning stronger than e.]	1. To disagree; to con- tend in words. 2. To do contrary to; to oppose. 3. To rise up against; to attack. 4. To bicker; to quarrel.					
152	kūemi	kū·emi	A*	candidate		39		0	0	kū: to stand, to rise; to stop, to halt; to anchor,	emi: to diminish, to reduce, to decrease, to become s		kuemi [Ku, to stand, and emi, to shrink back.]	To stand or retreat, as from some- thing feared.					
153	kūhea	kū·hea	A*	candidate	homograph root: sense unresolved	39		0	0	kū: ?to stand, to rise; to stop, to halt; to anchor,	hea: to call; to name		kuhea [Ku and hea, to call.]	1. To call; to cry aloud; to make a noise; to call out. See kahea. 2. To shout.					
154	kūhepa	kū·hepa	A*	candidate	homograph root: sense unresolved	39		0	0	kū: ?to stand, to rise; to stop, to halt; to anchor,	hepa: idiot, imbecile		kuhepa [Ku and hepa, false.]	1. To be untrust- worthy; to be uncertain what one will do, as a servant or neighbor. 2. To break one's word; to de- ceive. 3. To trifle in					
155	kūkaha	kū·kaha	A*	candidate	homograph root: sense unresolved	39		0	0	kū: to stand, to rise; to stop, to halt; to anchor,	kaha: ?to cut open, to slice lengthwise; to operate on;		kukaha [Ku, to stand, and kaha, to turn away.]	To stand sideways: e ku ewa ae ma ke kua, to stand aslant, as in yielding room for passing.					
156	kūkapakahi	kū·kapakahi	A*	candidate		39		0	0	kū: to stand, to rise; to stop, to halt; to anchor,	kapakahi: one-sided, crooked, lopsided, sideways, bent, as		kukapakahi [Ku, to stand, and kapakahi, sideways.]	1. To stand bent over; to stand leaning sideways. 2. To stand awry; to stand out of square.					
157	kūlehu	kū·lehu	A*	candidate		39		0	0	kū: to stand, to rise; to stop, to halt; to anchor,	lehu: ash (of colour and substance); grey		kulehu [Ku, to stand, and lehu, ashes.]	To place in ashes; to cook by the heat of ashes. To roast in the fire or hot ashes. See pulehu,					
158	kūlālā	kū·lālā	A*	candidate		39		0	0	kū: to stand, to rise; to stop, to halt; to anchor,	lālā: branch, bough; frond (of coconut); limb; timber		kulala [Ku, stand, and lala, branch or twig of a tree.]	Any plant propagated by slips or scions.					
159	kūnae	kū·nae	A*	candidate	homograph root: sense unresolved	39		0	0	kū: to stand, to rise; to stop, to halt; to anchor,	nae: ?shortness of breath; to be short of breath; to p		kunae [Ku, stand, and nae, difficulty in breathing.]	To stand or move about in order to gain relief from any disease caus- ing hard breathing.					
160	kūnihi	kū·nihi	A*	candidate		39		0	0	kū: to stand, to rise; to stop, to halt; to anchor,	nihi: Lānaʻi form of lihi (“edge”)		kunihi [Ku, to stand, and nihi, to turn edgeways.]	1. To turn a thing edgeways; to set up on edge; to lay on one side; to stand up prominently, as a ridge of uncut hair on the head. 2. To sta					
161	kūnānā	kū·nānā	A*	candidate		39		0	0	kū: to stand, to rise; to stop, to halt; to anchor,	nānā: to look, observe		kunana [Ku, stand, and nana, to look at.]	To stand looking about; to stand and watch,					
162	kūākea	kū·ākea	A*	candidate		39	differs: kuakea	0	0	kū: to stand, to rise; to stop, to halt; to anchor,	ākea: wide, broad; spacious; public; liberal; width, b		kuakea [Ku, stand and akea.]	To stand openly; to be public.					
163	kūʻehu	kū·ʻehu	A*	candidate	homograph root: sense unresolved	39		0	0	kū: ?to stand, to rise; to stop, to halt; to anchor,	ʻehu: ?spray, foam, mist, seaspray; dust, dusty; pollen		kuehu [Ku and ehu, to drive away.]	1. To drive away. 2. To stir up; to make turbid, as water. 3. To shut off, as water running over land. 4. To shake off as dust from a mat. 5					
164	makawai	maka·wai	A*	candidate		38		0	0	maka: eye (organ); face; bud; beloved one; mesh of a n	wai: water, especially of fresh sources		makawai [Maka, eye, and wal, water.]	Watery- eyed; near-sighted.					
165	waipaʻa	wai·paʻa	A*	candidate		37		0	0	wai: water, especially of fresh sources	paʻa: solid; firm, fast, permanent		waipaa [Wal, water, and paa, fast; hard.]	Ice; hard water, that is, frozen water.					
166	makapaʻa	maka·paʻa	A*	candidate		34		0	0	maka: eye (organ); face; bud; beloved one; mesh of a n	paʻa: solid; firm, fast, permanent		makapaa [Maka, eyes, and paa, fast.]	One with closed eyes; a blind person. Syn: Makapo.					
167	kumuwai	kumu·wai	A*	candidate		33		1	0	kumu: teacher; basis, foundation; source, cause	wai: water, especially of fresh sources		kumuwai [Kumu, beginning, and wal, water.]	A  water spring; a fountain; the head of a water course or stream.					
168	wailele	wai·lele	A*	candidate		31		8	0	wai: water, especially of fresh sources	lele: to jump, leap, hop, skip; to fly; to swing, boun		wailele [Wai, water, and lele, to jump; to fly.]	A cat- aract; a waterfall.					
169	waikai	wai·kai	A*	candidate		29		0	1	wai: water, especially of fresh sources	kai: sea; seawater, the salt water of a sea or ocean;		waikai [Wai, water, and kai, sea.]	Brackish water; any saltish fluid.					
170	kahuwai	kahu·wai	A*	candidate	homograph root: sense unresolved	28		0	0	kahu: ?keeper, guardian, caretaker; an honored attendan	wai: water, especially of fresh sources		kahuwai [Kahu and wai, water.]	1. One who has the charge or oversight of the division of water. 2. See kahawai.					
171	kuapaʻa	kua·paʻa	A*	candidate		28		0	0	kua: back; back; rear; burden; to carry on the back,	paʻa: solid; firm, fast, permanent		kuapaa [Kua, back, and paa, hard.]	1. To harden the back, that is, to be hard upon one; to oppress. 2. To be com- pelled to do; to be under a mas- ter.					
172	papalua	papa·lua	A*	candidate	homograph root: sense unresolved	28		0	0	papa: ?board, lumber; flat surface, layer; foundation;	lua: two; second; double; duplicate; companion; a tra		papalua [Papa, a story of a house, and lua, two.]	The second story or floor of a building.					
173	laulele	lau·lele	A*	candidate		27		0	0	lau: leaf; frond; greens	lele: to jump, leap, hop, skip; to fly; to swing, boun		laulele [Lau, leaf, and lele, to spring.]	1. The plant or leaf of a kind of turnip used for food. 2. The dandelion. 3, A net used for fishing in shallow waters and operated with feet					
174	wailana	wai·lana	A*	candidate		26		1	0	wai: water, especially of fresh sources	lana: floating, buoyant, adrift; calm, still (water);		wailana [Wai, water, and lana, to float.]	1. Still, calm water; a quiet place in the ocean. 2. A state of banishment from society. 3. One cast out for bad conduct.					
175	halekaua	hale·kaua	A*	candidate		26		0	0	hale: house, building; institution; lodge; station, ha	kaua: a war, battle, army; to fight; to go to war		halekaua [Hale, house, and kaua, war.]	A fort; a tower; a fortification.					
176	hoaʻai	hoa·ʻai	A*	candidate		26		0	0	hoa: friend, companion, associate, colleague, comrade	ʻai: food; in particular, any food that is not fish;		hoaai [Hoa, companion, and ai, to eat.]	One who eats with another in a friemdly way; a guest at a meal.					
177	kāwai	kā·wai	A*	candidate	homograph root: sense unresolved	26	match	0	0	kā: ?to strike, hit, thrust, dash, hurl (especially w	wai: water, especially of fresh sources		kawai [Ka, preposition, of, belonging, relating to; na, sign of the plural, and wai, water.]	1. Lit. What belongs to the waters, that is, rights of water courses contained almost every- thing the ancient Hawaiians for- merly had in c					
178	poʻowai	poʻo·wai	A*	candidate		26		0	0	poʻo: head; summit; director	wai: water, especially of fresh sources		poowai [Poo, head, and wai, water.]	A fountain head  of water: o ke kahiko poowai o ka a Ikua.					
179	halelāʻau	hale·lāʻau	A*	candidate		25		0	1	hale: house, building; institution; lodge; station, ha	lāʻau: tree, wood; medicine; wooden; medical		halelaau [Hale, house, and laau, wood, timber.]	A wooden house, in distinction from a grass-covered house.					
180	halemoe	hale·moe	A*	candidate		25		0	1	hale: house, building; institution; lodge; station, ha	moe: to sleep; to lie down; to die; to ambush; to mar		halemoe [Hale, house, and moe, to sleep.]	A sleeping house; one of the houses of a Hawaiian householder. Syn: Moe.					
181	hoaʻōlelo	hoa·ʻōlelo	A*	candidate		25		0	1	hoa: friend, companion, associate, colleague, comrade	ʻōlelo: language, speech; word, term; statement; quotati		hoaolelo [Hoa, companion, and olelo, word.]	1. A companion with whom one con- verses. 2. One consulted on busi- ness. 3. A counsellor: o lakou no ko Kamehameha mau hoaolelo no kela mea					
182	kōlua	kō·lua	A*	candidate	homograph root: sense unresolved	25		0	0	kō: ?sugar cane (Saccharum officinarum)	lua: ?two; second; double; duplicate; companion; a tra		kolua [Ko, to be completed, and lua, an excavation.]	To cook food underground. (The Ha- waiians made their ovens under- ground.) See kalua.					
183	pōhakuwai	pōhaku·wai	A*	candidate		25		0	0	pōhaku: stone, rock, mineral; tablet; stony, rocky; stub	wai: water, especially of fresh sources		pohakuwai [Pohaku and wai, water, and kj, to shoot, as a gun.]	A ball or bullet formed anciently from a stone and adapted to a squirt-gun.					
184	halealiʻi	hale·aliʻi	A*	candidate		24		0	51	hale: house, building; institution; lodge; station, ha	aliʻi: a hereditary rank of traditional chief; noble		halealii [Hale, house, and alii, chief.]	A chief's house; a palace. Halealii palaoa, an ivory palace.					
185	huaʻai	hua·ʻai	A*	candidate	Wiktionary writes it as two words	24		1	2	hua: fruit; egg; seed, grain; result, effect	ʻai: food; in particular, any food that is not fish;		huaai [Hua, fruit, and al, to eat.]	Fruit to eat; any fruit that may be eaten as food.					
186	halelana	hale·lana	A*	candidate		24		0	0	hale: house, building; institution; lodge; station, ha	lana: floating, buoyant, adrift; calm, still (water);		halelana [Hale, house, and lana, to float.]	A float- ing house; applied to Noah's ark.					
187	hoaʻāina	hoa·ʻāina	A*	candidate	homograph root: sense unresolved	24		0	0	hoa: ?friend, companion, associate, colleague, comrade	ʻāina: land (earth; country; real estate)		hoaaina [Hoa and aina, land.]	1. A person to whom the hakuaina or konohiki commits the care of his land. 2. A hus- bandman; a tiller of the ground for a konohiki or hakua					
188	hunawai	huna·wai	A*	candidate		24		0	0	huna: particle, speck; crumb, scrap; small, minute; po	wai: water, especially of fresh sources		hunawai [Huna, small part, and wal, water.]	1. A particle of water; spray; mist. 2. Little water.					
189	lokowai	loko·wai	A*	candidate		24		0	0	loko: pond, lake; interior, inside; interior (of an is	wai: water, especially of fresh sources		lokowai [Loko, pond, and wai, water.]	1. A foun- tain. 2. A fresh water lake or pond.					
190	makaʻole	maka·ʻole	A*	candidate		24		0	0	maka: eye (organ); face; bud; beloved one; mesh of a n	ʻole: not, without, lacking; to deny; zero, nothing, n		makaole [Maka, eye, edge, and ole, the eye teeth.]	1. The edge of the eye teeth; epi- thet of the oo; an oo. 2. The be- ginning of a seed growth; the shoot before it develops leaves.					
191	makewai	make·wai	A*	candidate		24	differs: make wai	0	0	make: death; peril; to die; dead; to faint	wai: water, especially of fresh sources		makewai [Make, to desire, and wai, water.]	To be thirsty; to thirst; to desire to drink.					
192	wahapaʻa	waha·paʻa	A*	candidate		24		0	0	waha: mouth	paʻa: solid; firm, fast, permanent		wahapaa [Waha, mouth, and paa.]	A person full of noise in his talk; a raving per- son; a scold; one who talks angrily and furiously: he waha- paa ia; mai hele oe i ka waha-					
193	waiea	wai·ea	A*	candidate		24		0	0	wai: water, especially of fresh sources	ea: sovereignty, rule; air, breath; gas, vapor, fume		waiea [Wai, water,! and ea, breath or life.]	Water of; life; salty water placed at the en-! trance of a temple or heiau to be I used ceremonially by those who i enter; holy water of the					
194	waiau	wai·au	A*	candidate		23		2	0	wai: water, especially of fresh sources	au: era, period of time; current (water); movement;		waiau [Wal, water, and au, current.]	A place where water runs continually; water where one can always bathe.					
195	halekaʻa	hale·kaʻa	A*	candidate		23		0	1	hale: house, building; institution; lodge; station, ha	kaʻa: car (automobile); cart, buggy; vehicle; to roll,		halekaa [Hale, house, and kaa, to roll.]	1. Any carriage with a top or covering. 2. A chariot. 3. A carriage house; a garage.					
196	hualele	hua·lele	A*	candidate		23		0	0	hua: fruit; egg; seed, grain; result, effect	lele: to jump, leap, hop, skip; to fly; to swing, boun		hualele [Hua, seed, and lele, to fly.]	1. The seeds of the plant laulele. 2. Hernia.					
197	kiowai	kio·wai	A*	candidate	homograph root: sense unresolved	23		0	0	kio: ?to cheep, to chirp	wai: water, especially of fresh sources		kiowai [Kio, collection, and wai, water.]	1. A collec- tion of water; a puddle; standing water. 2. A fountain. Syn: Pu- nawai.					
198	moanawai	moana·wai	A*	candidate		23		0	0	moana: ocean, sea; broad, wide	wai: water, especially of fresh sources		moanawai [Moana, sea, and wai, fresh water.]	A lake; a lake of fresh water. Syn: Loko.					
199	waipiʻi	wai·piʻi	A*	candidate		23		0	0	wai: water, especially of fresh sources	piʻi: to travel inland, thus; to rise, to climb, to as		waipii [Wai, water, and pii, to ascend.]	A flood; an overflowing of water.					
200	lunaʻōlelo	luna·ʻōlelo	A*	candidate	homograph root: sense unresolved	22		6	0	luna: ?top, upper	ʻōlelo: language, speech; word, term; statement; quotati		lunaolelo [Luna, officer, and olelo, speech.]	An of- ficer of communication; one sent to make proclamation; an apostle.					
201	papalāʻau	papa·lāʻau	A*	candidate		22		0	3	papa: board, lumber; flat surface, layer; foundation;	lāʻau: tree, wood; medicine; wooden; medical		papalaau [Papa, flat, and laau, timber.]	A board; a plank; a board for pounding poi: o ka papalaau ka mea kui poi.					
202	makapō	maka·pō	A*	candidate		22	match	1	0	maka: eye (organ); face; bud; beloved one; mesh of a n	pō: night, period of darkness after the evening; day		makapo [Maka, eye, and po, darkness.]	1. To be blind; to be unable to see. 2. To be in darkness mentally; to be ignorant. 3. To be morally blind. Makaponiuniu (ma'-ka-po'-ni'-u-n					
203	halelepo	hale·lepo	A*	candidate		22		0	0	hale: house, building; institution; lodge; station, ha	lepo: soil, dirt; filth		halelepo [Hale, house, and lepo, earth.]	A mud house; a house built of adobe or sun-dried brick.					
204	hoakaua	hoa·kaua	A*	candidate		22		0	0	hoa: friend, companion, associate, colleague, comrade	kaua: a war, battle, army; to fight; to go to war		hoakaua [Hoa, companion, and kaua, war,]	1. A fellow soldier. 2. One against whom a soldier is fighting. 3. An antagonist. Syn: Hoapaio.					
205	huewai	hue·wai	A*	candidate		22		0	0	hue: bottle gourd, Lagenaria siceraria; bottle gourd,	wai: water, especially of fresh sources		huewai [Hue, a gourd, and wai, water.]	1. A long-necked pohue or calabash pre- pared to hold water. 2. A water calabash, in distinction from cala- bashes used for other purposes;					
206	hukiwai	huki·wai	A*	candidate		22		0	0	huki: any fit: convulsion, stroke, spasm; to pull, to	wai: water, especially of fresh sources		hukiwai [Huki, to draw, and wai, water.]	To draw water, as from a well.					
207	poʻopaʻa	poʻo·paʻa	A*	candidate		22		0	0	poʻo: head; summit; director	paʻa: solid; firm, fast, permanent		poopaa [Poo, head, and paa, hard.]	A fish, a variety of oopu. Called also oopukai.					
208	puʻulele	puʻu·lele	A*	candidate		22		0	0	puʻu: any geological protuberance like hill, mound; pi	lele: to jump, leap, hop, skip; to fly; to swing, boun		puulele [Puu, a swelling, and lele, to fly.]	A rup- ture; a hernia; so called because it disappears suddenly.					
209	waipuna	wai·puna	A*	candidate		22	differs: wai puna	0	0	wai: water, especially of fresh sources	puna: spring (water source); coral, lime, plaster		waipuna [Wal, water, and puna, a spring.]	A deep spring of water; a place where the water boils up.					
210	hoahana	hoa·hana	A*	candidate		21		0	8	hoa: friend, companion, associate, colleague, comrade	hana: work, labor, job, employment, occupation, duty,		hoahana [Hoa, companion, and hana, to work.]	1. A fellow laborer in any kind of  business. 2. One that helps, re- lieves or relays.					
211	waipahu	wai·pahu	A*	candidate	homograph root: sense unresolved	21		4	0	wai: water, especially of fresh sources	pahu: ?drum; box, chest, ark, case, coffin; barrel, keg		waipahu [Wai, water, and pahu, to burst.]	Gun- powder. Syn: Onea.					
212	waiua	wai·ua	A*	candidate		21		0	2	wai: water, especially of fresh sources	ua: rain (condensed water from a cloud); to rain		waiua [Wal, water, and ua, rain.]	Rain water; water from the clouds; also wai maoll in distinction from well water, which is wai kal (brackish).					
213	pōhakupaʻa	pōhaku·paʻa	A*	candidate		21		0	1	pōhaku: stone, rock, mineral; tablet; stony, rocky; stub	paʻa: solid; firm, fast, permanent		pohakupaa [Pohaku, stone, and paa, firm; solid.]	A rock. (Pohakupaa is the general name of hard or solid stones out of which koi or adzes were made, and stands in opposition to pohaku luhee					
214	halelole	hale·lole	A*	candidate		21		0	0	hale: house, building; institution; lodge; station, ha	lole: to unfold, reverse; to skin, flay; to wear cloth		halelole [Hale, house, and lole, cloth.]	A tent: Poe humuhumu halelole. Syn: Halelewa.					
215	laumake	lau·make	A*	candidate		21		0	0	lau: leaf; frond; greens	make: death; peril; to die; dead; to faint		laumake [Lau, leaf, and make, death.]	1. Name com- mon to all poisonous herbs. *2. Dead leaf. 3. The sharp point of a weapon of combat or war.					
216	makakoa	maka·koa	A*	candidate	homograph root: sense unresolved	21	differs: maka koa	0	0	maka: ?eye (organ); face; bud; beloved one; mesh of a n	koa: ?warrior; koa (tree)		makakoa [Maka and koa, a soldier, Lit., a soldier's face.]	Pierce in countenance.					
217	nukuwai	nuku·wai	A*	candidate		21		0	0	nuku: snout, beak, mouth.	wai: water, especially of fresh sources		nukuwai [Nuku, mouth, and wai, water.]	The mouth of a stream of water. Nulu (nu'-lu), V. To rise up, as smoke or steam; to float off in the air. as smoke. NUL 470					
218	pipiwai	pipi·wai	A*	candidate	homograph root: sense unresolved	21		0	0	pipi: ?Pinctada radiata, Hawaiian pearl oyster	wai: water, especially of fresh sources		pipiwai [Pipi, to percolate, and wai, water.]	1. A place where water springs up or oozes out of the ground or rocks. 2. The oozing or dropping of wa- ter. 3. The fine grass that springs					
219	punawai	puna·wai	A*	candidate		21		0	0	puna: spring (water source); coral, lime, plaster	wai: water, especially of fresh sources		punawai [Puna, spring, and wai, water.]	A spring of water; a well; a fountain.					
220	waiʻele	wai·ʻele	A*	candidate		21		0	0	wai: water, especially of fresh sources	ʻele: dark, black		waiele [Wai, water, and ele, dark colored.]	A dye for cloth or tapa.					
221	wāwai	wā·wai	A*	candidate	homograph root: sense unresolved	21		0	0	wā: ?to make noise, to roar; to talk a lot; to gossip	wai: water, especially of fresh sources		wawai [Wa, space, and wai, water.]	A land of water; a well watered land; he auwai, he pipiwai, he uhiwai e kulu ana, he kawakawau.					
222	halepule	hale·pule	A*	candidate		20		4	41	hale: house, building; institution; lodge; station, ha	pule: prayer, spell, blessing; church service; week; t		halepule [Hale, house, and pule, to pray.]	A prayer house; a house of worship; a meeting house.					
223	makamua	maka·mua	A*	candidate	homograph root: sense unresolved	20	differs: maka mua	0	22	maka: ?eye (organ); face; bud; beloved one; mesh of a n	mua: before, in front of, first, ahead, forward, in a		makamua [Maka and mua, the first; the beginning.]	1. The beginning; the first of things, as of a period of time. 2. The first or eldest of a family of children. Syn: Mua. Ka maka- mua o na l					
224	nohopaʻa	noho·paʻa	A*	candidate		20		0	7	noho: seat; chair, stool, pew; throne; saddle (of a ho	paʻa: solid; firm, fast, permanent		nohopaa [Noho, to sit, and paa, firm; tight.]	To be confirmed; to be established.					
225	moʻoʻōlelo	moʻo·ʻōlelo	A*	candidate		20		3	0	moʻo: lizard, dragon, serpent	ʻōlelo: language, speech; word, term; statement; quotati		mooolelo [Moo, line, and olelo, discourse.]	1. A continuous or connected narrative of events; a history; a tradition. 2. In modern times, the minutes of a deliberative body; a taxation					
226	waiʻaleʻale	wai·ʻaleʻale	A*	candidate		20		2	0	wai: water, especially of fresh sources	ʻaleʻale: ripple; rippling, stirring; full to the brim		waialeale [Wai, water, and aleale, to ripple; to disturb, as the surface of water.]	1. The name of a spring or foun- tain on or near the top of the highest mountain on Kauai. 2. The name of the mountain above mentioned. Aloh					
227	waiʻauʻau	wai·ʻauʻau	A*	candidate	homograph root: sense unresolved	20		0	1	wai: ?water, especially of fresh sources	ʻauʻau: to swim; to bathe		waiauau [Wai,, and auau, to bathe.]	A pool; aj bathing place. I					
228	halehau	hale·hau	A*	candidate	homograph root: sense unresolved	20		0	0	hale: house, building; institution; lodge; station, ha	hau: ?dew; ice, snow, frost; cool breeze; cool, cold;		halehau [Hale, house, and hau, the hau tree.]	1. A house built of hau timber for the use of the gods, where divine honors were paid. 2. The ice house of Poliahu on Maunakea mentioned in					
229	halekia	hale·kia	A*	candidate		20		0	0	hale: house, building; institution; lodge; station, ha	kia: pillar, post; mast, spar; nail, spike; snare, tr		halekia [Hale, house, and kia, a post; a pillar.]	A portico to a house; a verandah supported by pillars.					
230	laukoa	lau·koa	A*	candidate		20		0	0	lau: leaf; frond; greens	koa: warrior; koa (tree)		laukoa [Lau, leaf, and koa, a tree.]	1. The leaf of the koa tree. 2. A table knife.					
231	moʻolele	moʻo·lele	A*	candidate		20		0	0	moʻo: lizard, dragon, serpent	lele: to jump, leap, hop, skip; to fly; to swing, boun		moolele [Moo, reptile and lele, to fly.]	Word used by the translators of the Scrip- ! tures for flying serpent or dragon.					
232	waihā	wai·hā	A*	candidate		20		0	0	wai: water, especially of fresh sources	hā: breath, life; to breathe		waiha [Wai, water, and ha, to breathe upon.]	1. To breathe upon the idols, a practice of the priests of old Hawaii. 2. To desire or request of the gods, as in prayer.					
233	waikeʻokeʻo	wai·keʻokeʻo	A*	candidate		20		0	0	wai: water, especially of fresh sources	keʻokeʻo: white (color); muslin; white, clear		waikeokeo [Wai, water, and keokeo, white.]	The fluor albus, a disease of women.					
234	wailenalena	wai·lenalena	A*	candidate		20		0	0	wai: water, especially of fresh sources	lenalena: orange-hued yellow (color)		wailenalena [Wai, water, and lenalena, yellow.]	Name of a small valley near the top of Mount Waialeale on Kauai, remarkable for the plant ape found there.					
235	waiʻeleʻele	wai·ʻeleʻele	A*	candidate		20		0	0	wai: water, especially of fresh sources	ʻeleʻele: black (color); branched string lettuce (Ulva pro		waieleele [Wai, water, and eleele, black.]	Ink, also called inika.					
236	waiʻōhiʻa	wai·ʻōhiʻa	A*	candidate		20		0	0	wai: water, especially of fresh sources	ʻōhiʻa: mountain apple or Malay apple; Syzygium malaccen		waiohia [Wai, water, and ohia, the Hawaiian mountain apple.]	The juice or cider from the ohia.					
237	manaʻopaʻa	manaʻo·paʻa	A*	candidate		19		0	2	manaʻo: thought, idea; meaning; concept; to think, to co	paʻa: solid; firm, fast, permanent		manaopaa [Manao, thought, and paa, firm.]	A plan;  a resolution; a design. (Laieik. p. 25.)					
238	hoahele	hoa·hele	A*	candidate	homograph root: sense unresolved	19		0	1	hoa: ?friend, companion, associate, colleague, comrade	hele: to walk, move; to be mobile; to become		hoahele [Hoa and hele, to go.]	1. A fellow traveler. 2. A companion in walking.					
239	huaʻole	hua·ʻole	A*	candidate		19		0	1	hua: fruit; egg; seed, grain; result, effect	ʻole: not, without, lacking; to deny; zero, nothing, n		huaole [Hua, fruit, and ole, to be not.]	Fruitless; worthless; of no account; without character, applied to persons.					
240	papakoa	papa·koa	A*	candidate		19		0	1	papa: board, lumber; flat surface, layer; foundation;	koa: warrior; koa (tree)		papakoa [Papa, board, and koa, a kind of tree.]	1. Boards made from the koa tree. 2. [Papa, row, and koa, soldier.] A rank or company of an army.					
241	halelewa	hale·lewa	A*	candidate		19		0	0	hale: house, building; institution; lodge; station, ha	lewa: atmosphere; heaven, sky; air; space; wanderer; t		halelewa [Hale, house, and lewa, swinging.]	A portable house; a tent.					
242	halepahu	hale·pahu	A*	candidate		19		0	0	hale: house, building; institution; lodge; station, ha	pahu: drum; box, chest, ark, case, coffin; barrel, keg		halepahu [Hale, house, and pahu, a box.]	House  used as a place of refuge in time of war.					
243	kahuana	kahu·ana	A*	candidate	homograph root: sense unresolved	19		0	0	kahu: ?keeper, guardian, caretaker; an honored attendan	ana: ?cave, cavern		kahuana [Kahu and ana, a cooking.]	1. A general name applied to such persons as have a trade, an art, or who prac- tice some profession. Some quali- fying term is generally ad					
244	kahuʻai	kahu·ʻai	A*	candidate	homograph root: sense unresolved	19		0	0	kahu: ?keeper, guardian, caretaker; an honored attendan	ʻai: food; in particular, any food that is not fish;		kahuai [Kahu, to i bake, and al, food.]	To bake food in the ground.					
245	laulole	lau·lole	A*	candidate		19		0	0	lau: leaf; frond; greens	lole: to unfold, reverse; to skin, flay; to wear cloth		laulole [Lau, leaf, and lole, cloth.]	Cloth-leafed; an epithet of the mulberry; laau lau- lole, a mulberry tree.					
246	laupapa	lau·papa	A*	candidate		19	match	0	0	lau: leaf; frond; greens	papa: board, lumber; flat surface, layer; foundation;		laupapa [Lau, leaf, and papa, a flat surface.]	A broad smooth plane; hence the name of a district on the island of Molo- kai: Kalaupapa.					
247	leopaʻa	leo·paʻa	A*	candidate		19		0	0	leo: voice; sound; command; verbal message; to speak;	paʻa: solid; firm, fast, permanent		leopaa [Leo, voice, and paa, tight, fast.]	-1. One whose voice is stopped. 2. A mute; a dumb person.					
248	lunakaua	luna·kaua	A*	candidate	homograph root: sense unresolved	19		0	0	luna: ?top, upper	kaua: a war, battle, army; to fight; to go to war		lunakaua [Luna, officer, and kaua, war.]	A cap- tain in war.					
249	makahema	maka·hema	A*	candidate		19		0	0	maka: eye (organ); face; bud; beloved one; mesh of a n	hema: left (not right); south		makahema [Maka, eye, and hema, left.]	The left eye. Maka hi (ma-ka'-hi), adj. [Contrac- tion for maka, eye, and akahi, one.] One-eyed; having one eye. Maka hi (ma-ka'-hi), n. Nam					
250	papakea	papa·kea	A*	candidate		19		0	0	papa: board, lumber; flat surface, layer; foundation;	kea: white; clear		papakea [Papa, a flat place, and kea, white.]	1. That part of the sea beach washed by the high tide and not by the low, that is, if the sand be white. 2. The action of the ocean cur- ren					
251	papaone	papa·one	A*	candidate	homograph root: sense unresolved	19		0	0	papa: ?board, lumber; flat surface, layer; foundation;	one: sand; silt		papaone [Papa and one, six.]	By sixes; six by six; six-fold. Syn: Paono.					
252	puʻukaua	puʻu·kaua	A*	candidate		19		0	0	puʻu: any geological protuberance like hill, mound; pi	kaua: a war, battle, army; to fight; to go to war		puukaua [Puu, aj heap, and kaua, war.]	A forti- i fication ; a hold ; a stronghold ; a [ fort; he mau puu e kaua ai el like me Kauiki. |					
253	paʻahana	paʻa·hana	A*	candidate		18		12	0	paʻa: solid; firm, fast, permanent	hana: work, labor, job, employment, occupation, duty,		paahana [Paa, steadfastly, and hana, to work.]	To be busy; to work constantly.					
254	lunahana	luna·hana	A*	candidate	homograph root: sense unresolved	18		0	7	luna: ?top, upper	hana: work, labor, job, employment, occupation, duty,		lunahana [Luna, officer, and hana, work.]	A su- perintendent of any definite work; boss.					
255	kualāʻau	kua·lāʻau	A*	candidate	homograph root: sense unresolved	18		0	5	kua: ?back; back; rear; burden; to carry on the back,	lāʻau: tree, wood; medicine; wooden; medical		kualaau [Kua, to hew, and laau, wood.]	A hewer of wood.					
256	halekula	hale·kula	A*	candidate		18		0	4	hale: house, building; institution; lodge; station, ha	kula: school		halekula [Hale, house, and kula, school.]	A school- house.					
257	papawaena	papa·waena	A*	candidate		18		1	0	papa: board, lumber; flat surface, layer; foundation;	waena: middle		papawaena [Papa, i board, and waena, between.]	The ! middle story of a building of three j stories. |					
258	ʻōlelopaʻa	ʻōlelo·paʻa	A*	candidate		18		0	1	ʻōlelo: language, speech; word, term; statement; quotati	paʻa: solid; firm, fast, permanent		olelopaa [Olelo, word, and paa, fast.]	A precept; a command.					
259	halelua	hale·lua	A*	candidate		18		0	0	hale: house, building; institution; lodge; station, ha	lua: pit, hole; toilet		halelua [Hale, house, and lua, a pit or grave.]	1. A cave in the side of a hill used as a place of abode. 2. A house over a grave, or a vault for reception of the dead. 3. A grave.					
260	halemalu	hale·malu	A*	candidate		18		0	0	hale: house, building; institution; lodge; station, ha	malu: shade; shelter, protection; control; peaceful, s		halemalu [Hale, house, and malu, cool; shady.]	A shaded house or shed.					
261	halepiʻo	hale·piʻo	A*	candidate		18		0	0	hale: house, building; institution; lodge; station, ha	piʻo: bend, curve, arc; to arch (of a rainbow)		halepio [Hale, house, and pio, an arch.]	A house in the frame of which bent poles were used with the butt ends planted in the ground while the other ends met over the ridge pole, re					
262	halepāpaʻa	hale·pāpaʻa	A*	candidate	homograph root: sense unresolved	18		0	0	hale: house, building; institution; lodge; station, ha	pāpaʻa: ?cooked crisp, toasted; overdone, parched, burned		halepapaa [Hale, house, and papaa, secure,]	A storehouse.					
263	hanupaʻa	hanu·paʻa	A*	candidate		18		0	0	hanu: breath; respiration; to breathe; to sniff; to in	paʻa: solid; firm, fast, permanent		hanupaa [Hanu, and paa, tight.]	1. A cold. 2. Ca- tarrh.					
264	hoakoa	hoa·koa	A*	candidate	homograph root: sense unresolved	18		0	0	hoa: friend, companion, associate, colleague, comrade	koa: ?warrior; koa (tree)		hoakoa [Hoa, companion, and koa, soldier,]	A fel- low soldier; one under the same leader. Syn: Hoakaua.					
265	holoʻai	holo·ʻai	A*	candidate	homograph root: sense unresolved	18		0	0	holo: ?to go, run, slide, progress; to sail, ride, gall	ʻai: food; in particular, any food that is not fish;		holoai [Holo, bundle, and ai, food.]	1. A bundle of baked food. 2. A wrapper to carry food in. See paiai.					
266	kaʻahale	kaʻa·hale	A*	candidate		18		0	0	kaʻa: car (automobile); cart, buggy; vehicle; to roll,	hale: house, building; institution; lodge; station, ha		kaahale [Kaa, a cart, and hale, house.]	A house- like cart or carriage.					
267	kaʻakaua	kaʻa·kaua	A*	candidate		18		0	0	kaʻa: car (automobile); cart, buggy; vehicle; to roll,	kaua: a war, battle, army; to fight; to go to war		kaakaua [Kaa, to roll about, and kaua, to battle.]	To ma- neuver in warfare to manage in the disposition of fighting forces.					
268	kialua	kia·lua	A*	candidate		18		0	0	kia: pillar, post; mast, spar; nail, spike; snare, tr	lua: two; second; double; duplicate; companion; a tra		kialua [Kia, mast, and lua, two.]	A brig or schooner having two masts: he moku kia- lua, a vessel of two masts.					
269	lauala	lau·ala	A*	candidate	homograph root: sense unresolved	18		0	0	lau: ?leaf; frond; greens	ala: ?way, path, road		lauala [Lau, leaves, and ala, rising.]	The fresh and mature leaves of the taro.					
270	laukō	lau·kō	A*	candidate		18		0	0	lau: leaf; frond; greens	kō: sugar cane (Saccharum officinarum)		lauko [Lau, leaf, and ko, sugar-cane.]	The leaf of the sugar cane, also called lao.					
271	laumanamana	lau·manamana	A*	candidate	homograph root: sense unresolved	18		0	0	lau: leaf; frond; greens	manamana: ?finger, toe		laumanamana [Lau, leaf, and manamana, divided.]	A variety of potato the leaves of which are slim and much divided.					
272	makahakahaka	maka·hakahaka	A*	candidate	homograph root: sense unresolved	18		0	0	maka: ?eye (organ); face; bud; beloved one; mesh of a n	hakahaka: vacancy; gap; blank space, blank; emaciated, thi		makahakahaka [Maka and hakahaka, open, full of holes.]	1. A deep pit or hole; ka poopoo. 2. Open space, as a clearing in a forest or clear land in a lava flow. 3. Deep-set eye- balls.					
273	makahiamoe	maka·hiamoe	A*	candidate		18		0	0	maka: eye (organ); face; bud; beloved one; mesh of a n	hiamoe: sleep; to sleep		makahiamoe [Maka, eye, and hiamoe, to sleep.]	To fall asleep; to all one's self to doze. To give one's self to sleep.					
274	makahiō	maka·hiō	A*	candidate	homograph root: sense unresolved	18		0	0	maka: ?eye (organ); face; bud; beloved one; mesh of a n	hiō: to lean		makahio [Maka and hio, to lean.]	1. Darting, ap- plied to the eyes. 2. A looking this way and that.					
275	makakole	maka·kole	A*	candidate		18		0	0	maka: eye (organ); face; bud; beloved one; mesh of a n	kole: raw, inflamed, red		makakole [Maka, eye, and kole, raw, sore.]	Inflam- mation of the eyes; sore eyes. See makole, which is in more gen- eral use.					
276	makaʻākau	maka·ʻākau	A*	candidate		18		0	0	maka: eye (organ); face; bud; beloved one; mesh of a n	ʻākau: right (not left); north		makaakau [Maka, eye, and akau, right.]	The right eye.					
277	poʻolua	poʻo·lua	A*	candidate	Wiktionary writes it as two words	18		0	0	poʻo: head; summit; director	lua: two; second; double; duplicate; companion; a tra		poolua [Poo, head, and lua, two.]	1. A child who has two fathers; a nominal and a real one. 2. A child born out of wed- lock; a bastard.					
278	uhipaʻa	uhi·paʻa	A*	candidate		18		0	0	uhi: covering, veil; solid-ink tattoo; tent; to cover	paʻa: solid; firm, fast, permanent		uhipaa [Uhi, to cover, and paa, fast]	To cover up en- tirely so as to be out of sight, as a cloud or fog. Laieik. p. 16.					
279	kahuʻāina	kahu·ʻāina	A*	candidate	homograph root: sense unresolved	17		7	0	kahu: ?keeper, guardian, caretaker; an honored attendan	ʻāina: land (earth; country; real estate)		kahuaina [Kahu and aina, land.]	The head man of a division of land.					
280	makaluku	maka·luku	A*	candidate		17		1	0	maka: eye (organ); face; bud; beloved one; mesh of a n	luku: to destroy, to devastate; to massacre, to slaugh		makaluku [Maka, face, and luku, slaughter.]	To be turned against one for harm; to be bent on slaughter.					
281	palaʻai	pala·ʻai	A*	candidate		17		1	0	pala: to smear, to smudge; to daub, to blot; to coat	ʻai: food; in particular, any food that is not fish;		palaai [Pala, soft, and ai, food.]	Fat, as animals: palaai ka holoholona, palaai ka ia, palaai ka manu.					
282	kualana	kua·lana	A*	candidate		17		0	0	kua: back; back; rear; burden; to carry on the back,	lana: floating, buoyant, adrift; calm, still (water);		kualana [Kua, the back, and lana, floating.]	1. To be idle; to be indifferent to all business: to wander about without object. 2. To be uninterested, as one who does not understand; to					
283	kuanui	kua·nui	A*	candidate		17		0	0	kua: back; back; rear; burden; to carry on the back,	nui: plenty, a lot, size, dimension, number, area; gr		kuanui [Kua, back, and nul, great.]	1. Big-backed, that is, awkward, in doing some- thing more than was required, and thus spoiling what he tried to do; or doing a thing in his					
284	kōʻula	kō·ʻula	A*	candidate		17		0	0	kō: sugar cane (Saccharum officinarum)	ʻula: red (color)		koula [Ko, sugar-cane, and ula, red.]	A variety of sugar- cane, which is of a reddish color.					
285	laukonakona	lau·konakona	A*	candidate	homograph root: sense unresolved	17		0	0	lau: ?leaf; frond; greens	konakona: rough, uneven; muscled, muscular		laukonakona [Lau and konakona, to despise.]	1. To despise; to contemn; to  treat contemptuously. 2. To be disgusted; to be exasperated: Ua laukonakona au i kana hana, I am exasperated					
286	lawelua	lawe·lua	A*	candidate		17		0	0	lawe: bearer; to transport, carry, take, bring; to und	lua: two; second; double; duplicate; companion; a tra		lawelua [Lawe, to tie, and lua, double.]	To bind or tie up the second time; hence, to bind tightly; e hawelelua a paa; to bind at both ends. 2. To act in reference to both sides of					
287	makaala	maka·ala	A*	candidate		17	differs: makaʻala	0	0	maka: eye (organ); face; bud; beloved one; mesh of a n	ala: to waken; awake; to arise, rise up		makaala [Maka, eye, and ala, awake.]	1. To wake; to be awake or alert; to look out; to take heed; beware.					
288	makamomi	maka·momi	A*	candidate		17		0	0	maka: eye (organ); face; bud; beloved one; mesh of a n	momi: pearl; spherical lens of a fish's eye		makamomi [Maka, eye, and momi, the pearl in the oyster shell.]	A white speck in the eye, caused by disease.					
289	makapouli	maka·pouli	A*	candidate		17	differs: makapōuli	0	0	maka: eye (organ); face; bud; beloved one; mesh of a n	pouli: darkness; ignorance; eclipse		makapouli [Maka, eye, and pouli, darkness.]	To faint; to fail for want of strength; to be dizzy; e poniuniu.					
290	papalalo	papa·lalo	A*	candidate		17		0	0	papa: board, lumber; flat surface, layer; foundation;	lalo: depth; lowness; low; downward		papalalo [Papa, board, and lalo, below.]	The low- er floor of a house; a floor of a house.					
291	papamanamana	papa·manamana	A*	candidate	homograph root: sense unresolved	17		0	0	papa: ?board, lumber; flat surface, layer; foundation;	manamana: ?finger, toe		papamanamana [Papa, a plate, and manamana, branching.]	A grate; a grating.					
292	papapalapala	papa·palapala	A*	candidate		17		0	0	papa: board, lumber; flat surface, layer; foundation;	palapala: printed patterns on kapa cloth; print or documen		papapalapala [Papa, a flat surface, and palapala, a writing.]	A writing table; a writing desk.					
293	papapōhaku	papa·pōhaku	A*	candidate		17		0	0	papa: board, lumber; flat surface, layer; foundation;	pōhaku: stone, rock, mineral; tablet; stony, rocky; stub		papapohaku [Papa, a flat surface, and pohaku, stone.]	1. A board on which poi or other food is pounded; the pestle is made of stone and called he pohaku kui ai; the board or thick plank is sligh					
294	puʻukoko	puʻu·koko	A*	candidate		17		0	0	puʻu: any geological protuberance like hill, mound; pi	koko: blood		puukoko [Puu, bunch, and koko, blood.]	1. The heart. 2. A clot of blood.					
295	kaulua	kau·lua	A*	candidate		16	match	14	0	kau: to place, to put; to settle, to perch; to enact,	lua: two; second; double; duplicate; companion; a tra		kaulua [Kau, place or put, and lua, for elua, two.]	Double, applied to two like things put or used together for a com- mon purpose, as: waa kaulua, double canoe.					
296	poʻoʻōlelo	poʻo·ʻōlelo	A*	candidate		16		3	1	poʻo: head; summit; director	ʻōlelo: language, speech; word, term; statement; quotati		pooolelo [Poo, head, and olelo, speech.]	The title of a discourse; the text of a ser- mon: Aia kana poooleio ma ka Oihana, his text was in Acts.					
297	laukī	lau·kī	A*	candidate	homograph root: sense unresolved	16		0	1	lau: leaf; frond; greens	kī: ?ti (Cordyline fruticosa)		lauki [Lau, leaf, and ki, the ti plant.]	The leaf of the ti plant.					
298	hōkūlele	hōkū·lele	A*	candidate		16		0	0	hōkū: star (luminous celestial body)	lele: to jump, leap, hop, skip; to fly; to swing, boun		hokulele [Hoku, a star, and lele, to fly; literally, a flying star.]	A meteor.					
299	kahuahi	kahu·ahi	A*	candidate	homograph root: sense unresolved	16		0	0	kahu: ?keeper, guardian, caretaker; an honored attendan	ahi: fire (oxidation reaction)		kahuahi [Kahu,seri vant, and ahl, fire.]	One who has 1 the care of the fire; a fire builder.					
300	kumuea	kumu·ea	A*	candidate		16		0	0	kumu: teacher; basis, foundation; source, cause	ea: sovereignty, rule; air, breath; gas, vapor, fume		kumuea [Kumu, handle, and ea, tortoise shell.]	The ea or tortoise shell on the handle. A tortoise shell handle. Kumu ha (ku'-mu'-ha), n. A contrac- tion of kumuuha.					
301	kuʻiʻai	kuʻi·ʻai	A*	candidate		16		0	0	kuʻi: to pound, to strike; to jam in; to churn (of but	ʻai: food; in particular, any food that is not fish;		kuiai [Kul, to pound, and ai, food.]	1. The act of pound- ing poi or food. 2. One who pre- pares food by mashing or beating it.					
302	kōkea	kō·kea	A*	candidate	homograph root: sense unresolved	16		0	0	kō: ?sugar cane (Saccharum officinarum)	kea: white; clear		kokea [Ko, sugarcane, and kea, white.]	The white cane; called also opukea or ainakea.					
303	lauhiʻu	lau·hiʻu	A*	candidate		16		0	0	lau: leaf; frond; greens	hiʻu: fish tail		lauhiu [Lau, a leaf, ka, article, and hiu, the tail of a fish.]	1. A long shark, or long-tailed shark (the tail leaf- shaped). 2. The son of Kuhai- inoana, traditional name of a shark-god.					
304	laulama	lau·lama	A*	candidate	homograph root: sense unresolved	16		0	0	lau: ?leaf; frond; greens	lama: torch; light, lamp		laulama [Lau, a great number and lama, torch.]	Many torches at night.					
305	lauwili	lau·wili	A*	candidate		16		0	0	lau: leaf; frond; greens	wili: to bore, to drill, to screw; to twist, to wring;		lauwili [Lau, leaf, and wili, to turn; to twist, as leaves affected by the wind.]	1. To whirl or whiffle about, as the wind. 2. To be unstable, as a fickle-minded person. 3. To be double tongued; to be double minded; to be					
306	lauʻulu	lau·ʻulu	A*	candidate		16		0	0	lau: leaf; frond; greens	ʻulu: breadfruit		lauulu [Lau, leaf, and ulu, the breadfruit tree.]	1. The leaf of the breadfruit tree. 2. A word heard indistinctly, or an idea so obtained from a speaker as to give an uncertain meaning.					
307	lawewale	lawe·wale	A*	candidate		16		0	0	lawe: bearer; to transport, carry, take, bring; to und	wale: any bodily secretion or mucus including phlegm,		lawewale [Lawe, to take, and wale, without reason.]	To take without leave or right; to extort property from one.					
308	naʻaulua	naʻau·lua	A*	candidate		16		0	0	naʻau: guts, intestines; mind, heart	lua: two; second; double; duplicate; companion; a tra		naaulua [Naau, mind, and lua, two.]	To be doubt- ful as to the decision or course to pursue; to be of two minds.					
309	puʻulima	puʻu·lima	A*	candidate		16		0	0	puʻu: any geological protuberance like hill, mound; pi	lima: five; fifth; hand (part of the body)		puulima [Puu, bunch, and lima, hand.]	The wrist joints; the knuckles and wrist bones; the palm of the hand.					
310	kiaʻāina	kia·ʻāina	A*	candidate		15		74	0	kia: pillar, post; mast, spar; nail, spike; snare, tr	ʻāina: land (earth; country; real estate)		kiaaina [Kia, pillar, and aina, land, the pillar or support of the land.]	A governor; a governor of an island; a ruler.					
311	hoaaloha	hoa·aloha	A*	candidate		15		41	6	hoa: friend, companion, associate, colleague, comrade	aloha: love, compassion, affection, mercy, sympathy, pi		hoaaloha [Hoa, companion, and aloha, to love.]	1. A friend: ia wa, ua lilo ko Hawaii nei i poe hoaaloha no na misio- nari, at that time the Hawaiians became friends to the missionar- ies.					
312	hoahānau	hoa·hānau	A*	candidate		15		15	4	hoa: friend, companion, associate, colleague, comrade	hānau: birth; offspring, child; to give birth; fertile		hoahanau [Hoa, companion, and hanau, to be born.]	1. A kinsman; a blood relative; a relative. 2. A brother in an extensive sense. (In a modern sense, a fellow professor of reli- gion.)					
313	pauahi	pau·ahi	A*	candidate		15		17	0	pau: finished, done; destroyed; all	ahi: fire (oxidation reaction)		pauahi [Pau, all, and ahi, fire.]	Destruction of anything by fire; generally applied to a house.					
314	kaʻahele	kaʻa·hele	A*	candidate	homograph root: sense unresolved	15		7	0	kaʻa: ?car (automobile); cart, buggy; vehicle; to roll,	hele: to walk, move; to be mobile; to become		kaahele [Kaa and hele, to go.]	To travel about; to visit different parts of the coun- try; to go here and there. To pass over or through a country.					
315	mokukaua	moku·kaua	A*	candidate		15		0	6	moku: to be broken off, to be severed, to be amputated	kaua: a war, battle, army; to fight; to go to war		mokukaua [Moku, ship, and kaua, war.]	A war ship; a man-of-war.					
316	lunakoa	luna·koa	A*	candidate	homograph root: sense unresolved	15		1	2	luna: ?top, upper	koa: ?warrior; koa (tree)		lunakoa [Luna, officer, and koa, soldier.]	A mili- tary officer; a captain; a sergeant, etc.					
317	papaʻaina	papa·ʻaina	A*	candidate	homograph root: sense unresolved	15		2	1	papa: board, lumber; flat surface, layer; foundation;	ʻaina: ?meal		papaaina [Papa, table, and aina, eating.]	A table to eat on.					
318	hikiana	hiki·ana	A*	candidate	homograph root: sense unresolved	15		0	2	hiki: ability; can, be able to; to reach, arrive	ana: ?cave, cavern		hikiana [Hiki and ana, participial termination.]	The full form is: ka hiki ana (a ka la), the coming (of the sun), that is, the east; the place of the sun's rising. The east; the place of I					
319	hikiwale	hiki·wale	A*	candidate		15		1	1	hiki: ability; can, be able to; to reach, arrive	wale: any bodily secretion or mucus including phlegm,		hikiwale [Hiki and wale, merely.]	Accidentally; without design; by chance.					
320	kaukahi	kau·kahi	A*	candidate	homograph root: sense unresolved	15	match	2	0	kau: ?season; period of time, lifetime; semester, term	kahi: one, single; some		kaukahi [Kau, canoe, and kahi, one.]	1. A single canoe. Ma ke kaulua o Keopuo- lani, a ma ke kaukahi o Hoapili, he waa aole i hoapipi ia, he waa hookahi. 2. A oneness; a perse-					
321	holokai	holo·kai	A*	candidate	homograph root: sense unresolved	15		1	0	holo: ?to go, run, slide, progress; to sail, ride, gall	kai: sea; seawater, the salt water of a sea or ocean;		holokai [Holo and kai, sea.]	One who rides on the sea; a seaman: na holokai, sea- faring men.					
322	komowale	komo·wale	A*	candidate		15		0	1	komo: entrance, entry; ring, thimble, tenon; to enter,	wale: any bodily secretion or mucus including phlegm,		komowale [Komo, to enter in and wale, gratuitously.]	To enter without permission or in- vitation; to trespass; to intrude.					
323	moʻonui	moʻo·nui	A*	candidate		15		0	1	moʻo: lizard, dragon, serpent	nui: plenty, a lot, size, dimension, number, area; gr		moonui [Moo, and nui, great, a great lizard.]	A be- ing several times mentioned in the Scriptures and translated dragon.					
324	paʻiʻai	paʻi·ʻai	A*	candidate		15		0	1	paʻi: to hit; to slap, to spank; to clap; to print; to	ʻai: food; in particular, any food that is not fish;		paiai [Pal, a bundle, and ai, food.]	A bundle of pound- ed taro done up in ti leaves into a round bundle.					
325	haiʻai	hai·ʻai	A*	candidate		15	match	0	0	hai: to offer, to sacrifice; offering, sacrifice	ʻai: food; in particular, any food that is not fish;		haiai [Hai, to sacrifice, and ai, edible fruit.]	1. To sacrifice that the earth may bring forth food. 2. To tie food in bunches.					
326	hoalawe	hoa·lawe	A*	candidate	homograph root: sense unresolved	15		0	0	hoa: ?friend, companion, associate, colleague, comrade	lawe: bearer; to transport, carry, take, bring; to und		hoalawe [Hoa and lawe, to carry, and pu, together.]	1. One who works with another; a partner in labor. 2. A partner or confidential agent who shares responsibilities and confi- dences.					
327	hoauna	hoa·una	A*	candidate		15		0	0	hoa: friend, companion, associate, colleague, comrade	una: shell or carapace of a turtle made of conjoined		hoauna [Hoa, companion, and una, to send.]	One who accompanies a messenger.					
328	hualole	hua·lole	A*	candidate		15		0	0	hua: fruit; egg; seed, grain; result, effect	lole: to unfold, reverse; to skin, flay; to wear cloth		hualole [Hua and lole, cloth.]	The trimmings or border appendages of a garment.					
329	hūkai	hū·kai	A*	candidate	homograph root: sense unresolved	15		0	0	hū: ?to rise, swell, inflate; to leaven; to leaven; t	kai: sea; seawater, the salt water of a sea or ocean;		hukai [Hu, to ooze, and kai, salt water.]	Brackish; insipid; tasteless. Syn: Hukahu- kai.					
330	kuilua	kui·lua	A*	candidate		15		0	0	kui: to thread, to string together	lua: two; second; double; duplicate; companion; a tra		kuilua [Kui, to add, and lua, two; double.]	To add on; to double by adding to a thing: e kuilua, e kuilua mai i ka pono ia lakou, add on, increase the goodness to them, that is, in- cr					
331	kumuhou	kumu·hou	A*	candidate		15		0	0	kumu: teacher; basis, foundation; source, cause	hou: new (recently made or created); recent, to repea		kumuhou [Kumu, teacher, and hou, new. Lit. A new teacher.]	The Holy Spirit.					
332	kumupuaʻa	kumu·puaʻa	A*	candidate		15		0	0	kumu: teacher; basis, foundation; source, cause	puaʻa: pig, hog, swine; pork; a general name for any in		kumupuaa [Kumu, flock, and puaa, a pig.]	A herd of swine.					
333	kēʻai	kē·ʻai	A*	candidate		15		0	0	kē: complaint; critic; to protest; to criticize; The	ʻai: food; in particular, any food that is not fish;		keai [Ke and ai, food.]	To thrust away food; to fast. Syn: Hookeai.					
334	kīlua	kī·lua	A*	candidate	homograph root: sense unresolved	15		0	0	kī: ?ti (Cordyline fruticosa)	lua: two; second; double; duplicate; companion; a tra		kilua [Ki, contraction of kri, an image or resemblance, and lua, double.]	To be two- faced; to be deceitful.					
335	lolelua	lole·lua	A*	candidate	homograph root: sense unresolved	15		0	0	lole: to unfold, reverse; to skin, flay; to wear cloth	lua: ?two; second; double; duplicate; companion; a tra		lolelua [Lole and lua, twice.]	1. To be changeable; to be unstable; to be double minded; to act with indecision. Syn: Naaulua. 2. To change; to pervert; to cause a change.					
336	makewale	make·wale	A*	candidate		15		0	0	make: death; peril; to die; dead; to faint	wale: any bodily secretion or mucus including phlegm,		makewale [Make, death, and wale, without cause.]	That which has died of itself.					
337	moʻoaliʻi	moʻo·aliʻi	A*	candidate		15		0	0	moʻo: lizard, dragon, serpent	aliʻi: a hereditary rank of traditional chief; noble		mooalii [Moo, a line, and alii, chief.]	The names of a line of chiefs; a genealogy; a his- tory of one's ancestors.					
338	papahola	papa·hola	A*	candidate		15		0	0	papa: board, lumber; flat surface, layer; foundation;	hola: to spread		papahola [Papa, a flat surface, and hola, spread out.]	1. The front of a heiau or temple, a kahua, that is, an artificial level place on which the heiau was built, but containing a greater surfac					
339	papahā	papa·hā	A*	candidate	homograph root: sense unresolved	15		0	0	papa: ?board, lumber; flat surface, layer; foundation;	hā: four; fourth		papaha [Papa and ha, four.]	Four by four; four times; by fours. Syn: Paha.					
340	papapāʻina	papa·pāʻina	A*	candidate	homograph root: sense unresolved	15		0	0	papa: ?board, lumber; flat surface, layer; foundation;	pāʻina: meal; dinner; small dinner party; to eat a pāʻin		papapaina [Papa and paina, to eat.]	An eating ta- ble; a table.					
341	papaʻakahi	papa·ʻakahi	A*	candidate	homograph root: sense unresolved	15		0	0	papa: ?board, lumber; flat surface, layer; foundation;	ʻakahi: one		papaakahi [Papa, row, and akahi, one; first.]	The first order or rank.					
342	puʻuone	puʻu·one	A*	candidate		15		0	0	puʻu: any geological protuberance like hill, mound; pi	one: sand; silt		puuone [Puu, heap, and one, sand.]	A mound of sand; a heap of earth.					
343	ʻililua	ʻili·lua	A*	candidate		15		0	0	ʻili: skin; peel, bark, rind; hide, leather; surface;	lua: two; second; double; duplicate; companion; a tra		ililua [Ili, skin, and lua, second.]	1. The second skin or new skin that follows on the healing of a sore. 2. The outside corrugated bark of a plant. 3. The wrinkly skin inciden					
344	huamele	hua·mele	A*	candidate		14		0	23	hua: fruit; egg; seed, grain; result, effect	mele: chant, song, poem; to sing, chant; to be merry		huamele [Hua, letter, and mele, to sing.]	The notes in music; a modern term.					
345	hoapaio	hoa·paio	A*	candidate	Wiktionary writes it as two words	14		0	15	hoa: friend, companion, associate, colleague, comrade	paio: to fight, to quarrel; to contend; fight, quarrel		hoapaio [Hoa, companion, and palo, to contend.]	An antagonist; an opponent in wrestling or fighting.					
346	kaʻapuni	kaʻa·puni	A*	candidate	homograph root: sense unresolved	14	match	8	0	kaʻa: ?car (automobile); cart, buggy; vehicle; to roll,	puni: ?surrounded, enclosed; controlled; overcome (by e		kaapuni [Kaa and puni, around.]	To go or roll around; to go round from place to place; to circumambulate; in law, he lunakanawai kaapuni, a circuit judge.					
347	huiana	hui·ana	A*	candidate	homograph root: sense unresolved	14		0	3	hui: club, organization; company, firm; combination;	ana: ?cave, cavern		huiana [Hui, a group, and ana, a uniting.]	1. A number; the sum of several numbers: E hookui i ka huina, to add up the sum. 2. The point where two line's meet, an angle; the place whe					
348	palekai	pale·kai	A*	candidate	homograph root: sense unresolved	14	differs: pale kai	0	3	pale: ?headdress; cover; pad, lining	kai: sea; seawater, the salt water of a sea or ocean;		palekai [Pale, defense, and kal, the sea.]	1. The railing or bulwark of a vessel: a ku iho la ma ka palekai, when he  stood upon the bulwark. 2. Em- bankment to resist the pressure of					
349	hanawale	hana·wale	A*	candidate	homograph root: sense unresolved	14		0	2	hana: ?work, labor, job, employment, occupation, duty,	wale: any bodily secretion or mucus including phlegm,		hanawale [Hana and wale, only.]	1. To do for the sake of doing; to do something without reward, that is, gratui- tously. 2. To work aimlessly. 3. To labor in vain. 4. To do					
350	uluwale	ulu·wale	A*	candidate		14		0	2	ulu: growth; grove; flock; to grow	wale: any bodily secretion or mucus including phlegm,		uluwale [Ulu, to grow, and wale, of itself.]	To grow wild; to grow without culti- vation.					
351	aʻalele	aʻa·lele	A*	candidate		14		0	0	aʻa: root (of plant); vein of leaf; blood vessel incl	lele: to jump, leap, hop, skip; to fly; to swing, boun		aalele [Aa, vein, and lele, to jump.]	An artery.					
352	hakaʻōlelo	haka·ʻōlelo	A*	candidate	homograph root: sense unresolved	14		0	0	haka: ?shelf, rack; perch, roost; platform	ʻōlelo: language, speech; word, term; statement; quotati		hakaolelo [Haka, to quarrel, and olelo, word.]	To blame another; to accuse vehe- mently.					
353	haowale	hao·wale	A*	candidate	homograph root: sense unresolved	14		0	0	hao: ?iron; general name for metal tools; a bit; brand	wale: any bodily secretion or mucus including phlegm,		haowale [Hao, to rob, and wale, without cause.]	Robbery; a taking of another's property without right.					
354	hikilele	hiki·lele	A*	candidate		14	match	0	0	hiki: ability; can, be able to; to reach, arrive	lele: to jump, leap, hop, skip; to fly; to swing, boun		hikilele [Hiki and lele, to jump; to fly.]	1. To wake suddenly from sleep. To wake with affright. 2. To jump or start suddenly from surprise or fear; to be suddenly agitated.					
355	hoahanauna	hoa·hanauna	A*	candidate		14		0	0	hoa: friend, companion, associate, colleague, comrade	hanauna: generation; ancestry		hoahanauna [Hoa, companion, and hanauna, relations.]	Relatives of one's own clan, tribe or nation. See hana- una.					
356	hoalawaiʻa	hoa·lawaiʻa	A*	candidate		14		0	0	hoa: friend, companion, associate, colleague, comrade	lawaiʻa: fisherman (person who attempts to catch fish); f		hoalawaia [Hoa, companion and lawaia, a fisherman.]	A fellow fisherman.					
357	hulilua	huli·lua	A*	candidate		14		0	0	huli: to turn; to reverse; to change one's manner or t	lua: two; second; double; duplicate; companion; a tra		hulilua [Huli, to turn and lua, two; double.]	1. Turning two ways; blowing two ways, as the wind, 2, Changing from one thing to another, as the thoughts; shifty; shifting. Me he makani h					
358	kaihua	kai·hua	A*	candidate		14		0	0	kai: sea; seawater, the salt water of a sea or ocean;	hua: fruit; egg; seed, grain; result, effect		kaihua [Kai, sea, and hua, flowing.]	Rising tide; setting in of water from the ocean to shore.					
359	kiaahi	kia·ahi	A*	candidate		14		0	0	kia: pillar, post; mast, spar; nail, spike; snare, tr	ahi: fire (oxidation reaction)		kiaahi [Kia, pillar, and ahi, fire.]	A pillar of fire; a fire pillar.					
360	kuiana	kui·ana	A*	candidate	homograph root: sense unresolved	14		0	0	kui: to thread, to string together	ana: ?cave, cavern		kuiana [Kui and ana, a uniting.]	1. A sewing, that is, a set of sleeping tapas, generally five, sewed together, which an- swered the purpose of sheets. 2. A seam; a place wh					
361	laelua	lae·lua	A*	candidate	homograph root: sense unresolved	14		0	0	lae: ?forehead	lua: two; second; double; duplicate; companion; a tra		laelua [Lae, projection, and lua, double.]	Projecting; sharp; prominent, as a ridge. Syn: Mukoi and laekoi.					
362	moʻomake	moʻo·make	A*	candidate		14		0	0	moʻo: lizard, dragon, serpent	make: death; peril; to die; dead; to faint		moomake [Moo, reptile, and make, death.]	A dead- ly reptile; asp; viper.					
363	paʻapoepoe	paʻa·poepoe	A*	candidate		14		0	0	paʻa: solid; firm, fast, permanent	poepoe: round, rounded; compact, compressed; sphere, glo		paapoepoe [Paa, a solid, and poepoe, round.]	A circular solid; a globe.					
364	paʻawaha	paʻa·waha	A*	candidate		14		0	0	paʻa: solid; firm, fast, permanent	waha: mouth		paawaha [Paa, tight, and waha, mouth.]	A bridle. Syn : Kaulawaha.					
365	paʻaʻili	paʻa·ʻili	A*	candidate		14		0	0	paʻa: solid; firm, fast, permanent	ʻili: skin; peel, bark, rind; hide, leather; surface;		paaili [Paa, a solid, and ili, side; surface.]	A solid with sides according to the num- ber specified: Paailiha, a pyramid, etc.					
366	ūana	ū·ana	A*	candidate	homograph root: sense unresolved	14		0	0	ū: ?breast; udder	ana: ?cave, cavern		uana [U, to weep or mourn, and ana, a participial suffix denoting the present tense.]	Weeping or mourning, as E u-ana o A; A is mourning.					
367	huamoa	hua·moa	A*	candidate		13		1	12	hua: fruit; egg; seed, grain; result, effect	moa: chicken or similar fowl		huamoa [Hua, egg, and moa, a fowl.]	1. A hen's egg. 2. The round bone that enters the socket of the hip. 3. A species of yellow sweet potato, so called from its resemblance to					
368	lunakānāwai	luna·kānāwai	A*	candidate	homograph root: sense unresolved	13		1	8	luna: ?top, upper	kānāwai: code, law, statute, act; rule, commandment (also		lunakanawai [Luna, officer, and kanawai, law.]	1. A judge; a magistrate; one who applies the law to delinquents or transgressors. 2. A book of the Old Testament, Judges.					
369	hōkūloa	hōkū·loa	A*	candidate		13		5	0	hōkū: star (luminous celestial body)	loa: distance, length; long, permanent		hokuloa [Hoku and loa, great.]	1. The morning star. Syn: Hokuao. Also called Mana- nalo. 2. Venus.					
370	anaʻāina	ana·ʻāina	A*	candidate		13		0	1	ana: measurement; dimension; pattern, design; model,	ʻāina: land (earth; country; real estate)		anaaina [Ana, to measure, and aina, land.]	To sur- vey or measure land.					
371	hūʻole	hū·ʻole	A*	candidate		13		0	1	hū: to rise, swell, inflate; to leaven; to leaven; t	ʻole: not, without, lacking; to deny; zero, nothing, n		huole [Hu, leaven, and ole, none.]	1. Unfermented; not pungent. 2. Without leaven; unleavened; berena huole, unleav- ened bread. 3. Within limits of.					
372	kōloko	kō·loko	A*	candidate	homograph root: sense unresolved	13		0	1	kō: ?sugar cane (Saccharum officinarum)	loko: pond, lake; interior, inside; interior (of an is		koloko [Ko, of, and loko, the inner part.]	That which pertains to the inner part; that which belongs within; the inside  or Inner parts of a thing; interior portion.					
373	akualele	akua·lele	A*	candidate		13		0	0	akua: god (deity); any supernatural being, spirit, gho	lele: to jump, leap, hop, skip; to fly; to swing, boun		akualele [Akua, god, and lele, to fly.]	A meteor; an ignis fatuus. (When the Ha- waiians were first shown the pic- ture of an angel, they at once call- ed it an akualele, a flying					
374	helewale	hele·wale	A*	candidate		13		0	0	hele: to walk, move; to be mobile; to become	wale: any bodily secretion or mucus including phlegm,		helewale [Hele, to go, and wale, in the condition one is in naturally. See wale.]	1. To go about destitute of cloth- ing; to be naked. 2. To be poor; to be in need. Syn: Ilihune. 3. To go or be anywhere without any fixed p					
375	heʻewale	heʻe·wale	A*	candidate		13		0	0	heʻe: to slide, to surf, to slip, to flee; to melt, to	wale: any bodily secretion or mucus including phlegm,		heewale [Hee, to run, flow, and wale, only.]	1. To melt easily. 2. To flee, as a coward in time of danger. 3. To bring forth young prematurely.					
376	kaiea	kai·ea	A*	candidate		13		0	0	kai: sea; seawater, the salt water of a sea or ocean;	ea: sovereignty, rule; air, breath; gas, vapor, fume		kaiea [Kai, sea, and ea, to rise.]	A rising tide; a swell- ing of the sea; a spreading over the land.					
377	kakaʻōlelo	kaka·ʻōlelo	A*	candidate		13		0	0	kaka: to rinse	ʻōlelo: language, speech; word, term; statement; quotati		kakaolelo [Kaka and olelo, word.]	A counselor; an .adviser; a lawgiver; a scribe; one skilled in language: kekahi poe kanaka akamai i ke kakaolelo, cer- tain men skillful in					
378	komoʻāina	komo·ʻāina	A*	candidate		13		0	0	komo: entrance, entry; ring, thimble, tenon; to enter,	ʻāina: land (earth; country; real estate)		komoaina [Komo, enter, and aina, land.]	To enter upon an inheritance; to take pos- session of a land.					
379	kuliana	kuli·ana	A*	candidate	homograph root: sense unresolved	13		0	0	kuli: ?to be deaf (not hearing)	ana: ?cave, cavern		kuliana [Kuli and ana, being deaf.]	To hear partly or in- distinctly, less than lohe. Syn: Mahui.					
380	kumulau	kumu·lau	A*	candidate		13		0	0	kumu: teacher; basis, foundation; source, cause	lau: leaf; frond; greens		kumulau [Kumu, the producing cause, and lau, a leaf.]	1. That which propagates or brings forth often; a producer; a breeder. 2. A vegetable that produces much, as the stump of a tree that throws					
381	kumupipi	kumu·pipi	A*	candidate		13		0	0	kumu: teacher; basis, foundation; source, cause	pipi: cow; beef		kumupipi [Kumu, flock, and pipl, cow.]	A flock of cattle. Pua pipi is better.					
382	kōʻeli	kō·ʻeli	A*	candidate		13		0	0	kō: sugar cane (Saccharum officinarum)	ʻeli: to dig		koeli [Ko, cane, and eli, to dig.]	The sugar-cane plant- ed or put under ground; he ko malalo o ka lepo no Halalii. Syn: Kokea.					
383	luaahi	lua·ahi	A*	candidate		13		0	0	lua: pit, hole; toilet	ahi: fire (oxidation reaction)		luaahi [Lua, pit, and ahi, fire.]	1. Literally, the volcano of Kilauea on the island of Ha- waii. 2. Fig., the place of punish- ment hereafter; hell: O ka hewa ka waa pae i k					
384	lāʻaumoe	lāʻau·moe	A*	candidate		13		0	0	lāʻau: tree, wood; medicine; wooden; medical	moe: to sleep; to lie down; to die; to ambush; to mar		laaumoe [Laau, medicine, and moe, to sleep.]	Med- icine causing sleep; an opiate. Syn: Laauhoomoe.					
385	mahelelua	mahele·lua	A*	candidate		13		0	0	mahele: division, section; portion, installment; denomin	lua: two; second; double; duplicate; companion; a tra		mahelelua [Mahele, to divide, and lua, two.]	To divide into two parts.					
386	palekaua	pale·kaua	A*	candidate	homograph root: sense unresolved	13		0	0	pale: ?headdress; cover; pad, lining	kaua: a war, battle, army; to fight; to go to war		palekaua [Pale, defense, and kaua, war.]	A shield; defensive armor.					
387	wahahewa	waha·hewa	A*	candidate		13		0	0	waha: mouth	hewa: mistake; sin; fault, guilt; wrong; sinful, wicke		wahahewa [Waha, mouth, and hewa, wicked,]	1. The wickedness of the mouth; and false utterance. 2. One who speaks wickedly.					
388	ʻaiʻāina	ʻai·ʻāina	A*	candidate		13		0	0	ʻai: food; in particular, any food that is not fish;	ʻāina: land (earth; country; real estate)		aiaina [Ai, to eat, and aina, land.]	To enjoy, to possess land; to own land: aole ia i aiaina, he did not possess land.					
389	ʻokiana	ʻoki·ana	A*	candidate	homograph root: sense unresolved	13		0	0	ʻoki: to cut; to separate	ana: ?cave, cavern		okiana [Oki, to cut off, and ana, a finishing.]	1. The cut- ting off of anything. 2. An ending. 3. A cut; a cutting.					
390	kumukūʻai	kumu·kūʻai	A*	candidate		12		33	5	kumu: teacher; basis, foundation; source, cause	kūʻai: to barter		kumukuai [Kumu, price, and kuai, to buy.]	1. The thing paid for an article in barter. 2. In modern times, the price of an article in cash.					
391	hāʻawiana	hāʻawi·ana	A*	candidate	homograph root: sense unresolved	12		0	15	hāʻawi: grant, deal; to give, grant; to offer, to bid; t	ana: ?cave, cavern		haawiana [Haawi, to give, etc., and ana, a participle termination,]	1 A giving; a giving out; hence: 2. A portion; a part assigned to one. 3. In school, a lesson appointed to be learned. 4. A gift; a present.					
392	kumualakaʻi	kumu·alakaʻi	A*	candidate		12		0	5	kumu: teacher; basis, foundation; source, cause	alakaʻi: to lead, to guide, to direct; guide, conductor;		kumualakai [Kumu and alakai, to lead; to guide.]	1. A leading teacher; a school teacher directing to higher pursuits. 2. A guide, Kumuao (ku'-mii-a'o), n, [Kumu, teacher, and ao, to teach,]					
393	hakuʻōlelo	haku·ʻōlelo	A*	candidate		12		0	2	haku: to compose, to invent, to put in order, to arran	ʻōlelo: language, speech; word, term; statement; quotati		hakuolelo [Haku, to put together, and olelo, words.]	To detract; to defame; to slander.					
394	lāʻaukū	lāʻau·kū	A*	candidate		12		0	2	lāʻau: tree, wood; medicine; wooden; medical	kū: to stand, to rise; to stop, to halt; to anchor,		laauku [Laau and ku, to stand.]	A side post of a door, from its erect position. A post of a house; an upright post.					
395	holoholoana	holoholo·ana	A*	candidate	homograph root: sense unresolved	12		0	1	holoholo: to go for a walk, ride, or sail; to go out for p	ana: ?cave, cavern		holoholoana [Holoholo and ana, a running about.]	1. A four-footed beast; generally applied to domestic animals, but often to wild ones. 2. Domestic beasts collectively, including birds.					
396	mahinaʻai	mahina·ʻai	A*	candidate		12		0	1	mahina: moon; month	ʻai: food; in particular, any food that is not fish;		mahinaai [Mahina and ai, food, a contraction of mahl a'na i ka ai.]	1. A field, either in a state of cultivation or prepared for it. 2. A field, gen- erally of larger size than kihapai where food is raised. 3					
397	alaʻula	ala·ʻula	A*	candidate		12		0	0	ala: way, path, road	ʻula: red (color)		alaula [Ala, road, and ula, red.]	1. A streak of light, such as is seen after the setting and before the rising sun. 2. The first dawn of the morning; the early dawn or first					
398	hakuʻāina	haku·ʻāina	A*	candidate		12		0	0	haku: lord, master, overseer, employer, owner, possess	ʻāina: land (earth; country; real estate)		hakuaina [Haku, lord, and aina, land.]	A land- holder, that is, one who manages the land and the people on it un- der the chief or owner.					
399	hoʻoleiwale	hoʻolei·wale	A*	candidate		12		0	0	hoʻolei: to throw, cast, send	wale: any bodily secretion or mucus including phlegm,		hooleiwale [Hoolei, to throw away, and wale, only.]	1. To throw away as useless or worthless. 2. To dispose of In a heedless manner.					
400	huahāʻule	hua·hāʻule	A*	candidate		12		0	0	hua: fruit; egg; seed, grain; result, effect	hāʻule: to fall (from a height); to lose; to forget, to		huahaule [Hua, fruit and haule, to drop; to fall.]	1. Lit. Seed or fruit fallen; pre- maturely born; hence, 2. Friend- le'ss; without support; no means of living; set loose from any chief or					
401	hualili	hua·lili	A*	candidate		12		0	0	hua: fruit; egg; seed, grain; result, effect	lili: jealous; sensitive to criticism; jealousy; menta		hualili [Hua, fruit, and lili, contraction of malili, withered, shriveled, wilted, etc.]	De- generate or blasted fruit; fruitage that fails of reaching maturity.					
402	hualiʻi	hua·liʻi	A*	candidate	homograph root: sense unresolved	12		0	0	hua: fruit; egg; seed, grain; result, effect	liʻi: ?small, tiny		hualii [Hua, fruit, and lii, little.]	Descriptive of the inferior fruit left over after the harvest is reaped; small; diminu- tive.					
403	huanoni	hua·noni	A*	candidate		12		0	0	hua: fruit; egg; seed, grain; result, effect	noni: A Polynesian tree with fruits traditionally used		huanoni [Hua, fruit, and noni, a shrub, Morinda citrifolia.]	The fruit or the apple of the noni, which was used as medicine: He kaua huanoni kekahi; some fought with noni apples.					
404	huaʻale	hua·ʻale	A*	candidate		12		0	0	hua: fruit; egg; seed, grain; result, effect	ʻale: wave, billow; to ripple, to stir; to well		huaale [Hua, seed, and ale, to swallow.]	A pill; a medicine in the form of a little ball, to be swallowed whole. Incorrect form of					
405	hunakai	huna·kai	A*	candidate		12		0	0	huna: particle, speck; crumb, scrap; small, minute; po	kai: sea; seawater, the salt water of a sea or ocean;		hunakai [Huna, small, and kai, sea.]	1, The fine spray of the sea. 2. Sea foam. 3. A species of bird; small three- toed sandpiper; a sanderling.					
406	kaiau	kai·au	A*	candidate		12		0	0	kai: sea; seawater, the salt water of a sea or ocean;	au: era, period of time; current (water); movement;		kaiau [Kai, sea, and au, current.]	Where the currents move continuously in the ocean; beyond the reef. Syn: Hohonu.					
407	kaipiʻi	kai·piʻi	A*	candidate	homograph root: sense unresolved	12	differs: kai piʻi	0	0	kai: sea; seawater, the salt water of a sea or ocean;	piʻi: ?to travel inland, thus; to rise, to climb, to as		kaipii [Kai, sea, and pii, climbing.]	High or rising tide. Syn: Kainui.					
408	kauʻē	kau·ʻē	A*	candidate	homograph root: sense unresolved	12		0	0	kau: ?season; period of time, lifetime; semester, term	ʻē: ?The name of the Latin script letter E/e.		kaue [Kau, impend, and e, previously or consequently.]	By consequence; by reason of; hence. The word requires a phrase or sentence to make sense, as: Pepe- hua o Kuakua ma kona hale, kaue ka well					
409	kaʻalalo	kaʻa·lalo	A*	candidate	homograph root: sense unresolved	12		0	0	kaʻa: ?car (automobile); cart, buggy; vehicle; to roll,	lalo: depth; lowness; low; downward		kaalalo [Kaa, to move, and lalo, down.]	1. To di- rect a vessel's course off the wind. Kaalalo ae nei makou ia Oahu: We sailed on the lee side of Oahu. 2. To talk inconsistently by					
410	kiakahi	kia·kahi	A*	candidate		12		0	0	kia: pillar, post; mast, spar; nail, spike; snare, tr	kahi: one, single; some		kiakahi [Kia, mast, and kahi, one.]	1. A one-masted vessel; a sloop. 2. Firmness of purpose; adherence to a fixed plan; constancy. 3. A person of fixed purpose.					
411	kiʻekiʻeana	kiʻekiʻe·ana	A*	candidate	homograph root: sense unresolved	12		0	0	kiʻekiʻe: high, lofty; exalted, majestic; height (tallness	ana: ?cave, cavern		kiekieana [Kiekie, high, and ana, being.]	1. Being high; rising high. See palipali. 2. A tableland.					
412	kuapuhi	kua·puhi	A*	candidate		12		0	0	kua: back; back; rear; burden; to carry on the back,	puhi: eel		kuapuhi [Kua, back, and puhi, to burst or break open suddenly.]	An abscess on the back.					
413	kuawehi	kua·wehi	A*	candidate		12		0	0	kua: back; back; rear; burden; to carry on the back,	wehi: decoration, ornament; to decorate		kuawehi [Kua, back, and wehi, a dark color.]	1. A disease affecting the shoulders.  2. Sign or symptom of this disease. 3. Variety of small caterpillar marked with black fuzz on the bac					
414	kumuhoʻōla	kumu·hoʻōla	A*	candidate		12		0	0	kumu: teacher; basis, foundation; source, cause	hoʻōla: salvation; healer; savior, saviour; to save, to		kumuhoola [Kumu, price, and hoola, to save from danger.]	A ransom; a price paid for deliverance from death. Mat. 20:28.					
415	kālāʻau	kā·lāʻau	A*	candidate		12		0	0	kā: to strike, hit, thrust, dash, hurl (especially w	lāʻau: tree, wood; medicine; wooden; medical		kalaau [Ka, to cast or strike, and laau, stick.]	To hit two sticks together in the kalaau, a kind of hula. See kakalaau.					
416	kōhanahana	kō·hanahana	A*	candidate	homograph root: sense unresolved	12		0	0	kō: ?sugar cane (Saccharum officinarum)	hanahana: hot, warm; vehement		kohanahana [Ko and hanahana, to be warm.]	To be hot; to be warm; to burn. See hanahana.					
417	kōhiʻai	kōhi·ʻai	A*	candidate	homograph root: sense unresolved	12		0	0	kōhi: ?to break or split something off with a blade, su	ʻai: food; in particular, any food that is not fish;		kohiai [Kohl, to dig, and ai, food.]	To dig food from the ground, as potatoes.					
418	kōiʻa	kō·iʻa	A*	candidate	homograph root: sense unresolved	12		0	0	kō: ?sugar cane (Saccharum officinarum)	iʻa: fish (vertebrate animal); any marine animal (inc		koia [Ko, of, and la, that, him, her.]	1. Of him; his: ka welau wale no o koia la lima, only the end of his finger. 2. Be- longing to; the property of: koia nei waa, this one's ca					
419	kōkolo	kō·kolo	A*	candidate	homograph root: sense unresolved	12		0	0	kō: ?sugar cane (Saccharum officinarum)	kolo: to crawl; to grumble; to drag, to tow		kokolo [Ko and kolo, to creep, to stoop.]	1. To go on the hands and knees; to crawl. 2. To walk with the back bent, as a humpbacked person. 3. To creep in growing, as a vine.					
420	kōleʻaleʻa	kō·leʻaleʻa	A*	candidate	homograph root: sense unresolved	12		0	0	kō: ?sugar cane (Saccharum officinarum)	leʻaleʻa: to have a good time; fun		kolealea [Ko and lealea, to please.]	1. The action of hushing or stilling children when they cry. 2. A giving up to natural gratifications.					
421	kōwelo	kō·welo	A*	candidate	homograph root: sense unresolved	12		0	0	kō: ?sugar cane (Saccharum officinarum)	welo: to flutter, to wave (of flags)		kowelo [Ko and welo, to float in the wind.]	1. To drag or trail behind, as the train of a garment. 2. To stream or float in the wind, as colors or an ensign. See koelo. Kowi (ko'-wi'),					
422	kōʻieʻie	kō·ʻieʻie	A*	candidate	homograph root: sense unresolved	12		0	0	kō: ?sugar cane (Saccharum officinarum)	ʻieʻie: any member of the species Freycinetia arborea of		koieie [Ko, to draw, and ieie, a running or flowing, as of the movements of the tides.]	To move with force, as a rapidly flowing tide or rushing stream.					
423	lunakiaʻi	luna·kiaʻi	A*	candidate	homograph root: sense unresolved	12		0	0	luna: ?top, upper	kiaʻi: to guard, to watch over; to overlook; guard, wat		lunakiai [Luna, officer, and klai, to watch.]	1. A person who oversees or watches over others; a bishop; an overseer. 2. A watchman.					
424	lunalawe	luna·lawe	A*	candidate	homograph root: sense unresolved	12		0	0	luna: ?top, upper	lawe: bearer; to transport, carry, take, bring; to und		lunalawe [Luna, officer, and lawe, to take; to carry.]	An upper servant.					
425	lunamanaʻo	luna·manaʻo	A*	candidate	homograph root: sense unresolved	12		0	0	luna: ?top, upper	manaʻo: thought, idea; meaning; concept; to think, to co		lunamanao [Luna, officer, and manao, thought.]	The director of one's thoughts; the internal monitor, that is, the conscience : Pioloke ka noonoo ana a ka lunamanao. The thinking of the co					
426	lunaʻauhau	luna·ʻauhau	A*	candidate	Wiktionary writes it as two words | homograph root: sense unresolved	12		0	0	luna: ?top, upper	ʻauhau: tribute; tax, tariff; to pay (tax or tribute)		lunaauhau [Luna, officer, and auhau, a tax.]	One who collects taxes and has charge of tax money; a tax-gath- erer; a publican; a master of the tribute.					
427	pahuana	pahu·ana	A*	candidate	homograph root: sense unresolved	12		0	0	pahu: to push, to shove; to thrust, to hurl; to pierce	ana: ?cave, cavern		pahuana [Pahu, to push, and ana.]	A thrusting; a striking, as with a weapon.					
428	paʻahihi	paʻa·hihi	A*	candidate		12		0	0	paʻa: solid; firm, fast, permanent	hihi: to entangle, to intertwine; to intermingle; to c		paahihi [Paa and hlhl, to spread out.]	To work here and there; to extend one's operations. Paaho/10 (pa'a-ho'-no), v. [Paa, fast, and hono, to stitch.] To be fastened by patching;					
429	paʻaluhi	paʻa·luhi	A*	candidate	homograph root: sense unresolved	12		0	0	paʻa: solid; firm, fast, permanent	luhi: ?burden, wearisome or tedious task; labor, work,		paaluhi [Paa and luhi, fatigue.]	To be overcome with weariness.					
430	piʻiana	piʻi·ana	A*	candidate	homograph root: sense unresolved	12		0	0	piʻi: ?to travel inland, thus; to rise, to climb, to as	ana: ?cave, cavern		piiana [Pii, and ana, going up.]	A path ascending a hill. Syn : Hoopiina.					
431	puʻupau	puʻu·pau	A*	candidate		12		0	0	puʻu: any geological protuberance like hill, mound; pi	pau: finished, done; destroyed; all		puupau [Puu, throat, and pau, to destroy.]	Cancer of the throat.					
432	puʻuwaiū	puʻu·waiū	A*	candidate		12		0	0	puʻu: any geological protuberance like hill, mound; pi	waiū: milk		puuwaiu [Puu, a mound, and waiu, milk.]	The breast; a milk breast or breast of milk.					
433	pāpaʻiwale	pāpaʻi·wale	A*	candidate		12		0	0	pāpaʻi: crab	wale: any bodily secretion or mucus including phlegm,		papaiwale [Papai, to strike, and wale.]	1. A strik- ing; a smiting; a method of kill- ing in former times. 2. Liquid which a priest gives when he points out a victim for sacrifice.					
434	ʻohiana	ʻohi·ana	A*	candidate	homograph root: sense unresolved	12		0	0	ʻohi: to harvest, gather or pick	ana: ?cave, cavern		ohiana [Ohi, to colI lect, and ana.]	To have one's I property swept away for debt: I ohina aupapa, same as pau ka waiwai, destitute.					
435	kālaiʻāina	kālai·ʻāina	A*	candidate		11		110	0	kālai: to carve	ʻāina: land (earth; country; real estate)		kalaiaina [Kalai, to divide, and aina, land.]	To manage or direct the affairs of the land, that is, the resources.					
436	kauhale	kau·hale	A*	candidate		11		20	0	kau: to place, to put; to settle, to perch; to enact,	hale: house, building; institution; lodge; station, ha		kauhale [Kau, place, and hale, house.]	1. A Small cluster of houses; a village. 2. A house or residence of a person. 3. A place where a house has been, or where one is to be.					
437	kaʻalewa	kaʻa·lewa	A*	candidate		11		3	1	kaʻa: car (automobile); cart, buggy; vehicle; to roll,	lewa: atmosphere; heaven, sky; air; space; wanderer; t		kaalewa [Kaa, to roll, le, contraction of lele, to fly, and lewa, the upper regions of the air.]	A rolling or rotating of anything in the air; rotation sky- ward. The word is used in de- scription of clouds which float swiftly through th					
438	lunakiʻekiʻe	luna·kiʻekiʻe	A*	candidate	homograph root: sense unresolved	11		0	3	luna: ?top, upper	kiʻekiʻe: high, lofty; exalted, majestic; height (tallness		lunakiekie [Luna, officer, and kiekie, high.]	A dignified person; a person high in responsible office; dignity.					
439	holokaʻa	holo·kaʻa	A*	candidate	homograph root: sense unresolved	11		0	1	holo: ?to go, run, slide, progress; to sail, ride, gall	kaʻa: car (automobile); cart, buggy; vehicle; to roll,		holokaa [Holo, to go fast, and kaa, a vehicle on wheels.]	To ride about in a car- riage.					
440	kaiʻau	kai·ʻau	A*	candidate		11		0	1	kai: sea; seawater, the salt water of a sea or ocean;	ʻau: to swim, travel by sea; to jut out, project		kaiau [Kai, sea, and au, to swim.]	1. Place in the sea beyond a foothold. 2. Place in the sea capable of being swum; a swimmable sea. Kaiau I u (ka'i-a-u'-lu), n. 1. The out-					
441	kikomoe	kiko·moe	A*	candidate		11		0	1	kiko: to peck; to dot, to mark; dot, point, speck; pun	moe: to sleep; to lie down; to die; to ambush; to mar		kikomoe [Kiko, point, and moe, to lie down.]	1. A hyphen (-).					
442	kualono	kua·lono	A*	candidate	homograph root: sense unresolved	11		1	0	kua: ?back; back; rear; burden; to carry on the back,	lono: news, report, rumor		kualono [Kua and lono, to hear.]	1. The space on the top of a mountain; a place of silence. 2. A knoll, small hill or protuberance on the top of a moun- tain. 3. A range of					
443	hunakaua	huna·kaua	A*	candidate		11		0	0	huna: particle, speck; crumb, scrap; small, minute; po	kaua: a war, battle, army; to fight; to go to war		hunakaua [Huna, small part of, and kaua, war.]	The individual units or single persons in a war host. Hunakele (hu'-nu-ke'-le), n, 1, A place where only one body is bur ied secretly; a bur					
444	hūlani	hū·lani	A*	candidate		11		0	0	hū: to rise, swell, inflate; to leaven; to leaven; t	lani: sky, heavens, firmament; heaven; air; majesty, v		hulani [Hu, to rise, and lani, heaven.]	1. To praise; to exalt. 2. To gush sentimental- ly; to praise extravagantly; to flatter. Syn: Lelepailani.					
445	kaiuli	kai·uli	A*	candidate		11		0	0	kai: sea; seawater, the salt water of a sea or ocean;	uli: having any dark color (blue, green, black, etc.)		kaiuli [Kai, sea, and uli, blue.]	The dark blue sea; hence, the deep sea; the name of the sea beyond the kohola. Syn: Kailuhee.					
446	kaulanaʻōlelo	kaulana·ʻōlelo	A*	candidate		11		0	0	kaulana: to be famous	ʻōlelo: language, speech; word, term; statement; quotati		kaulanaolelo [Kaulana, a putting, and olelo, word or command.]	1. Formerly used as synonymous with hooilina- olelo, or kauoha, that is, the will of a deceased person. (These words are also obsolete. The					
447	kaʻahai	kaʻa·hai	A*	candidate	homograph root: sense unresolved	11		0	0	kaʻa: car (automobile); cart, buggy; vehicle; to roll,	hai: ?to offer, to sacrifice; offering, sacrifice		kaahai [Kaa, to pass out from, me, with, and hai, another person.]	To be unlawfully begotten.					
448	kaʻaluna	kaʻa·luna	A*	candidate	homograph root: sense unresolved	11		0	0	kaʻa: car (automobile); cart, buggy; vehicle; to roll,	luna: ?top, upper		kaaluna [Kaa, to go or roll over, and luna, one over others in command.]	1. To domi- neer over; to be overbearing. 2. To sail against the wind, indicat- ing a direction opposite to that of kaalalo. See kaalalo.					
449	kikokahi	kiko·kahi	A*	candidate		11		0	0	kiko: to peck; to dot, to mark; dot, point, speck; pun	kahi: one, single; some		kikokahi [Kiko, point, and kahi, one.]	A period; the point in punctuation (.).					
450	kioahi	kio·ahi	A*	candidate	homograph root: sense unresolved	11		0	0	kio: ?to cheep, to chirp	ahi: fire (oxidation reaction)		kioahi [Kio, pool, and ahi, fire.]	A fiery pit; a place or torment; hell: a poino mau ka poe hewa i ke kioahi a ka po mau loa.					
451	komohale	komo·hale	A*	candidate		11		0	0	komo: entrance, entry; ring, thimble, tenon; to enter,	hale: house, building; institution; lodge; station, ha		komohale [Komo, enter, and hale, house.]	1. To dedicate a house (after which it was proper to use it). 2. To en- ter a new house as a habitation.					
452	kuamauna	kua·mauna	A*	candidate		11		0	0	kua: back; back; rear; burden; to carry on the back,	mauna: mountain		kuamauna [Kua, back, and mauna, a mountain.]	A protuberance or hillock on the side of a mountain.					
453	kuamoʻoʻōlelo	kuamoʻo·ʻōlelo	A*	candidate		11		0	0	kuamoʻo: alternative form of iwi kuamoʻo (“backbone, gene	ʻōlelo: language, speech; word, term; statement; quotati		kuamooolelo [Kuamoo, road, and olelo, speech, language.]	1. Spoken record or history given in regular order with no interval or break; continuous story. 2. A style of speaking; a dialect.					
454	kukuiʻōlelo	kukui·ʻōlelo	A*	candidate		11		0	0	kukui: Aleurites moluccana, the candlenut tree and frui	ʻōlelo: language, speech; word, term; statement; quotati		kukuiolelo [Kukui, to piece out, and olelo, words or speech.]	To recite; to recount, as in narration.					
455	lawehana	lawe·hana	A*	candidate		11		0	0	lawe: bearer; to transport, carry, take, bring; to und	hana: work, labor, job, employment, occupation, duty,		lawehana [Lawe, to bear, and hana, work.]	To en- gage in business; to commence and carry on work; to be ready for any business; to be industri- ously engaged. Lawekahill (la'-we-ka'-					
456	lunakahiko	luna·kahiko	A*	candidate	homograph root: sense unresolved	11		0	0	luna: ?top, upper	kahiko: old, traditional, ancient; old person		lunakahiko [Luna, officer, and kahiko, old.]	1. An elderly man of influence from age, dignity of character, knowl- edge. 2. An elder.					
457	lunaʻohana	luna·ʻohana	A*	candidate	homograph root: sense unresolved	11		0	0	luna: ?top, upper	ʻohana: family, relatives, kin group; ohana		lunaohana [Luna, head officer, and ohana, family.]	Headman or father of ^ family or tribe.					
458	lāhuiʻāina	lāhui·ʻāina	A*	candidate		11		0	0	lāhui: race, nation, tribe, people, nationality; to ass	ʻāina: land (earth; country; real estate)		lahuiaina [Lahui, people, and aina, land.]	The nations of many lands; spoken of collectively, the people of many countries.					
459	moanakai	moana·kai	A*	candidate		11		0	0	moana: ocean, sea; broad, wide	kai: sea; seawater, the salt water of a sea or ocean;		moanakai [Moana, sea, and kal, salt.]	1. The salt sea; epithet of the Dead Sea. 2. Applied in geography to salt lakes: Lilo iho la ia wahi i mo- anakai make, that place became a					
460	moʻoakua	moʻo·akua	A*	candidate		11		0	0	moʻo: lizard, dragon, serpent	akua: god (deity); any supernatural being, spirit, gho		mooakua [Moo, a story, and akua, a god.]	A legend; a story concerning the gods.					
461	moʻokanaka	moʻo·kanaka	A*	candidate		11		0	0	moʻo: lizard, dragon, serpent	kanaka: man, human, human being; subject, retainer; a Ha		mookanaka [Moo, live, and kanaka, human being.]	A genealogy or a list of the people for the purpose of taxa- tion.					
462	paʻakāhili	paʻa·kāhili	A*	candidate		11		0	0	paʻa: solid; firm, fast, permanent	kāhili: feather standard mounted on a pole, as tradition		paakahili [Paa and kahili, a fly-brush.]	An officer of a high chief who took care of the kahilis: ma kahi e noho ai na 'Hi e noho pu no Ka paakahili.					
463	puʻuhoʻomaha	puʻu·hoʻomaha	A*	candidate		11		0	0	puʻu: any geological protuberance like hill, mound; pi	hoʻomaha: to pause, to rest; to take a vacation; to retire		puuhoomaha [Puu, heap, and hoomaha, to rest.]	A resting place for travelers. Syn: Puuoioina.					
464	puʻuʻulaʻula	puʻu·ʻulaʻula	A*	candidate		11		0	0	puʻu: any geological protuberance like hill, mound; pi	ʻulaʻula: red (color); gold (metal, color)		puuulaula [Puu, a heap, and ulaula, red.]	1. A bank or mass of red earth. 2. Red- ness; the color of red earth.					
465	puʻuʻōpala	puʻu·ʻōpala	A*	candidate		11		0	0	puʻu: any geological protuberance like hill, mound; pi	ʻōpala: trash, garbage, rubbish		puuopala [Puu, heap, and opala, dirt; dust]	Dust, litter, dirt, trash, piled up into a heap.					
466	pōkahi	pō·kahi	A*	candidate		11		0	0	pō: night, period of darkness after the evening; day	kahi: one, single; some		pokahi [Po, night, and kahi, one, first.]	The first day of the week after Sunday; that is, Monday.					
467	ūahi	ū·ahi	A*	candidate	homograph root: sense unresolved	11	differs: uahi	0	0	ū: ?breast; udder	ahi: fire (oxidation reaction)		uahi [U, ooze or milk, and ahl, fire.]	Smoke; cloud; a vaporous appearance. (Uahi is the primitive form of uwahi.)					
468	ʻōʻōahi	ʻōʻō·ahi	A*	candidate		11		0	0	ʻōʻō: spade; digging stick	ahi: fire (oxidation reaction)		ooahi [Oo, a spade, and ahi, fire.]	1. A rod for stirring fire; a poker; a fire shovel: O ka mea ike i ka ooahi o Naalono; lele ka papala ooahi o ka pali. 2. A stick or spear u					
469	kaulike	kau·like	A*	candidate	homograph root: sense unresolved	10		16	0	kau: ?season; period of time, lifetime; semester, term	like: like, alike, similar		kaulike [Kau and like, alike.]	1. To balance or hang even. 2. To make alike; to make no distinction; to be just; to be equal; to be right. Syn. with ewaewa ole. 3. To be j					
470	alapiʻi	ala·piʻi	A*	candidate		10		2	6	ala: way, path, road	piʻi: to travel inland, thus; to rise, to climb, to as		alapii [Ala, path, and pii, to ascend.]	A ladder; stairs; an ascent: He alahaka, he alaulii; he alapii pali ino o Wahinekapu.					
471	kaulahao	kaula·hao	A*	candidate		10		8	0	kaula: rope, cord, string; arc of a circle	hao: iron; general name for metal tools; a bit; brand		kaulahao [Kaula, rope, and hao, iron.]	Iron chain; a rope made of iron.					
472	kahuahale	kahua·hale	A*	candidate		10		1	1	kahua: foundation; base; platform (of a house); site; l	hale: house, building; institution; lodge; station, ha		kahuahale [Kahua and hale, a house.]	1. The foundation of a house. See kahua. 2. A town; a village; a cluster of houses.					
473	kaukānāwai	kau·kānāwai	A*	candidate	homograph root: sense unresolved	10		0	2	kau: ?season; period of time, lifetime; semester, term	kānāwai: code, law, statute, act; rule, commandment (also		kaukanawai [Kau, to appoint, and kanawai, law.]	To establish or appoint, as a law; as a king or legislature.					
474	kinomake	kino·make	A*	candidate		10		0	2	kino: body; form; person, self; person; main portion;	make: death; peril; to die; dead; to faint		kinomake [Kino, body, and make, dead.]	A dead body of man or animal. Syn: Kupapau.					
475	luaʻole	lua·ʻole	A*	candidate		10		0	2	lua: two; second; double; duplicate; companion; a tra	ʻole: not, without, lacking; to deny; zero, nothing, n		luaole [Lua, second, and ole, no; none.]	1. A darling; a nonesuch; an only and dear one. 2. The most that can be; that which excels all else; a word ex- pressing the superlative deg					
476	hōkūao	hōkū·ao	A*	candidate		10		1	0	hōkū: star (luminous celestial body)	ao: light; daylight; day; dawn		hokuao [Hoku, star, and ao, light.]	The planet Venus when it is the morning star. Also called hokuloa.					
477	akeloa	ake·loa	A*	candidate		10	differs: ake loa	0	0	ake: liver (organ of the body); to yearn for, desire	loa: distance, length; long, permanent		akeloa [Ake, liver and loa, long.]	The spleen. Also call- ed akeniau.					
478	hakuhale	haku·hale	A*	candidate		10		0	0	haku: lord, master, overseer, employer, owner, possess	hale: house, building; institution; lodge; station, ha		hakuhale [Haku, master, and hale, house.]	The master or owner of a house.					
479	hauʻole	hau·ʻole	A*	candidate		10		0	0	hau: dew; ice, snow, frost; cool breeze; cool, cold;	ʻole: not, without, lacking; to deny; zero, nothing, n		hauole [Hau, frost, dew, etc., and ole, not.]	Without dew, as a barren place.					
480	hikimoe	hiki·moe	A*	candidate		10		0	0	hiki: ability; can, be able to; to reach, arrive	moe: to sleep; to lie down; to die; to ambush; to mar		hikimoe [Hiki and moe, to lie down.]	(Poetical only.) The west; place where the sun sets. (Usual word for the west is komohana.)					
481	hūʻē	hū·ʻē	A*	candidate	homograph root: sense unresolved	10	differs: hue / huʻe	0	0	hū: to rise, swell, inflate; to leaven; to leaven; t	ʻē: ?The name of the Latin script letter E/e.		hue [Hu, to flow, or overflow, and e, from.]	1. To cause to flow out; to unload, as a ship. 2. To remove; to throw out of, as in unloading cargo.					
482	kahupuaʻa	kahu·puaʻa	A*	candidate	homograph root: sense unresolved	10		0	0	kahu: ?keeper, guardian, caretaker; an honored attendan	puaʻa: pig, hog, swine; pork; a general name for any in		kahupuaa [Kahu and puaa, swine.]	A swine herd,					
483	kaiheʻenalu	kai·heʻenalu	A*	candidate		10		0	0	kai: sea; seawater, the salt water of a sea or ocean;	heʻenalu: surf		kaiheenalu [Kai, sea, and heenalu, to slide down the surf. A surf-sliding sea.]	A place where the sea is favorable for surf-riding.					
484	kalahale	kala·hale	A*	candidate	homograph root: sense unresolved	10	differs: kala hale	0	0	kala: ?horn, spike, thorn; sharkskin; surgeonfish	hale: house, building; institution; lodge; station, ha		kalahale [Kala and hale, the end of a house.]	Like the end of a house, that is, per- pendicular, or nearly so; o na wahi e kiekie kalahale ana ma kahi aoao, he pali ia, places being per-					
485	kaʻamaloʻo	kaʻa·maloʻo	A*	candidate	homograph root: sense unresolved	10		0	0	kaʻa: ?car (automobile); cart, buggy; vehicle; to roll,	maloʻo: dry; dryness		kaamaloo [Kaa and maloo, dry.]	To wipe dry; to dry, as with a cloth.					
486	kaʻaoki	kaʻa·oki	A*	candidate	homograph root: sense unresolved	10		0	0	kaʻa: ?car (automobile); cart, buggy; vehicle; to roll,	oki: to finish; to stop		kaaoki [Kaa, to separate from, and oki, to stop.]	1. To complete; to finish off, as a canoe. 2. To beautify, as in putting on the finish: Kaaoki iho oe i kahi puniu a haawi mai; finish off t					
487	kiʻikū	kiʻi·kū	A*	candidate		10		0	0	kiʻi: a picture, image, drawing, photograph, illustrat	kū: to stand, to rise; to stop, to halt; to anchor,		kiiku [Kii, image, and ku, to stand.]	A standing image or idol.					
488	kuʻihewa	kuʻi·hewa	A*	candidate		10		0	0	kuʻi: to pound, to strike; to jam in; to churn (of but	hewa: mistake; sin; fault, guilt; wrong; sinful, wicke		kuihewa [Kul, to strike, and hewa, wrong.]	To strike or hit by mistake.					
489	lololoa	lolo·loa	A*	candidate		10		0	0	lolo: brain; bone marrow; coconut heart or coconut app	loa: distance, length; long, permanent		lololoa [Lolo, palsy, and loa, very.]	The feeling of an arm or leg when the blood ceases to circulate.					
490	palemaka	pale·maka	A*	candidate	homograph root: sense unresolved	10		0	0	pale: ?headdress; cover; pad, lining	maka: eye (organ); face; bud; beloved one; mesh of a n		palemaka [Pale, a garment, and maka, face.]	A veil; a covering for the face.					
491	pukahale	puka·hale	A*	candidate		10		0	0	puka: hole, gate, doorway; a snare, a trap; to pass th	hale: house, building; institution; lodge; station, ha		pukahale [Puka, opening, and hale, house.]	1. A window of a house. 2. A gate or doorway of a house; a place for going out and coming in.					
492	pālāʻau	pā·lāʻau	A*	candidate		10		0	0	pā: fence, wall, enclosure; pen, sty	lāʻau: tree, wood; medicine; wooden; medical		palaau [Pa, fence, and laau, timber.]	A stick fence; a wooden fence: he palaau ka pa kahiko; palaau oioi, a thorn hedge.					
493	ʻōpūnui	ʻōpū·nui	A*	candidate		10		0	0	ʻōpū: stomach, belly, womb; bladder; ventricle; maw; c	nui: plenty, a lot, size, dimension, number, area; gr		opunui [Opu, abdomen, and nul, large.]	Corpulent, large-bellied: Ina aole lio, make loa na 'lii opunul i ka maloeloe, if there are no horses, the big- bellied chiefs will die with					
494	nohoaliʻi	noho·aliʻi	A*	candidate		9		0	77	noho: seat; chair, stool, pew; throne; saddle (of a ho	aliʻi: a hereditary rank of traditional chief; noble		nohoalii [Noho, a seat, and alii, chief.]	A throne; a king's seat.					
495	moʻokūʻauhau	moʻo·kūʻauhau	A*	candidate		9		29	0	moʻo: lizard, dragon, serpent	kūʻauhau: genealogy; pedigree, lineage; genealogist, histo		mookuauhau [Moo, a line, and kuauhau, a story, a tax.]	A story, history or gene- alogy, a line of descent for the people, but in connection with taxes. (The mookuauhau has sev- eral sources; some					
496	ululāʻau	ulu·lāʻau	A*	candidate	Wiktionary writes it as two words	9		22	0	ulu: growth; grove; flock; to grow	lāʻau: tree, wood; medicine; wooden; medical		ululaau [Ulu, to grow, and laau, tree.]	A thicket of trees; a wood. He ululaau! ua nee ae la iloko o ke kai; It is a forest! It has moved into the sea! (The exclamation of Ha- waii					
497	aʻakoko	aʻa·koko	A*	candidate		9		0	1	aʻa: root (of plant); vein of leaf; blood vessel incl	koko: blood		aakoko [Aa, vein, and koko, blood.]	A vein; a blood vessel.					
498	kaieʻe	kai·eʻe	A*	candidate	Wiktionary writes it as two words	9		0	1	kai: sea; seawater, the salt water of a sea or ocean;	eʻe: to get on, to board; to climb on, to mount; to l		kaiee [Kai, sea, and ee, to get upon.]	1. A rising tide, a swelling of the sea; a spreading over the sea. Syn: Kaiea. 2. Any extraordinary ocean wave which overflows its natural l					
499	kūlanahale	kūlana·hale	A*	candidate		9		1	0	kūlana: position, situation; site, patch; stance, attitu	hale: house, building; institution; lodge; station, ha		kulanahale [Kulana, a collection, a site, and hale, house.]	1. A village. A cluster of houses; a town; a city: ma ko kakou noho ana ma keia kulanahale, ma Lahainaluna nei, by our living at this villag					
500	makuawahine	makua·wahine	A*	candidate		9		0	1	makua: elder; parent	wahine: woman, female; wife; queen; Mrs; female, feminin		makuawahine [Makua, parent, and wahine, female.]	A mother, etc., subject to all the figurative ideas of makua, n.					
501	aholoa	aho·loa	A*	candidate	homograph root: sense unresolved	9		0	0	aho: ?fishing line, cord	loa: distance, length; long, permanent		aholoa [Aho, patient, and loa, long.]	Patient; long suffering. See ahonui.					
502	kahuakua	kahu·akua	A*	candidate		9		0	0	kahu: keeper, guardian, caretaker; an honored attendan	akua: god (deity); any supernatural being, spirit, gho		kahuakua [Kahu, a guardian or caretaker, and akua, a god.]	One whose office it is to take care of a god; one engaged about the altar; a priest.					
503	kahuaʻole	kahua·ʻole	A*	candidate		9		0	0	kahua: foundation; base; platform (of a house); site; l	ʻole: not, without, lacking; to deny; zero, nothing, n		kahuaole [Kahua, foundation, and ole, not.]	1. A good for nothing person; a useless person. 2. A person or thing with no foundation; one without char- acter.					
504	kaihulu	kai·hulu	A*	candidate	homograph root: sense unresolved	9		0	0	kai: sea; seawater, the salt water of a sea or ocean;	hulu: ?hair (the collection or mass of filaments growin		kaihulu [Kai, sea, and hulu, hairy.]	To be in a foam, as the sea agitated greatly by the winds; to act, as the sea when current and wind are contrary.					
505	kaimalolo	kai·malolo	A*	candidate		9		0	0	kai: sea; seawater, the salt water of a sea or ocean;	malolo: low; resting, paused; rest, pause		kaimalolo [Kai, sea, and malolo, retreating.]	Re- treating sea; a shallow place in the sea where the tide is at rest.					
506	kaukoko	kau·koko	A*	candidate		9		0	0	kau: to place, to put; to settle, to perch; to enact,	koko: blood		kaukoko [Kau, to put upon, and koko, a net woven in meshes to hold or carry anything.]	To carry anything with a koko and auamo (carrying stick). See auamo.					
507	kaulawahine	kaula·wahine	A*	candidate		9		0	0	kaula: rope, cord, string; arc of a circle	wahine: woman, female; wife; queen; Mrs; female, feminin		kaulawahine [Kaula, prophet, and wahine.]	A prophetess.					
508	kaupoʻohiwi	kau·poʻohiwi	A*	candidate	homograph root: sense unresolved	9		0	0	kau: ?season; period of time, lifetime; semester, term	poʻohiwi: shoulder		kaupoohiwi [Kau and poohiwi, the shoulder.]	To put or place on the shoulder; to shoulder, as something heavy, as firearms.					
509	lehuahi	lehu·ahi	A*	candidate		9		0	0	lehu: ash (of colour and substance); grey	ahi: fire (oxidation reaction)		lehuahi [Lehu, ashes, and ahi, fire.]	The rem- nants of fire; ashes.					
510	lolehana	lole·hana	A*	candidate		9		0	0	lole: to unfold, reverse; to skin, flay; to wear cloth	hana: work, labor, job, employment, occupation, duty,		lolehana [Lole,' cloth, and hana, work.]	A work- ing garment.					
511	luapō	lua·pō	A*	candidate		9		0	0	lua: pit, hole; toilet	pō: night, period of darkness after the evening; day		luapo [Lua, pit, and po, night.]	The grave.					
512	luawahine	lua·wahine	A*	candidate	homograph root: sense unresolved	9		0	0	lua: ?two; second; double; duplicate; companion; a tra	wahine: woman, female; wife; queen; Mrs; female, feminin		luawahine [Lua and wahine, woman.]	A contraction of luwahine. An old woman.					
513	lāhuikaua	lāhui·kaua	A*	candidate		9		0	0	lāhui: race, nation, tribe, people, nationality; to ass	kaua: a war, battle, army; to fight; to go to war		lahuikaua [Lahui, assemblage, and kaua, war.]	1. People assembled for war; war- riors; a company of soldiers. 2. Fighting people.					
514	lāʻaupiʻi	lāʻau·piʻi	A*	candidate		9		0	0	lāʻau: tree, wood; medicine; wooden; medical	piʻi: to travel inland, thus; to rise, to climb, to as		laaupii [Laau and pii, to ascend.]	An emetic. Syn: Laauluai, laauhoopii.					
515	makehewa	make·hewa	A*	candidate		9		0	0	make: death; peril; to die; dead; to faint	hewa: mistake; sin; fault, guilt; wrong; sinful, wicke		makehewa [Make and hewa, wrong.]	1. To be or to do to no purpose; to do in vain or to no profit. 2. To be not worth while.					
516	moʻokupuna	moʻo·kupuna	A*	candidate		9		0	0	moʻo: lizard, dragon, serpent	kupuna: grandparent; ancestor		mookupuna [Moo, line, and kupuna, grandfather.]	A list or line of the stock or tribe of one's family or ancestors; a genealogy.					
517	olokaʻa	olo·kaʻa	A*	candidate		9		0	0	olo: to rub back and forth, to grate; to saw	kaʻa: car (automobile); cart, buggy; vehicle; to roll,		olokaa [Olo and kaa, to roll.]	1. To roll; to roll over and over, as a stone; to roll away; to roll to a place; to roll off, as a burden; to take away, as a reproach: Olok					
518	palakea	pala·kea	A*	candidate		9		0	0	pala: to smear, to smudge; to daub, to blot; to coat	kea: white; clear		palakea [Pala, soft, and kea, white.]	Applied to anything soft and white; white; clear; unclouded; unshaded with any color.					
519	paukē	pau·kē	A*	candidate		9		0	0	pau: finished, done; destroyed; all	kē: complaint; critic; to protest; to criticize; The		pauke [Pau and ke, to press against.]	To slander; to belie; to tell lies about. Syn: Paokee.					
520	pīkai	pī·kai	A*	candidate		9		0	0	pī: stinginess; The name of the Latin script letter	kai: sea; seawater, the salt water of a sea or ocean;		pikai [Pi, to sprinkle, and kal, salt water.]	To purify by sprinkling with salt and water, an old Hawaiian custom said to be still practiced.					
521	pōhakuhele	pōhaku·hele	A*	candidate		9		0	0	pōhaku: stone, rock, mineral; tablet; stony, rocky; stub	hele: to walk, move; to be mobile; to become		pohakuhele [Pohaku, a stone, and hele, to go.]	Lit. A walking stone. A species of small crab which has a shell like a stone.					
522	pōhakukaʻa	pōhaku·kaʻa	A*	candidate		9		0	0	pōhaku: stone, rock, mineral; tablet; stony, rocky; stub	kaʻa: car (automobile); cart, buggy; vehicle; to roll,		pohakukaa [Pohaku, stone, and kaa, to turn.]	1. A millstone: ponakukaa palaoa. 2. A rolling stone.					
523	pōlima	pō·lima	A*	candidate		9		0	0	pō: night, period of darkness after the evening; day	lima: five; fifth; hand (part of the body)		polima [Po, night, and lima, five; the fifth.]	The fifth day (night) after Sunday; that is, Friday: I ka 21 Augate oia ka Poalima, the 21st of August, that was Friday. 2. A religious meet					
524	pōʻaihele	pōʻai·hele	A*	candidate		9		0	0	pōʻai: to coil up; to encircle; to go around, to circul	hele: to walk, move; to be mobile; to become		poaihele [Poai, a circle, and hele, to go.]	To travel about from place to place.					
525	wahamana	waha·mana	A*	candidate	homograph root: sense unresolved	9		0	0	waha: mouth	mana: ?mana (religious or spiritual power); power, auth		wahamana [Waha, mouth, and mana, divided.]	1. A screen; a double shutter. 2. A digression in one's speech; a turning off the subject in conver- sation.					
526	ʻōpūao	ʻōpū·ao	A*	candidate	homograph root: sense unresolved	9		0	0	ʻōpū: stomach, belly, womb; bladder; ventricle; maw; c	ao: ?light; daylight; day; dawn		opuao [Opu, belly, and ao, enlightened.]	Wise heart- ed; knowing; intelligent; sim- ilar to naauao, but less used.					
527	ʻōʻōhao	ʻōʻō·hao	A*	candidate		9		0	0	ʻōʻō: spade; digging stick	hao: iron; general name for metal tools; a bit; brand		oohao [Oo, a digging tool, and hao, iron.]	The iron oo. See oo. Applied also to the plow.					
528	ʻūpāahi	ʻūpā·ahi	A*	candidate		9		0	0	ʻūpā: to open and close the mouth in eating, speaking	ahi: fire (oxidation reaction)		upaahi [Upa and ahi, fire.]	1. Tongs. 2. A class of excessively licentious women.					
529	hakuwahine	haku·wahine	A*	candidate		8		0	1	haku: lord, master, overseer, employer, owner, possess	wahine: woman, female; wife; queen; Mrs; female, feminin		hakuwahine [Haku, a lord, and wahine, a female.]	1. A female master, that is, a mistress. 2. The wife of a chief or noble.					
530	lāhana	lā·hana	A*	candidate		8		0	1	lā: day, cycle of 24 hours	hana: work, labor, job, employment, occupation, duty,		lahana [La, day, and hana, to work]	A day's work; the work of a day. (Properly two words.)					
531	ʻoleloa	ʻole·loa	A*	candidate		8		0	1	ʻole: not, without, lacking; to deny; zero, nothing, n	loa: distance, length; long, permanent		oleloa [Ole, not, and loa, an intensive.]	Not at all; by no means; in no degree.					
532	anawaenaloa	anawaena·loa	A*	candidate		8		0	0	anawaena: diameter	loa: distance, length; long, permanent		anawaenaloa [Anawaena, and loa, long.]	The transverse diameter of an ellipse.					
533	auwaha	au·waha	A*	candidate		8		0	0	au: era, period of time; current (water); movement;	waha: mouth		auwaha [Au, furrow, and waha, mouth.]	An opening of the ground, as a furrow; plowed ground; a ditch; a channel; a place dug like a pit: He lua loihi i eli ia a puni ke kihapai, a					
534	haiao	hai·ao	A*	candidate		8		0	0	hai: to offer, to sacrifice; offering, sacrifice	ao: light; daylight; day; dawn		haiao [Hai, sacrifice, and ao, day.]	A sacrifice offered in the daytime as distinguished from haipo, a night sacrifice.					
535	haipō	hai·pō	A*	candidate		8		0	0	hai: to offer, to sacrifice; offering, sacrifice	pō: night, period of darkness after the evening; day		haipo [Hai, a sacrifice, and po, night.]	A sacrifice offered in the night in distinction from haiao.					
536	haʻiʻole	haʻi·ʻole	A*	candidate		8		0	0	haʻi: to break, to snap; break, fracture	ʻole: not, without, lacking; to deny; zero, nothing, n		haiole [Hal, to break, and ole, not.]	Wilful; im- pudent; disobedient,					
537	holowaʻa	holo·waʻa	A*	candidate	homograph root: sense unresolved	8		0	0	holo: ?to go, run, slide, progress; to sail, ride, gall	waʻa: canoe		holowaa [Holo and waa, canoe.]	1. A box; a chest; a trunk; a coffin; a cradle; an oblong receptacle. See kawaa. 2.  A species of fishing net. 3. A trough; a watering troug					
538	holowā	holo·wā	A*	candidate	homograph root: sense unresolved	8		0	0	holo: ?to go, run, slide, progress; to sail, ride, gall	wā: ?to make noise, to roar; to talk a lot; to gossip		holowa [Holo, to thrust, and wa, cleft or space between.]	A thrusting through a wa or cleft. (This word evidently was invented by the translators of the Scriptures to describe the en- gines of war u					
539	hānaukahi	hānau·kahi	A*	candidate		8		0	0	hānau: birth; offspring, child; to give birth; fertile	kahi: one, single; some		hanaukahi [Hanau, born, and kahi, one.]	An only child.					
540	hūhonua	hū·honua	A*	candidate	homograph root: sense unresolved	8		0	0	hū: to rise, swell, inflate; to leaven; to leaven; t	honua: ?land; earth; world; basic, fundamental		huhonua [Hu, to rise, and honua, going before.]	To rise in action that shall result in the general welfare: E huhonua i manakai ka wai.					
541	hūpuna	hū·puna	A*	candidate		8		0	0	hū: to rise, swell, inflate; to leaven; to leaven; t	puna: spring (water source); coral, lime, plaster		hupuna [Hu, to overflow and puna, a spring.]	A col- lection or overflow of spring water in a hollow place.					
542	kahumoku	kahu·moku	A*	candidate	homograph root: sense unresolved	8		0	0	kahu: ?keeper, guardian, caretaker; an honored attendan	moku: to be broken off, to be severed, to be amputated		kahumoku [Kahu and moku, a ship.]	A mate of a ship; specifically, the second mate.					
543	kauliʻiliʻi	kau·liʻiliʻi	A*	candidate	homograph root: sense unresolved	8		0	0	kau: ?season; period of time, lifetime; semester, term	liʻiliʻi: little, few		kauliilii [Kau and liilii, little.]	1. To divide out in small quantities; to make distribu- tions on a small scale. 2. To be scattered. Kau I ike (ka'u-li'-ke), adj. 1. Just; e					
544	kaupale	kau·pale	A*	candidate	homograph root: sense unresolved	8	match	0	0	kau: ?season; period of time, lifetime; semester, term	pale: to ward off; to protect		kaupale [Kau and pale, to ward off.]	1. To sepa- rate; to put a mark or sign of par- tition; to cause a division; to stand between; to set or put, as an obstruction or division;					
545	kaupākū	kau·pākū	A*	candidate	homograph root: sense unresolved	8		0	0	kau: ?season; period of time, lifetime; semester, term	pākū: partition, screen, curtain; shield, defense		kaupaku [Kau and paku, a partition.]	1. The ridge pole of a house. 2. [Mod.] A roof.					
546	kiaʻipoʻo	kiaʻi·poʻo	A*	candidate		8		0	0	kiaʻi: to guard, to watch over; to overlook; guard, wat	poʻo: head; summit; director		kiaipoo [Kiai, watch, I and poo, the head.]	A head guard; I title of the person who guarded the king for the time being: ua kapaia ua kanaka la, kiaipoo; that person (who guarded the k					
547	kuenehale	kuene·hale	A*	candidate		8		0	0	kuene: steward; waiter; to lay out, to put in order, to	hale: house, building; institution; lodge; station, ha		kuenehale [Kuene, to frame or lay out, and hale, house.]	1. The knowledge of the several trades of house building. 2. One skilled in framing and fin- ishing a house: o ka ike i ka mahiai, o ka ike					
548	kāmaʻaloa	kāmaʻa·loa	A*	candidate		8		0	0	kāmaʻa: sandal, slipper; shoe, boot	loa: distance, length; long, permanent		kamaaloa [Kamaa, sandals, and loa, long.]	The runners on which a holua (sled) slides.					
549	lelepono	lele·pono	A*	candidate		8		0	0	lele: to jump, leap, hop, skip; to fly; to swing, boun	pono: righteousness; morality, goodness, excellence; c		lelepono [Lele, to leap or fly, and pono, right.]	1. To live prosperously; to be blessed in one's business; to transact busi- ness rightly. 2. To die happily.					
550	leowahine	leo·wahine	A*	candidate		8		0	0	leo: voice; sound; command; verbal message; to speak;	wahine: woman, female; wife; queen; Mrs; female, feminin		leowahine [Leo, voice, and wahlne, a woman.]	1. In music, the highest voice; the air of a tune. 2. Woman's voice.					
551	lālālāʻau	lālā·lāʻau	A*	candidate		8		0	0	lālā: branch, bough; frond (of coconut); limb; timber	lāʻau: tree, wood; medicine; wooden; medical		lalalaau [Lala, branch, limb, and laau, tree.]	A branch or limb of a tree.					
552	lāʻauala	lāʻau·ala	A*	candidate	homograph root: sense unresolved	8		0	0	lāʻau: tree, wood; medicine; wooden; medical	ala: ?way, path, road		laauala [Laau, wood, and ala, odoriferous.]	San- dal-wood, an odoriferous wood for- merly in great abundance in the mountainous regions. Syn: Iliahi.					
553	lāʻaukeʻa	lāʻau·keʻa	A*	candidate		8		0	0	lāʻau: tree, wood; medicine; wooden; medical	keʻa: horizontal boom connecting two hulls or outrigge		laaukea [Laau, wood, and kea, a cross.]	A cross of wood.					
554	lāʻaukia	lāʻau·kia	A*	candidate	homograph root: sense unresolved	8		0	0	lāʻau: tree, wood; medicine; wooden; medical	kia: ?pillar, post; mast, spar; nail, spike; snare, tr		laaukia [Laau, stick, and kia, to entrap.]	A stick used by bird catchers. A rod pointed with bird-lime and used in taking birds.					
555	manamananui	manamana·nui	A*	candidate	homograph root: sense unresolved	8		0	0	manamana: ?finger, toe	nui: plenty, a lot, size, dimension, number, area; gr		manamananui [Manamana, branch, and nui, large.]	The thumb or the great toe as it is connected with the lima, hand, or the wawae, foot.					
556	noaloa	noa·loa	A*	candidate		8		0	0	noa: release from taboo restrictions; a commoner; fre	loa: distance, length; long, permanent		noaloa [Noa, free from tabu, au, time, and loa, long.]	A name applied to Kaui- keaouli because he reigned over the people without tabu; o ke alii  malama makaainana, he alii noa- auloa ia.					
557	paupū	pau·pū	A*	candidate	homograph root: sense unresolved	8		0	0	pau: finished, done; destroyed; all	pū: ?tree, cluster of several stalks; cluster, clump		paupu [Pau, all and pu, together,]	All together; all in one condition; together in the same circumstances: Paupu ka- kou malalo o ka make, we are all alike under sentence of d					
558	paʻihua	paʻi·hua	A*	candidate		8		0	0	paʻi: to hit; to slap, to spank; to clap; to print; to	hua: fruit; egg; seed, grain; result, effect		paihua [Pal, bundle,' and hua, fruit.]	A bundle of fruit, i					
559	puapoʻo	pua·poʻo	A*	candidate		8		0	0	pua: flower; progeny, child; young (of fish, etc); ar	poʻo: head; summit; director		puapoo [Pua, blossom, and poo, head.]	1. A head blossom, that is, the comb of a cock or other bird; a tuft of feathers on the head of a bird; i ka puapoo o ka mauu puukoa. 2. Flo					
560	pōhakulepo	pōhaku·lepo	A*	candidate		8		0	0	pōhaku: stone, rock, mineral; tablet; stony, rocky; stub	lepo: soil, dirt; filth		pohakulepo [Pohaku, stone, and lepo, dirt.]	A brick made of soil mixed with grass or straw, and dried in the sun. Syn: Adobe.					
561	pōʻaipuni	pōʻai·puni	A*	candidate	homograph root: sense unresolved	8		0	0	pōʻai: to coil up; to encircle; to go around, to circul	puni: ?surrounded, enclosed; controlled; overcome (by e		poaipuni [Poai, circle, and puni, around.]	To trav- el round here and there; to go round a country for any purpose; to circumambulate. Syn: Poaihele.					
562	wahapuʻu	waha·puʻu	A*	candidate		8		0	0	waha: mouth	puʻu: any geological protuberance like hill, mound; pi		wahapuu [Waha, mouth, and puu, swelled.]	A per- son who speaks unintelligibly in conversation; a boisterous person; a loud talker.					
563	ʻukupoʻo	ʻuku·poʻo	A*	candidate		8		0	0	ʻuku: louse, flea (insect)	poʻo: head; summit; director		ukupoo [Uku, louse, and poo, the head.]	A head louse. Uku uku (u'-ku-u'-ku), adj. Very small; little. Syn: Uuku.					
564	kikowaena	kiko·waena	A*	candidate		7		65	1	kiko: to peck; to dot, to mark; dot, point, speck; pun	waena: middle		kikowaena [Kiko, point, and waena, the middle.]	The center of a circle.					
565	alahaka	ala·haka	A*	candidate	homograph root: sense unresolved	7	match	7	0	ala: way, path, road	haka: ?shelf, rack; perch, roost; platform		alahaka [Ala, a path, and haka, open.]	1. A ladder. 2. A rough road, with many ravines or chasms.					
566	kuʻikahi	kuʻi·kahi	A*	candidate		7		7	0	kuʻi: to join, to unite; to stitch; to splice; conjoin	kahi: one, single; some		kuikahi [Kul, to unite, and kahi, one.]	1. To have things and interests united. 2. To be at peace: ua kulkahl ke au- puni; the kingdom is in a state of peace. 3. To be conducive to					
567	ahonui	aho·nui	A*	candidate	homograph root: sense unresolved	7		5	0	aho: ?fishing line, cord	nui: plenty, a lot, size, dimension, number, area; gr		ahonui [Aho, patient, and nui, much.]	Forbearance; long suffering; patience.					
568	leialiʻi	lei·aliʻi	A*	candidate		7		0	3	lei: lei, a wreath of flowers or leaves; necklace; ch	aliʻi: a hereditary rank of traditional chief; noble		leialii [Lei and alii, a chief.]	A crown, that is, a king's lei. A diadem. Syn: Papale- alii and korona.					
569	pāpalealiʻi	pāpale·aliʻi	A*	candidate		7		0	3	pāpale: hat, cap; crest; to wear a hat; to overshadow	aliʻi: a hereditary rank of traditional chief; noble		papalealii [Papale, hat, and alii, chief.]	A crown; a distinguishing head dress of a king. Syn : Leialii.					
570	maʻaʻula	maʻa·ʻula	A*	candidate		7		2	0	maʻa: custom, habit; sling (weapon); accustomed, famil	ʻula: red (color)		maaula [Maa and ula, red.]	A red earth used in coloring, obtained in some deep ravines.					
571	manamanalima	manamana·lima	A*	candidate	homograph root: sense unresolved	7		0	1	manamana: ?finger, toe	lima: five; fifth; hand (part of the body)		manamanalima [Manamana, to branch, and lima, hand or arm.]	The branching of the arm; the finger.					
572	auwaʻa	au·waʻa	A*	candidate		7		0	0	au: era, period of time; current (water); movement;	waʻa: canoe		auwaa [Au, a number, and waa, a canoe.]	A cluster or fleet of canoes: o ka nui o ka auwaa, ua pau i ka lukuia, the greater part of the fleet of ca- noes was destroyed. Any number o					
573	auwā	au·wā	A*	candidate	homograph root: sense unresolved	7		0	0	au: era, period of time; current (water); movement;	wā: ?to make noise, to roar; to talk a lot; to gossip		auwa [Au, a period of time and wa, to think or reflect.]	The word is evidently a corruption of aua, to withhold; to retain.					
574	hinamoe	hina·moe	A*	candidate		7		0	0	hina: to fall, to tumble; to slant	moe: to sleep; to lie down; to die; to ambush; to mar		hinamoe [Hina, to fall, and moe, to lie down.]	1. A place of death (often applied to volcanoes). 2. A place in Ha- waiian story where Pele's smoke falls over and lies at the foot of a sac					
575	holomoku	holo·moku	A*	candidate	homograph root: sense unresolved	7		0	0	holo: ?to go, run, slide, progress; to sail, ride, gall	moku: to be broken off, to be severed, to be amputated		holomoku [Holo and moku, ship.]	1, To sail on a ship. 2. To rush along, as a tor- rent; to move or push forward impetuously.					
576	hunalepo	huna·lepo	A*	candidate		7		0	0	huna: particle, speck; crumb, scrap; small, minute; po	lepo: soil, dirt; filth		hunalepo [Huna, small part, and lepo, dust.]	Dust; very small particles of matter.					
577	hūʻalu	hū·ʻalu	A*	candidate	homograph root: sense unresolved	7		0	0	hū: ?to rise, swell, inflate; to leaven; to leaven; t	ʻalu: loose skin over the eyeball; ravine, cavity, den		hualu [Hu and alu, loose.]	1. A slight viscous mem- brane that affects the eye. 2. The loose skin under the eyeball.					
578	iwikū	iwi·kū	A*	candidate		7		0	0	iwi: bone; the hard inedible core below the flesh of	kū: to stand, to rise; to stop, to halt; to anchor,		iwiku [Iwi and ku, to stand.]	One of the bones of the lower leg.					
579	kahimoe	kahi·moe	A*	candidate		7		0	0	kahi: the place	moe: to sleep; to lie down; to die; to ambush; to mar		kahimoe [Kahi, place, and moe, to sleep.]	A sleeping place; a bedstead.					
580	kakahele	kaka·hele	A*	candidate		7		0	0	kaka: to rinse	hele: to walk, move; to be mobile; to become		kakahele [Kaka and hele, to go.]	1. To go quickly; to move quickly; to be in a hurry. 2. To go recklessly.					
581	kapuahihao	kapuahi·hao	A*	candidate		7		0	0	kapuahi: fireplace, hearth; stove, furnace, heater; forge	hao: iron; general name for metal tools; a bit; brand		kapuahihao [Kapuahi, fireplace, and hao, iron.]	1. An iron stove; an iron furnace. 2. The place or circumstances of affliction, used in a figurative sense.					
582	keikipapa	keiki·papa	A*	candidate	homograph root: sense unresolved	7		0	0	keiki: child; offspring; boy; son; nephew; calf, colt,	papa: ?board, lumber; flat surface, layer; foundation;		keikipapa [Keiki, descendant, and papa, an ancestor.]	1. A resident; a descendant; one who among many others, is a descendant of some great man, who lived perhaps several gene- rations back; but					
583	kiakolu	kia·kolu	A*	candidate		7		0	0	kia: pillar, post; mast, spar; nail, spike; snare, tr	kolu: three; third		kiakolu [Kia, mast, and kolu, three.]	A ship having three masts: he kiakolu, a three- masted ship.					
584	kiaʻipō	kiaʻi·pō	A*	candidate		7		0	0	kiaʻi: to guard, to watch over; to overlook; guard, wat	pō: night, period of darkness after the evening; day		kiaipo [Kiai, watch, j and po, night.]	A night watch; a j watch in the night.					
585	koʻokoʻohao	koʻokoʻo·hao	A*	candidate		7		0	0	koʻokoʻo: cane; staff; rod; support; prop; means of liveli	hao: iron; general name for metal tools; a bit; brand		kookoohao [Kookoo, staff, and hao, iron.]	An iron staff; a rod of iron.					
586	kuʻikē	kuʻi·kē	A*	candidate	homograph root: sense unresolved	7		0	0	kuʻi: ?to pound, to strike; to jam in; to churn (of but	kē: complaint; critic; to protest; to criticize; The		kuike [Kui, and ke, to push away.]	1. To smooth off a place; to leave nothing rough: ua kulkela a pau loa, it is all smoothed over. 2. To strike right and left indiscriminatel					
587	kāala	kā·ala	A*	candidate	homograph root: sense unresolved	7		0	0	kā: to strike, hit, thrust, dash, hurl (especially w	ala: ?way, path, road		kaala [Ka, to hurl, and ala, stone used as an implement of war.]	To sling the ala.					
588	kāhau	kā·hau	A*	candidate	homograph root: sense unresolved	7		0	0	kā: to strike, hit, thrust, dash, hurl (especially w	hau: ?dew; ice, snow, frost; cool breeze; cool, cold;		kahau [Ka, to hurl, and hau, a stick of the hau tree.]	A game involving the hurling of light spears made of hau timber. These spears sometimes went whizzing through the air for a dis-  tance of t					
589	laʻamake	laʻa·make	A*	candidate		7		0	0	laʻa: sacred, holy, consecrated; bound under oath; in	make: death; peril; to die; dead; to faint		laamake [Laa, devoted to, and make, death.]	The time when vegetables generally die or dwindle or grow slowly, like autumn in cooler climates; oppo- site to laaulu.					
590	leleʻio	lele·ʻio	A*	candidate		7		0	0	lele: to jump, leap, hop, skip; to fly; to swing, boun	ʻio: Hawaiian hawk (Buteo solitarius)		leleio [Lele, to depart, to leap, and io, really.]	To die quickly; to die suddenly.					
591	lolokaʻa	lolo·kaʻa	A*	candidate		7		0	0	lolo: brain; bone marrow; coconut heart or coconut app	kaʻa: car (automobile); cart, buggy; vehicle; to roll,		lolokaa [Lolo, brain, and kaa, to turn.]	A disease of the head; dizziness affecting the eyes.					
592	lulualiʻi	lulu·aliʻi	A*	candidate		7		0	0	lulu: calm, peace; shelter; safe place; shield	aliʻi: a hereditary rank of traditional chief; noble		lulualii [Lulu, a shaking or fluttering, as a loose garment, and alii, chief; royal.]	A garment of bird's feathers; a robe of royalty.					
593	lāʻauluaʻi	lāʻau·luaʻi	A*	candidate		7		0	0	lāʻau: tree, wood; medicine; wooden; medical	luaʻi: vomit; eruption (from a volcano); to vomit; to e		laauluai [Laau, medicine, and luai, to vomit.]	An emetic. Syn: Laaupii and laau- hoopii. Laaumakai (la'-a'u-ma'-ka'i), n, [Laau, wood, and makai, a con- stable.] The signal or badge of a					
594	mahamoe	maha·moe	A*	candidate	homograph root: sense unresolved	7		0	0	maha: ?temple	moe: to sleep; to lie down; to die; to ambush; to mar		mahamoe [Maha and moe, to rest quietly.]	1. To appear fat, oily or shining; to ap- pear neat, beautiful, etc. 2. To be plump or round, as a fruit; to be fat, as an animal. Syn: Koli					
595	moeone	moe·one	A*	candidate		7		0	0	moe: to sleep; to lie down; to die; to ambush; to mar	one: sand; silt		moeone [Moe, to lie, and one, sand.]	A worm that lives in the earth; a peelua.					
596	mokumāhu	moku·māhu	A*	candidate		7		0	0	moku: to be broken off, to be severed, to be amputated	māhu: steam, vapor; steam		mokumahu [Moku, boat, and mahu, steam.]	A steam- ship. Syn: Mokuahi.					
597	mokuwāhi	moku·wāhi	A*	candidate		7		0	0	moku: to be broken off, to be severed, to be amputated	wāhi: to split		mokuwahi [Moku and wahl, to break.]	To be at en- mity or variance, as two men. Ob- solete. Syn: Mokuhana.					
598	olokē	olo·kē	A*	candidate		7		0	0	olo: to rub back and forth, to grate; to saw	kē: complaint; critic; to protest; to criticize; The		oloke [Olo, to make a loud noise; and ke, to be intent upon.]	Clamorous and incohe- rent, as the talk of one deranged: oloke ka waha. Syn: Pioloke.					
599	olomua	olo·mua	A*	candidate		7		0	0	olo: to rub back and forth, to grate; to saw	mua: before, in front of, first, ahead, forward, in a		olomua [Olo and mua, the front; fore part.]	The foreskin: Olomua kahi omaka o ka ule; ka omaka.					
600	omokoko	omo·koko	A*	candidate		7		0	0	omo: suck; absorb	koko: blood		omokoko [Omo, to suck, and koko, blood.]	A horse leech; a blood-sucker.					
601	pakakahi	paka·kahi	A*	candidate	homograph root: sense unresolved	7		0	0	paka: ?to strain out impurities; to criticize construct	kahi: one, single; some		pakakahi [Paka, drop, as rain, and kahi, one.]	To drop scatteringly a little rain; to drop at intervals.					
602	palalalo	pala·lalo	A*	candidate		7		0	0	pala: to smear, to smudge; to daub, to blot; to coat	lalo: depth; lowness; low; downward		palalalo [Pala, soft, and lalo, below.]	Soft; rot- ten, as taro or bananas; applied to persons, sick; soft; diseased with the pala; applied to a king- dom, without strength.					
603	panapoʻo	pana·poʻo	A*	candidate		7		0	0	pana: bow; weapon; to shoot; to snap; to flip	poʻo: head; summit; director		panapoo [Pana, to strike, and poo, head.]	To strike or scratch one's own head, to cause one's self to remember something forgotten: oia iho la no ka ko'u wahi a panapoo i noo- noo ih					
604	pālepo	pā·lepo	A*	candidate		7		0	0	pā: fence, wall, enclosure; pen, sty	lepo: soil, dirt; filth		palepo [Pa, fence, and lepo, earth.]	An earth fence, that is, an adobe wall.					
605	wahaama	waha·ama	A*	candidate		7		0	0	waha: mouth	ama: outrigger float		wahaama [Waha, mouth, and ama, tattling.]	To tell tales; to reveal secrets; to talk idly. To carry on the or a person, or V. 1. To talk					
606	wahahaukaʻe	waha·haukaʻe	A*	candidate		7		0	0	waha: mouth	haukaʻe: to stain, to smear; stained, smeared, defaced, d		wahahaukae [Waha, mouth, and haukae, dirty.]	A filthy mouth.					
607	wahahaumia	waha·haumia	A*	candidate		7		0	0	waha: mouth	haumia: pollution; defilement; to be defiled, to be poll		wahahaumia [Waha, mouth, and haumia, dirty; foul.]	A foul mouth; a black- guard.					
608	ʻouʻole	ʻou·ʻole	A*	candidate		7		0	0	ʻou: to reach out for	ʻole: not, without, lacking; to deny; zero, nothing, n		ouole [Ou, to flee or hide, and ole, not.]	Firmness; boldness; valor; courage. Syn: Wiwoole.					
609	aliʻiwahine	aliʻi·wahine	A*	candidate		6		8	10	aliʻi: a hereditary rank of traditional chief; noble	wahine: woman, female; wife; queen; Mrs; female, feminin		aliiwahine [Alii, chief, and wahine, woman.]	A queen					
610	kupunawahine	kupuna·wahine	A*	candidate		6		4	12	kupuna: grandparent; ancestor	wahine: woman, female; wife; queen; Mrs; female, feminin		kupunawahine [Kupuna, grandparent, and wahine, female.]	A grandmother. A maternal ancestor of several gen- erations back.					
611	kiʻipōhaku	kiʻi·pōhaku	A*	candidate	Wiktionary writes it as two words	6		0	7	kiʻi: a picture, image, drawing, photograph, illustrat	pōhaku: stone, rock, mineral; tablet; stony, rocky; stub		kiipohaku [Kii, image, and pohaku, stone.]	A stone idol. See eho.					
612	limahema	lima·hema	A*	candidate	Wiktionary writes it as two words	6		0	3	lima: five; fifth; hand (part of the body)	hema: left (not right); south		limahema [Lima, hand, and hema, left.]	The left hand.					
613	palemai	pale·mai	A*	candidate	homograph root: sense unresolved	6		0	3	pale: ?headdress; cover; pad, lining	mai: don't Negative imperative followed by a verb		palemai [Pale, a defense, and mal, private.]	An un- dershirt; lolewawae paiemai, draw- ers.					
614	kuhihewa	kuhi·hewa	A*	candidate		6		1	1	kuhi: to surmise, to infer; to suppose, to presume; to	hewa: mistake; sin; fault, guilt; wrong; sinful, wicke		kuhihewa [Kuhi, infer, and hewa, wrong.]	To mis- take; to judge erroneously; to err; to have a wrong opinion.					
615	hololio	holo·lio	A*	candidate		6		0	1	holo: to go, run, slide, progress; to sail, ride, gall	lio: horse		hololio [Holo, to ride, and lio, horse.]	A rider of a horse.					
616	kiʻipalapala	kiʻi·palapala	A*	candidate	homograph root: sense unresolved	6		0	1	kiʻi: ?a picture, image, drawing, photograph, illustrat	palapala: printed patterns on kapa cloth; print or documen		kiipalapala [KII and palapala, writing.]	1. A pic- ture; a portrait. 2. A picture for worship.					
617	laulima	lau·lima	A*	candidate		6		1	0	lau: many, numerous; four hundred	lima: five; fifth; hand (part of the body)		laulima [Lau, many, and lima, hands.]	A company of men who worked together on one another's land, or at one another's work.					
618	ʻahuʻula	ʻahu·ʻula	A*	candidate	Wiktionary writes it as two words	6		0	1	ʻahu: cape, shirt, coat, any upper garment; covering;	ʻula: red (color)		ahuula [Ahu, a garment, and ula, red.]	A red-feather- ed cloak; a cloak made of the feathers of the oo and the red feathers of the iiwi, worn by kings and high chiefs; a gorge-ous					
619	hakakē	haka·kē	A*	candidate	homograph root: sense unresolved	6		0	0	haka: ?shelf, rack; perch, roost; platform	kē: complaint; critic; to protest; to criticize; The		hakake [Haka, ladder or frame, and ke, to push.]	1. To jump up, onto, or over. 2. To stand on stilts. 3. To stand, as a spider on long legs. 4. To stand huddled or crowded togeth- er; to be					
620	hiʻilani	hiʻi·lani	A*	candidate		6		0	0	hiʻi: to hold or carry in the arms; to bear; to nurse	lani: sky, heavens, firmament; heaven; air; majesty, v		hiilani [Hii, to lift up, and lani, on high.]	1, To nurse or take care of, as an in- fant chief. 2. To exalt; to praise; to admire. Syn: Hoolanilani and hoonani. 3. To admire and obey, a					
621	hopepoʻo	hope·poʻo	A*	candidate		6		0	0	hope: back, rear, (of a vessel) aft; subsequent, next;	poʻo: head; summit; director		hopepoo [Hope, rear, and poo, the head.]	1. The back part of the head. 2. Name of one supplying the place of an ab- sent superior or head. Hop'ilo (ho-pi'-lo), V. Same as opilo. 1.					
622	huhukū	huhu·kū	A*	candidate	homograph root: sense unresolved	6		0	0	huhu: termite (a wood boring insect); worm-eaten; rott	kū: ?to stand, to rise; to stop, to halt; to anchor,		huhuku [Huhu, insect that bores into wood, and ku, contraction of kuku, standing thickly together.]	Full of borers; full of holes made by the huhu pukapuka, or borer insect. Syn: Popopo.					
623	kahapili	kaha·pili	A*	candidate		6		0	0	kaha: to cut open, to slice lengthwise; to operate on;	pili: black speargrass (Heteropogon contortus); shingl		kahapili [Kaha, a mark, and pili, to touch.]	In geom- etry, a tangent of a circle.					
624	kahapoʻohiwi	kaha·poʻohiwi	A*	candidate	homograph root: sense unresolved	6		0	0	kaha: ?to cut open, to slice lengthwise; to operate on;	poʻohiwi: shoulder		kahapoohiwi [Kaha, fat, and poohiwi, shoulder.]	The fat or muscle on the shoulder- blade.					
625	kaulawaha	kaula·waha	A*	candidate		6		0	0	kaula: rope, cord, string; arc of a circle	waha: mouth		kaulawaha [Kaula, rope, and waha, mouth.]	1. To bridle; to rein in; to restrain, as a horse. 2. Fig. Applied to the tongue.					
626	kiaao	kia·ao	A*	candidate		6		0	0	kia: pillar, post; mast, spar; nail, spike; snare, tr	ao: cloud		kiaao [Kia, pillar, and ao, cloud.]	A pillar of cloud or cloud pillar.					
627	kikolā	kiko·lā	A*	candidate		6		0	0	kiko: to peck; to dot, to mark; dot, point, speck; pun	lā: day, cycle of 24 hours		kikola [Kiko, to mark or check, and la, day.]	To verify by mark or other sign the daily advancing of anything; to make a daily record of by kiko, or small points or marks.					
628	kiolepo	kio·lepo	A*	candidate	homograph root: sense unresolved	6		0	0	kio: ?to cheep, to chirp	lepo: soil, dirt; filth		kiolepo [Kio, a pool, and lepo, dirt.]	A puddle; a place of filth; a collection of mud, water and filth.					
629	komolole	komo·lole	A*	candidate		6		0	0	komo: entrance, entry; ring, thimble, tenon; to enter,	lole: to unfold, reverse; to skin, flay; to wear cloth		komolole [Komo and lole, cloth; clothes.]	1. To dress; to put on clothes. 2. To fit a dress to a person.					
630	kūloupoʻo	kūlou·poʻo	A*	candidate		6		0	0	kūlou: to bow	poʻo: head; summit; director		kuloupoo [Kulou, to bend forward, and poo, the head.]	1. To dive into the water with the head down, that is, head foremost. 2. To turn, as a somer- set. 3. To leap down a precipice head first. S					
631	kūʻēmaka	kūʻē·maka	A*	candidate		6	differs: kuʻemaka	0	0	kūʻē: to oppose; to resist	maka: eye (organ); face; bud; beloved one; mesh of a n		kuemaka [Kue, brow, and maka, eye.]	The eye- brows.					
632	lauhalalana	lauhala·lana	A*	candidate		6		0	0	lauhala: A screwpine leaf, especially when used in plaiti	lana: floating, buoyant, adrift; calm, still (water);		lauhalalana [Lauhala, pandanus, and lana, LAU 358 LAU floating.]	1. Floating pandanus trees. 2. Migratory people; epi- thet applied to those who do not stay long in any place.					
633	lelehuna	lele·huna	A*	candidate		6		0	0	lele: to jump, leap, hop, skip; to fly; to swing, boun	huna: particle, speck; crumb, scrap; small, minute; po		lelehuna [Lele, to fly, and huna, a minute part of anything.]	Anything extremely small; the smallest part conceiv- able.					
634	lelehāuli	lele·hāuli	A*	candidate		6		0	0	lele: to jump, leap, hop, skip; to fly; to swing, boun	hāuli: blackish; bruise		lelehauli [Lele, to fly away, ka and hauli, spirit, life, breath, etc.]	1. A loss of breath. 2. Surprise; admira- tion; fear; a trembling through fear; astonishment.					
635	lelemū	lele·mū	A*	candidate	homograph root: sense unresolved	6		0	0	lele: to jump, leap, hop, skip; to fly; to swing, boun	mū: ?any destructive insect		lelemu [Lele, to rush upon, and mu, one employed to procure victims for sacrifice.]	To arrest or seize for sacrifice.					
636	lelepali	lele·pali	A*	candidate		6		0	0	lele: to jump, leap, hop, skip; to fly; to swing, boun	pali: cliff, precipice		lelepali [Lele, to leap, and pali, a precipice.]	To leap down a precipice, a common way formerly of committing sui- cide: pehea la ka uhane o ka poe lelepali? How is it with the souls of th					
637	leleʻōpeʻapeʻa	lele·ʻōpeʻapeʻa	A*	candidate		6		0	0	lele: to jump, leap, hop, skip; to fly; to swing, boun	ʻōpeʻapeʻa: Lasiurus semotus, a Hawaiian bat (endemic to the		leleopeapea [Lele, to fly, and opeapea, a bat.]	To flutter, as birds in a fright; to fly like a bat.					
638	luaʻikoko	luaʻi·koko	A*	candidate		6		0	0	luaʻi: vomit; eruption (from a volcano); to vomit; to e	koko: blood		luaikoko [Luai, to vomit, and koko, blood.]	A vom- iting of blood; a hemorrhage.					
639	luluhua	lulu·hua	A*	candidate		6		0	0	lulu: calm, peace; shelter; safe place; shield	hua: fruit; egg; seed, grain; result, effect		luluhua [Lulu, to sow, and hua, seed.]	A sower of seed; lulu anoano, a sower of seed.					
640	manawahua	manawa·hua	A*	candidate		6	match	0	0	manawa: affections, feelings, disposition; heart (seat o	hua: fruit; egg; seed, grain; result, effect		manawahua [Manawa, disposition, and hua, jealous.]	Of bad disposition; un- lovely; evil minded; angry.					
641	manuihu	manu·ihu	A*	candidate		6		0	0	manu: bird (animal)	ihu: nose (organ of the face); snout, trunk (of an el		manuihu [Manu, bird, and ihu, nose.]	The beak, that is, the end of the bow and stern of a canoe; ina i palahalaha maluna o ka manuihu.					
642	momikū	momi·kū	A*	candidate	homograph root: sense unresolved	6		0	0	momi: pearl; spherical lens of a fish's eye	kū: ?to stand, to rise; to stop, to halt; to anchor,		momiku [MomI, to swallow, and ku, standing.]	To swallow standing up; a word made use of by Kamehameha to express contempt of his enemies, meaning, he would swallow them up.					
643	olokeʻa	olo·keʻa	A*	candidate	homograph root: sense unresolved	6		0	0	olo: to rub back and forth, to grate; to saw	keʻa: ?horizontal boom connecting two hulls or outrigge		olokea [Olo and kea, crosswise.]	To cross; to vex; to thwart one in his plans: e kau olokea, to throw together cris- cross, as sticks of wood.					
644	panepoʻo	pane·poʻo	A*	candidate		6		0	0	pane: answer; to answer, reply	poʻo: head; summit; director		panepoo [Pane and poo, head.]	The occiput or hinder part of the head. See pane.					
645	pauono	pau·ono	A*	candidate		6		0	0	pau: finished, done; destroyed; all	ono: six; sixth; wahoo (Acanthocybium solandri)		pauono [Pau, all, and ono, sweet.]	To be satisfied or satiated; deliciously done; ap- plied to food fully cooked: Pauono kahi puaa a kakou, aole malena, our piece of pork is f					
646	paupāʻele	pau·pāʻele	A*	candidate		6		0	0	pau: finished, done; destroyed; all	pāʻele: to blacken, to blot, to paint black		paupaele [Pau, all and paele, defiled,]	Filthy; de- filed; dirty. Syn: Paumaele.					
647	punikoko	puni·koko	A*	candidate		6		0	0	puni: deceived, deluded; to believe a lie; completed,	koko: blood		punikoko [Puni, desire, and koko, blood.]	A blood- thirsty person; one reckless of murder.					
648	pōkolu	pō·kolu	A*	candidate		6		0	0	pō: night, period of darkness after the evening; day	kolu: three; third		pokolu [Po, night, and kolu, three.]	The third day after Sunday; that is, Wednesday.					
649	ʻahuao	ʻahu·ao	A*	candidate	homograph root: sense unresolved	6		0	0	ʻahu: cape, shirt, coat, any upper garment; covering;	ao: ?light; daylight; day; dawn		ahuao [Ahu, a mat and ao, the young leaves of the lauhala tree.]	A mat made of the young leaves of the lauhala.					
650	ʻaulima	ʻau·lima	A*	candidate		6	match	0	0	ʻau: handle; staff; stem; stalk; shaft; bone (of lowe	lima: five; fifth; hand (part of the body)		aulima [Au, a handle, and lima, the hand.]	The name of the stick held in the hand when rubbing to produce fire. (The name of the stick rubbed is aunaki. The action of rubbing is hia.)					
651	ʻoihanaaliʻi	ʻoihana·aliʻi	A*	candidate		6		0	0	ʻoihana: occupation, trade, job; employment, career, serv	aliʻi: a hereditary rank of traditional chief; noble		oihanaalii [Oihana and alii, king.]	A history of the acts of kings; name of the books in the Old Testament called Chronicles.					
652	ʻulakoko	ʻula·koko	A*	candidate		6		0	0	ʻula: red (color)	koko: blood		ulakoko [Ula, red, and koko, blood.]	Red, as fire; red as blood; bright red.					
653	meaʻē	mea·ʻē	A*	candidate	homograph root: sense unresolved	5		3	50	mea: thing, object; person; one (given a descriptor)	ʻē: ?The name of the Latin script letter E/e.		meae [Mea, thing, and e, another.]	1. Another in addi- tion; another besides. 2. A stran- ger; one unknown; a new thing; a wonder; a prodigy.					
654	keikikāne	keiki·kāne	A*	candidate	Wiktionary writes it as two words	5		29	22	keiki: child; offspring; boy; son; nephew; calf, colt,	kāne: male; man (adult male human); husband		keikikane [Keiki, child, and kane, male.]	A son; a male child.					
655	haipule	hai·pule	A*	candidate		5		29	0	hai: to offer, to sacrifice; offering, sacrifice	pule: prayer, spell, blessing; church service; week; t		haipule [Hai, to offer, as in sacrifices, and pule, to pray.]	1. To speak or say a pray- er to the gods. 2. To worship vis- ibly. 3. To exhibit the character of a worshiper; to practice reli- gious rite					
656	limaʻākau	lima·ʻākau	A*	candidate	Wiktionary writes it as two words	5		0	6	lima: five; fifth; hand (part of the body)	ʻākau: right (not left); north		limaakau [Lima, hand, and akau, right.]	The right arm or hand.					
657	lewalani	lewa·lani	A*	candidate		5		0	5	lewa: atmosphere; heaven, sky; air; space; wanderer; t	lani: sky, heavens, firmament; heaven; air; majesty, v		lewalani [Lewa, the upper air, and lani, heaven.]	1. An indefinite space in the air; a place belonging to anything above or in the heavens. 2. The upper heavens, so high overhead that the ey					
658	kiʻikālai	kiʻi·kālai	A*	candidate		5		0	2	kiʻi: a picture, image, drawing, photograph, illustrat	kālai: to carve		kiikalai [Kii, image, and kalai, to hew.]	A carved idol; a graven image.					
659	kānā	kā·nā	A*	candidate	homograph root: sense unresolved	5	differs: kāna	0	2	kā: ?to strike, hit, thrust, dash, hurl (especially w	nā: calm, quieted; soothed, pacified; settled		kana [Ka, prep, having the sense of belonging to, and na, prep, for, used to emphasize the force of ka.]	His or hers; belonging to him or to her.					
660	ʻanolani	ʻano·lani	A*	candidate		5		0	2	ʻano: kind, type; nature, character; mood, personality	lani: sky, heavens, firmament; heaven; air; majesty, v		anolani [Ano, character, and lani, heaven.]	Of heaven- ly character; good; noble; pure; celestial: he kino anoiani, a ce- lestial body.					
661	kānemake	kāne·make	A*	candidate		5		0	1	kāne: male; man (adult male human); husband	make: death; peril; to die; dead; to faint		kanemake [Kane, husband, and make, dead.]	Widowed.					
662	palaholo	pala·holo	A*	candidate	homograph root: sense unresolved	5		1	0	pala: to smear, to smudge; to daub, to blot; to coat	holo: ?to go, run, slide, progress; to sail, ride, gall		palaholo [Pala, soft, and holo, to flow.]	1. Paste or dye made from the fern called amaumau; used in pasting and dyeing tapa. 2. A variety of fern.					
663	palekeiki	pale·keiki	A*	candidate	homograph root: sense unresolved	5		0	1	pale: ?headdress; cover; pad, lining	keiki: child; offspring; boy; son; nephew; calf, colt,		palekeiki [Pale, to deliver, and keiki, child.]	To deliver a child; to act the mid- wife.					
664	ʻaikapu	ʻai·kapu	A*	candidate	Wiktionary writes it as two words	5		0	1	ʻai: food; in particular, any food that is not fish;	kapu: taboo, prohibition; something sacred or holy, an		aikapu [Ai, to eat, and kapu, forbidden.]	1. To eat ac- cording to the restrictions of the kapu (tabu). 2. To observe the rules or ceremonies of the kapu: opposed to ainoa,					
665	aumihi	au·mihi	A*	candidate		5	match	0	0	au: era, period of time; current (water); movement;	mihi: repentance, remorse; to regret; to apologize for		aumihi [Au, to reflect and mihi, to repent.]	To grieve; to be sorry; to regret. Same as mihi.					
666	aʻahui	aʻa·hui	A*	candidate		5		0	0	aʻa: root (of plant); vein of leaf; blood vessel incl	hui: club, organization; company, firm; combination;		aahui [Aa, vein and hui, pain, ache.]	1. An aching vein. 2. A desire for pleasure, at- tended with some sense of pain: Pau ke aahui, ke aakoni oloko, the painful desire within ha					
667	hamoʻula	hamo·ʻula	A*	candidate		5		0	0	hamo: to rub (on); to besmear, to spread; to anoint; t	ʻula: red (color)		hamoula [Hamo, rubbed over, and ula, red.]	1. A kind of tapa colored or stained red. 2. A red stain or color. 3. The act or process of fixing a red color.					
668	haowaha	hao·waha	A*	candidate		5		0	0	hao: iron; general name for metal tools; a bit; brand	waha: mouth		haowaha [Hao, iron, and waha, mouth.]	A bridle bit.					
669	hōkūʻaeʻa	hōkū·ʻaeʻa	A*	candidate	Wiktionary writes it as two words	5		0	0	hōkū: star (luminous celestial body)	ʻaeʻa: to wander		hokuaea [Hoku, star, and aea, wandering.]	A planet.					
670	hūkaʻa	hū·kaʻa	A*	candidate	homograph root: sense unresolved	5		0	0	hū: to make a noise, roar, grunt; to call (out to);	kaʻa: ?car (automobile); cart, buggy; vehicle; to roll,		hukaa [Hu, to ooze out of, and kaa, foreign timber, particularly that which exudes any resinous substance.]	1. Pitch, resin or gum from a tree; any substance of a resinous nature. 2. Timber that drifts down to the islands from the northwest coast o					
671	kahapōʻai	kaha·pōʻai	A*	candidate		5		0	0	kaha: to cut open, to slice lengthwise; to operate on;	pōʻai: to coil up; to encircle; to go around, to circul		kahapoai [Kaha, a mark, and poai, to surround.]	The circumference of a circle.					
672	kakahou	kaka·hou	A*	candidate		5		0	0	kaka: to rinse	hou: new (recently made or created); recent, to repea		kakahou [Kaka, to cut or break up, and hou, to stab or pierce.]	To torture to death by cutting, piercing or flaying. (A mode of punishing practiced by the natives in a former age.) Also known as kakaolo,					
673	kalaau	kala·au	A*	candidate	homograph root: sense unresolved	5		0	0	kala: ?horn, spike, thorn; sharkskin; surgeonfish	au: era, period of time; current (water); movement;		kalaau [Kala, to call, and au, float.]	To call; to call aloud. See walaau.					
674	kaumoʻo	kau·moʻo	A*	candidate		5		0	0	kau: to place, to put; to settle, to perch; to enact,	moʻo: lizard, dragon, serpent		kaumoo [Kau, to place, and moo, a division of land.]	1. To designate the limits of I a moo a'ina, a small division of land. 2. To mend a fracture with j a splint. 3. To splice; to fasten i the					
675	keikipipi	keiki·pipi	A*	candidate		5		0	0	keiki: child; offspring; boy; son; nephew; calf, colt,	pipi: cow; beef		keikipipi [Keiki, offspring, and pipi, an ox or cow.]	A calf.					
676	keikiwaiū	keiki·waiū	A*	candidate		5		0	0	keiki: child; offspring; boy; son; nephew; calf, colt,	waiū: milk		keikiwaiu [Keiki, offspring, and waiu, milk.]	1. Any young suckling. 2. A suck- ing child; an infant.					
677	kinoakalau	kino·akalau	A*	candidate		5		0	0	kino: body; form; person, self; person; main portion;	akalau: The ghost of a living person.		kinoakalau [Kino, body, and akalau, many shapes or shadows.]	The spirit or ghost of a living person. See wailua, akalau and kinowailua. There were formerly persons, mostly priests, who pretended to see					
678	kinowailua	kino·wailua	A*	candidate		5		0	0	kino: body; form; person, self; person; main portion;	wailua: ghost, spirit; remains of the dead		kinowailua [Kino, body or substance, and wailua, shadowy.]	A poetical name for a spirit or ghost of a dead  person, kaola. See kinoakalau and ka-					
679	koʻakea	koʻa·kea	A*	candidate		5		0	0	koʻa: coral	kea: white; clear		koakea [Koa, coral, and kea, white.]	The white coral of the ocean.					
680	kuʻuʻē	kuʻu·ʻē	A*	candidate	homograph root: sense unresolved	5		0	0	kuʻu: to release, to let go; diminish, subside, settle	ʻē: ?The name of the Latin script letter E/e.		kuue [Kuu, to release, and e, beforehand.]	1. To re- lease, as one from his sufferings. 2. To have one's difficulties pass away at once; kuue ka luhi, pau ka pilikia.					
681	kāwauke	kā·wauke	A*	candidate		5		0	0	kā: to strike, hit, thrust, dash, hurl (especially w	wauke: The paper mulberry, Broussonetia papyifera, used		kawauke [Ka, to strike, and wauke, the plant that furnishes the bark for tapa.]	1. To cut down the wauke plant. 2. To shred the bark of the wauke. Kawea (ka'-we-a') n*. Same as ka- welea.					
682	laweola	lawe·ola	A*	candidate		5		0	0	lawe: bearer; to transport, carry, take, bring; to und	ola: existence; life; health; livelihood; exist; aliv		laweola [Lawe, take, and ola, life.]	1. To take human life without malice or in- tention. 2. To take alive; to car- ry alive. In this sense, should be written as two words.					
683	leowaena	leo·waena	A*	candidate		5		0	0	leo: voice; sound; command; verbal message; to speak;	waena: middle		leowaena [Leo, voice, and waena, middle.]	The middle voice in music; a second treble.					
684	luapuhi	lua·puhi	A*	candidate		5		0	0	lua: pit, hole; toilet	puhi: eel		luapuhi [Lua, pit, hole, and puhl, to blow.]	A blow hole.					
685	malumake	malu·make	A*	candidate		5		0	0	malu: shade; shelter, protection; control; peaceful, s	make: death; peril; to die; dead; to faint		malumake [Malu, shade, and make, death.]	The shade or shadow of death. Syn: Malukoi.					
686	manuheu	manu·heu	A*	candidate		5		0	0	manu: bird (animal)	heu: down, fuzz; fine spines in sugarcane or cactus;		manuheu [Manu, bird, and heu, wing.]	A breaking up; a flying away; a setting at variance, as a people; civil com- motion or contention.					
687	manuū	manu·ū	A*	candidate	homograph root: sense unresolved	5		0	0	manu: bird (animal)	ū: ?breast; udder		manuu [Manu, bird, and u, to mourn or utter a plaintive note.]	A bird; perhaps a crane; the turtle dove, as men- I tioned in Scripture. : Manuunuu (ma'-nu'u-nu'u), adj. Same as manuu. Very many, i Manuwa					
688	maʻaleʻa	maʻa·leʻa	A*	candidate	homograph root: sense unresolved	5		0	0	maʻa: custom, habit; sling (weapon); accustomed, famil	leʻa: ?pleasing, delightful; pleased, delighted; happy,		maalea [Maa, accustomed, and lea, adv., very.]	Cunning; craft; subtlety, such as is obtained by practice; skill in doing a thing, especially mischief, such as gettng the advantage of anot					
689	maʻaweʻula	maʻawe·ʻula	A*	candidate		5		0	0	maʻawe: thread, fiber, strand; trace, track, tread, path	ʻula: red (color)		maaweula [Maawe, a track, and ula, red; brown.]	A path or road so much trodden as to cause the red or brown earth to appear.					
690	moeʻino	moe·ʻino	A*	candidate		5		0	0	moe: to sleep; to lie down; to die; to ambush; to mar	ʻino: hate, sin; storm; bad, wicked; foul, rotten, sme		moeino [Moe, sleep, and Ino, bad, unpleasant.]	1. Sleeping uncomfortably for want of room; being crowded; he ka- hua, he moewaa. 2. An unpleas- ant dream.					
691	naʻaupono	naʻau·pono	A*	candidate		5		0	0	naʻau: guts, intestines; mind, heart	pono: righteousness; morality, goodness, excellence; c		naaupono [Naau, mind, and pono, right.]	To be up- right; to be just.					
692	palaimaka	palai·maka	A*	candidate	homograph root: sense unresolved	5		0	0	palai: ?Any member of the species Microlepia setosa of n	maka: eye (organ); face; bud; beloved one; mesh of a n		palaimaka [Palai, to turn away, and maka, face.]	To turn the back to; to turn away.					
693	palalauhala	pala·lauhala	A*	candidate		5		0	0	pala: to smear, to smudge; to daub, to blot; to coat	lauhala: A screwpine leaf, especially when used in plaiti		palalauhala [Pala, softness, and lauhala, a tree.]	1. To be weak; to be fee- ble; to be infirm. 2. To walk, to see or to move with feebleness. 3. To be old; to be in the last stages of life.					
694	palaloli	pala·loli	A*	candidate		5		0	0	pala: to smear, to smudge; to daub, to blot; to coat	loli: to turn; to alter, to change; to influence		palaloli [Pala, soft, and loli, to change.]	Changed from its original state; soft; de- cayed; corrupted; rotten. See pa- laluhiehu.					
695	paleuhi	pale·uhi	A*	candidate	homograph root: sense unresolved	5		0	0	pale: ?headdress; cover; pad, lining	uhi: covering, veil; solid-ink tattoo; tent; to cover		paleuhi [Pale, a covering, and uhi, to cover up.]	A covering; a veil; an article of concealment.					
696	pihalima	piha·lima	A*	candidate		5		0	0	piha: fullness, completion; full, filled; complete; fu	lima: five; fifth; hand (part of the body)		pihalima [Piha, full, and lima, hand.]	A handful.					
697	pilihua	pili·hua	A*	candidate		5		0	0	pili: black speargrass (Heteropogon contortus); shingl	hua: fruit; egg; seed, grain; result, effect		pilihua [Pili and hua, pain.]	1. To be sad; to be distressed in mind. 2. To be sorrowful; to be cast down; to be dismayed. 3. To be amazed; to be astonished; to wonder gr					
698	poʻohina	poʻo·hina	A*	candidate		5		0	0	poʻo: head; summit; director	hina: gray hair		poohina [Poo, head, and hina, gray.]	To be gray headed.					
699	poʻokepa	poʻo·kepa	A*	candidate		5		0	0	poʻo: head; summit; director	kepa: to look sideways, to turn to the side; to notch;		pookepa [Poo, head, and kepa, sideways; edgewise.]	1. The hair cut so as to be made to stand in an unnatural manner. 2. A part of the hair cut and a part left standing. 3. A one-sided  head.					
700	pōʻele	pō·ʻele	A*	candidate		5	match	0	0	pō: night, period of darkness after the evening; day	ʻele: dark, black		poele [Po, night, and ele, black.]	1. To be very dark, as a dark night; to be black. 2. Fig. To be sinking in death; to be in the unconscious state that often precedes death.					
701	wanaao	wana·ao	A*	candidate		5		0	0	wana: A sea urchin with long spines, such as the long-	ao: light; daylight; day; dawn		wanaao [Wana, to appear, and ao, light.]	To dawn, as the first light in the morning; to appear, as the dawn.					
702	ʻahālike	ʻahā·like	A*	candidate		5		0	0	ʻahā: four; four times	like: like, alike, similar		ahalike [Aha, four, and like, alike.]	Four sides alike or equal; quadrangular; aoao aha- like. Like na aoao, like ka loa me ka laula, four square.					
703	ʻalohilani	ʻalohi·lani	A*	candidate		5		0	0	ʻalohi: to shine, glimmer or glister; splendor, brillian	lani: sky, heavens, firmament; heaven; air; majesty, v		alohilani [Alohi, brightness, and lani, heaven.]	The brightness of heaven. A term ap- plied to the residences or heavenly courts of the goddesses, Uli and Kapo.					
704	ʻōʻōhou	ʻōʻō·hou	A*	candidate		5		0	0	ʻōʻō: spade; digging stick	hou: new (recently made or created); recent, to repea		oohou [Oo, a digging tool, and hou, new.]	The plow as an instrument for tilling the soil.					
705	makuakāne	makua·kāne	A*	candidate	Wiktionary writes it as two words	4		107	18	makua: elder; parent	kāne: male; man (adult male human); husband		makuakane [Makua and kane, male.]	The male parent; a father; the hus- band of one's mother.					
706	luapele	lua·pele	A*	candidate		4		13	31	lua: pit, hole; toilet	pele: volcano		luapele [Lua, a pit, and Pele, the goddess of volcanoes.]	1. A volcano itself, eith- er in action or extinct. 2. A puu or hillock on the top of a moun- tain, especially if it have a cavity on the to					
707	hoʻihou	hoʻi·hou	A*	candidate		4		0	39	hoʻi: to return (go or come back); to enter	hou: new (recently made or created); recent, to repea		hoihou [Hoi, to return, and hou, again.]	To return again. Hoi I (hoM-i'), adj. Closefisted; nig- gardly; stingy.					
708	moeʻuhane	moe·ʻuhane	A*	candidate		4		8	1	moe: to sleep; to lie down; to die; to ambush; to mar	ʻuhane: soul, spirit; ghost; spiritual		moeuhane [Moe, to sleep, and uhane, soul; spirit.]	1. A dream; a vision; a trance; he akaku: Eia keia mea nui, he moeuhane na ka wahine o Liliha, here is a thing of importance, a dream by a w					
709	hanamana	hana·mana	A*	candidate	homograph root: sense unresolved	4		0	7	hana: ?work, labor, job, employment, occupation, duty,	mana: mana (religious or spiritual power); power, auth		hanamana [Hana, and mana, super-natural power.]	The words are often written sep- arately, as: hana mana. 1. A work of the gods. (Hawaiians be- lieved there was a class of gods having super					
710	pōʻaono	pō·ʻaono	A*	candidate		4		4	0	pō: night, period of darkness after the evening; day	ʻaono: six; six times		poaono [Po, night, and aono, six.]	The sixth day after Sunday; that is, Saturday.					
711	hānaumua	hānau·mua	A*	candidate		4		0	2	hānau: birth; offspring, child; to give birth; fertile	mua: before, in front of, first, ahead, forward, in a		hanaumua [Hanau and mua, the first.]	1. The first child; the first-born. Syn: Hiapo and maka-hiapo.					
712	kohomua	koho·mua	A*	candidate		4		0	1	koho: election; selection; choice, option; guess, esti	mua: before, in front of, first, ahead, forward, in a		kohomua [Koho, to choose, and mua, first.]	A first choice, and one greatly desired.					
713	nohopio	noho·pio	A*	candidate		4		0	1	noho: seat; chair, stool, pew; throne; saddle (of a ho	pio: conquered, captured; to play tag; captive, priso		nohopio [Noho, to dwell, and plo, a prisoner.]	To dwell in captivity; to live a pris- oner.					
714	panapua	pana·pua	A*	candidate		4		1	0	pana: bow; weapon; to shoot; to snap; to flip	pua: flower; progeny, child; young (of fish, etc); ar		panapua [Pana, to shoot, and pua, arrow.]	A shooter of arrows; an archer.					
715	pukamakani	puka·makani	A*	candidate		4		0	1	puka: hole, gate, doorway; a snare, a trap; to pass th	makani: wind; ghost; to be windy; to blow		pukamakani [Puka, hole, and makani, wind.]	A window; a place for ventilation.					
716	akuahānai	akua·hānai	A*	candidate		4		0	0	akua: god (deity); any supernatural being, spirit, gho	hānai: foster child, adopted child; to feed, care for,		akuahanai [Akua, god, and hanal, to feed.]	1. The god that fed poison to people; the god of poison. 2. Hence, poison itself.					
717	akuamakua	akua·makua	A*	candidate		4		0	0	akua: god (deity); any supernatural being, spirit, gho	makua: elder; parent		akuamakua [Akua, god. au, time, and makua, parent.]	The ancestors of those who died long ago, and who have become gods; the spirits of former heroes.					
718	aʻalolo	aʻa·lolo	A*	candidate	homograph root: sense unresolved	4		0	0	aʻa: ?root (of plant); vein of leaf; blood vessel incl	lolo: brain; bone marrow; coconut heart or coconut app		aalolo [Aa and lolo, the brain.]	A nerve; aalolo hoao. Aalolo lohe, the auditory nerve.					
719	hakamoa	haka·moa	A*	candidate	homograph root: sense unresolved	4		0	0	haka: ?shelf, rack; perch, roost; platform	moa: chicken or similar fowl		hakamoa [Haka, to quarrel, and moa, a fowl.]	1. Cock-fighting, a game practiced in former times: o ka hakamoa keka- hi mea makemake nui e na 'lii. 2. A fist fight; sparring.					
720	hakuone	haku·one	A*	candidate		4		0	0	haku: core, lump, stone, coconut sponge; stone (of a f	one: sand; silt		hakuone [Haku, lump, and one, sand.]	A small division of land, similar to or smaller than a koele cultivated for the chief. (See kuakua.)					
721	haomanamana	hao·manamana	A*	candidate	homograph root: sense unresolved	4		0	0	hao: iron; general name for metal tools; a bit; brand	manamana: ?finger, toe		haomanamana [Hao, iron, and manamana, divided.]	A gridiron; so called from the divided irons.					
722	hauʻeli	hau·ʻeli	A*	candidate		4		0	0	hau: dew; ice, snow, frost; cool breeze; cool, cold;	ʻeli: to dig		haueli [Hau, frost, snow, ice, and eli, to dig.]	The native Glauber salts which are dug up out of caverns in the rocks on the island of Hawaii.					
723	hueʻili	hue·ʻili	A*	candidate		4		0	0	hue: bottle gourd, Lagenaria siceraria; bottle gourd,	ʻili: skin; peel, bark, rind; hide, leather; surface;		hueili [Hue, calabash, and ili, skin.]	A skin bottle, such as Asiatics used for contain- ing liquids.					
724	hākō	hā·kō	A*	candidate		4		0	0	hā: stalk of a leaf; stalk of a leaf; any leaf of ce	kō: sugar cane (Saccharum officinarum)		hako [Ha, the leaf of, and ko, sugar-cane.]	The leaf of the sugar-cane: ka wakawaka o Mano e moku ai ka hako.					
725	keikikao	keiki·kao	A*	candidate		4		0	0	keiki: child; offspring; boy; son; nephew; calf, colt,	kao: goat		keikikao [Keiki, offspring, and kao, goat.]	A kid. Syn: Kaokeiki.					
726	kiaʻipuka	kiaʻi·puka	A*	candidate		4		0	0	kiaʻi: to guard, to watch over; to overlook; guard, wat	puka: hole, gate, doorway; a snare, a trap; to pass th		kiaipuka [Kiai, guard, and puka, a door or gate.]	A porter; a guard at a gate.					
727	kikonīnau	kiko·nīnau	A*	candidate		4		0	0	kiko: to peck; to dot, to mark; dot, point, speck; pun	nīnau: question; to ask, inquire		kikoninau [Kiko, point, and ninau, question.]	The interrogation point (?).					
728	kuʻipalu	kuʻi·palu	A*	candidate	homograph root: sense unresolved	4		0	0	kuʻi: ?to pound, to strike; to jam in; to churn (of but	palu: to lick		kuipalu [Kui, to break, and palu, soft or fine.]	1. To bruise or pound fine, that is, soft. 2. To break up; to break fine. To break down; to demolish, as idols: Kuipaluia na akua kii. 3. To					
729	kēhū	kē·hū	A*	candidate		4		0	0	kē: complaint; critic; to protest; to criticize; The	hū: to rise, swell, inflate; to leaven; to leaven; t		kehu [Ke, the, and hu, contracted form of ehu, spray, vapor, mist.]	Mist spray, vapor: Kehu kai o Waialua, the sea spray of Waialua. Kei (ke'i), interj. An exclamation expressing wonder, surprise, aston- ishm					
730	kūkulupapa	kūkulu·papa	A*	candidate	homograph root: sense unresolved	4		0	0	kūkulu: ?pillar, post; border, edge; horizon; cardinal po	papa: ?board, lumber; flat surface, layer; foundation;		kukulupapa [Kukulu, to pile up, and papa, rank.]	To pile in regular order; to classify; to arrange in ranks.					
731	limaikaika	lima·ikaika	A*	candidate		4		0	0	lima: five; fifth; hand (part of the body)	ikaika: strength; to become strong; to be strong		limaikaika [Lima, hand, and ikaika, strong.]	1. A strong hand or arm. 2. Fig. Force; power; strength.					
732	limakuhi	lima·kuhi	A*	candidate		4	differs: lima kuhi	0	0	lima: five; fifth; hand (part of the body)	kuhi: to point at; gesture		limakuhi [Lima, hand, and kuhi, to point out.]	1. The index finger. 2. In printing a sign (1^) calling particular at- tention to a note or paragraph.					
733	lokoliu	loko·liu	A*	candidate		4		0	0	loko: pond, lake; interior, inside; interior (of an is	liu: bilgewater, leakage; to leak		lokoliu [Loko, within, and liu, insipid.]	To be in- sipid; to be without strength; to be bitter. (Applied both to per- sons and things.)					
734	lualuaʻi	lua·luaʻi	A*	candidate	homograph root: sense unresolved	4		0	0	lua: ?two; second; double; duplicate; companion; a tra	luaʻi: vomit; eruption (from a volcano); to vomit; to e		lualuai [Lua, cud, and luai, to raise from the stomach.]	1. To raise the food again from the stomach to the mouth, as ruminating animals. 2. To  chew the cud; to raise and chew the cud. 3. To vomit					
735	luapaʻahao	lua·paʻahao	A*	candidate		4		0	0	lua: pit, hole; toilet	paʻahao: prisoner; imprisoned		luapaahao [Lua, pit, and paahao, iron fast.]	A dungeon; a place of the lowest prisons.					
736	mahiʻili	mahi·ʻili	A*	candidate		4		0	0	mahi: to cultivate, to farm; farm, plantation	ʻili: skin; peel, bark, rind; hide, leather; surface;		mahiili [Mahi and ili, the skin.]	To take or seize property for the king. [This was often done by the unscrupulous of- ficers, who left nothing to the peo- ple but their skin					
737	manuhuhū	manu·huhū	A*	candidate		4		0	0	manu: bird (animal)	huhū: anger; to be offended, angry		manuhuhu [Manu, bird, and huhu, angry.]	A wild, ravenous bird. General name for fierce birds.					
738	moʻaleʻa	moʻa·leʻa	A*	candidate	homograph root: sense unresolved	4		0	0	moʻa: cooked; burned by the sun; made brittle by heat;	leʻa: ?pleasing, delightful; pleased, delighted; happy,		moalea [Moa, cooked, and lea, very.]	Thorough- ly cooked, as food.					
739	nohoaloha	noho·aloha	A*	candidate		4		0	0	noho: seat; chair, stool, pew; throne; saddle (of a ho	aloha: love, compassion, affection, mercy, sympathy, pi		nohoaloha [Noho, seat, and aloha, compassion.]	1. A mercy seat. 2. Existing friend- ship.					
740	olokiki	olo·kiki	A*	candidate		4		0	0	olo: to rub back and forth, to grate; to saw	kiki: plug; to sting		olokiki [Olo, to swing, and kiki, to loosen.]	To move along a surface; to slide.					
741	pahukapu	pahu·kapu	A*	candidate		4		0	0	pahu: drum; box, chest, ark, case, coffin; barrel, keg	kapu: taboo, prohibition; something sacred or holy, an		pahukapu [Pahu, box, and kapu, prohibited.]	1. Lit. A sacred box. A sanctuary; a place consecrated to a particular use. 2. Tabu stake; token show- ing a place where it was kapu or forb					
742	pahupalapala	pahu·palapala	A*	candidate		4		0	0	pahu: drum; box, chest, ark, case, coffin; barrel, keg	palapala: printed patterns on kapa cloth; print or documen		pahupalapala [Pahu, box, and palapala, writing.]	1. Originally, a container for the coloring liquid used in printing tapa. 2. A writing desk. Pahuume (pa'-hu-u'-me), n, [Pahu, box, and ume,					
743	palapalakea	palapala·kea	A*	candidate		4		0	0	palapala: printed patterns on kapa cloth; print or documen	kea: white; clear		palapalakea [Palapala and kea, white.]	Clear; bright; white; shining. Syn: Pa- lakea.					
744	panipuka	pani·puka	A*	candidate		4		0	0	pani: to close, to shut; to block, to dam up; to repla	puka: hole, gate, doorway; a snare, a trap; to pass th		panipuka [Pani, a stopper, and puka, an entrance.]	1. That which clpses an entrance; a door of a house; the gate of a city or a yard. 2. A beggar, be- cause beggars often took a seat in i the					
745	puahau	pua·hau	A*	candidate	homograph root: sense unresolved	4		0	0	pua: flower; progeny, child; young (of fish, etc); ar	hau: ?dew; ice, snow, frost; cool breeze; cool, cold;		puahau [Pua, blossom, and hau, name of a tree.]	A hau blossom; the blossom of the hau tree.					
746	puakala	pua·kala	A*	candidate	homograph root: sense unresolved	4		0	0	pua: flower; progeny, child; young (of fish, etc); ar	kala: ?horn, spike, thorn; sharkskin; surgeonfish		puakala [Pua, flower, and kala, rough.]	1. A thorny shrub, he laau oioi. 2. An erect annual with spiny leaves (Argemone mexicana). 3. A this- tle.					
747	pukaihu	puka·ihu	A*	candidate		4		0	0	puka: hole, gate, doorway; a snare, a trap; to pass th	ihu: nose (organ of the face); snout, trunk (of an el		pukaihu [Puka, hole, and ihu, the nose.]	The nostril; ka puka o ka ihu, he mau puka hanu.					
748	pōʻaihapalua	pōʻai·hapalua	A*	candidate		4		0	0	pōʻai: to coil up; to encircle; to go around, to circul	hapalua: half, half-dollar; two portions		poaihapalua [Poai, circle, and hapalua, half.]	A semi-circle.					
749	pōʻailōʻihi	pōʻai·lōʻihi	A*	candidate		4		0	0	pōʻai: to coil up; to encircle; to go around, to circul	lōʻihi: length, distance; height; long; tall		poailoihi [Poai, circle, and loihi, long.]	An oval figure; an ellipse.					
750	wiliʻau	wili·ʻau	A*	candidate		4		0	0	wili: to bore, to drill, to screw; to twist, to wring;	ʻau: to swim, travel by sea; to jut out, project		wiliau [Wili, to twist, and au, to swim.]	1. The circular motion of an eddy in a river or in the ocean. 2. The cir- cular motion of the hand in mix- ing poi.					
751	ʻahakanaka	ʻaha·kanaka	A*	candidate		4		0	0	ʻaha: meeting, gathering, assembly	kanaka: man, human, human being; subject, retainer; a Ha		ahakanaka [Aha, assembly, and kanaka, men.]	A great company; a multitude; an assembly.					
752	ʻaialo	ʻai·alo	A*	candidate		4		0	0	ʻai: food; in particular, any food that is not fish;	alo: front (facing side); face; presence; face		aialo [AI, to eat, and alo, in front. To eat before.]	1. The people about the chief; his atten- dants, as distinguished from the poe makaainana; kanaka aialo no ke alii. 2. A prince or princess;					
753	ʻaulike	ʻau·like	A*	candidate		4		0	0	ʻau: to swim, travel by sea; to jut out, project	like: like, alike, similar		aulike [Au, to swim, and like, alike.]	To swim evenly; to swim abreast, as two or more persons.					
754	ʻaʻapua	ʻaʻa·pua	A*	candidate		4		0	0	ʻaʻa: clothlike sheath on the bottom of a coconut leaf	pua: flower; progeny, child; young (of fish, etc); ar		aapua [Aa, bag and pua, an arrow.]	An arrow case; a quiver.					
755	ʻokipoepoe	ʻoki·poepoe	A*	candidate		4		0	0	ʻoki: to cut; to separate	poepoe: round, rounded; compact, compressed; sphere, glo		okipoepoe [Oki, to cut, and poepoe, around; circularly.]	To circumcise; to be cir- cumcised. Used also with omaka, to circumcise.					
756	ʻōpūhao	ʻōpū·hao	A*	candidate		4		0	0	ʻōpū: stomach, belly, womb; bladder; ventricle; maw; c	hao: any plant of the genus Rauvolfia		opuhao [Opu, abdomen, and hao, any hard substance.]	Name of a disease in which the abdomen becomes en- larged and hard, while the limbs are enervated; the dropsy; ka opu me ka nanaia alikiliki					
757	ʻōpūhue	ʻōpū·hue	A*	candidate		4		0	0	ʻōpū: stomach, belly, womb; bladder; ventricle; maw; c	hue: bottle gourd, Lagenaria siceraria; bottle gourd,		opuhue [Opu, belly, and hue, a calabash.]	A round, flat calabash. Also called umeke pa- kaka. Opuinoino disposed vengeful.					
758	ʻōpūʻōhaʻi	ʻōpū·ʻōhaʻi	A*	candidate		4		0	0	ʻōpū: stomach, belly, womb; bladder; ventricle; maw; c	ʻōhaʻi: imperfectly healed		opuohai [Opu, a bunch, and ohal, a kind of bush.]	A cluster of ohai 'bushes.					
759	hakumele	haku·mele	A*	candidate		3		0	126	haku: to compose, to invent, to put in order, to arran	mele: chant, song, poem; to sing, chant; to be merry		hakumele [Haku, to compose, and mele, a song; poetry.]	To compose or make poetry.					
760	makeʻana	make·ʻana	A*	candidate		3		0	60	make: death; peril; to die; dead; to faint	ʻana: A rough, sandpapery substance (pumice or Leioder		makeana [Make and ana, a dying.]	1. To mourn, that is, to make the sound of mourn- ing; to mourn; to wail, as for the dead; to mourn, as at the death of a relative or friend					
761	pahukani	pahu·kani	A*	candidate		3		0	7	pahu: drum; box, chest, ark, case, coffin; barrel, keg	kani: cry, moan; crow (of a rooster); peal, jingle, ti		pahukani [Pahu, box, and kani, to sound.]	A drum; a bass viol; a music box; any musical instrument of the per- cussive kind.					
762	hoewaʻa	hoe·waʻa	A*	candidate		3		0	4	hoe: oar; paddle; to row, to paddle; to propel, to st	waʻa: canoe		hoewaa [Hoe, paddle, and waa, canoe.]	To paddle a canoe.					
763	kālaipōhaku	kālai·pōhaku	A*	candidate		3		0	3	kālai: to carve	pōhaku: stone, rock, mineral; tablet; stony, rocky; stub		kalaipohaku [Kalai and pohaku, a stone.]	A stone cutter.					
764	kūkuluhema	kūkulu·hema	A*	candidate		3		0	2	kūkulu: pillar, post; border, edge; horizon; cardinal po	hema: left (not right); south		kukuluhema [Kukulu, point, and hema, left; the south.]	The south; the south point.					
765	kapakomo	kapa·komo	A*	candidate		3		0	1	kapa: rim, edge; tapa	komo: entrance, entry; ring, thimble, tenon; to enter,		kapakomo [Kapa, cloth, and komo, to enter in, that is, to put on.]	A garment; wear- ing apparel.					
766	kaulalei	kaula·lei	A*	candidate		3		0	1	kaula: rope, cord, string; arc of a circle	lei: lei, a wreath of flowers or leaves; necklace; ch		kaulalei [Kaula, string, and lei, wreath.]	1. Cord on which the things which make a lei or wreath are strung. 2. String of wreaths. 3. A long cluster of fruit growing together.					
767	ahihonua	ahi·honua	A*	candidate		3		0	0	ahi: fire (oxidation reaction)	honua: land; earth; world; basic, fundamental		ahihonua [Ahi, fire, ai, to eat, and honua, earth.]	A volcano; earth-eater or consumer.					
768	hakakau	haka·kau	A*	candidate	homograph root: sense unresolved	3		0	0	haka: ?shelf, rack; perch, roost; platform	kau: to place, to put; to settle, to perch; to enact,		hakakau [Haka, a ladder or elevated resting place, and kau, get upon or mount.]	1. To be suspended, as on a ladder. 2. To stand with a slender foot- ing, as on the edge of a canoe looking for squid: ke hakakau la ke kana					
769	hanahiō	hana·hiō	A*	candidate	homograph root: sense unresolved	3		0	0	hana: ?work, labor, job, employment, occupation, duty,	hiō: to lean		hanahio [Hana and hio, to lean over.]	(Not idio- matic.) 1. To cause to lean or push over from an upright posi- tion. 2. To slant; to cut to an angle.					
770	hoʻoluʻuʻili	hoʻoluʻu·ʻili	A*	candidate		3		0	0	hoʻoluʻu: to plunge or dip something in liquids, dyes, sol	ʻili: skin; peel, bark, rind; hide, leather; surface;		hooluuili [Hooluu, to immerse, and ili, a skin or hide.]	To tan hides.					
771	huiuna	hui·una	A*	candidate		3		0	0	hui: club, organization; company, firm; combination;	una: shell or carapace of a turtle made of conjoined		huiuna [Hui, to unite and una, to pry.]	A seam; a uniting by a specific method of stitching.					
772	hākui	hā·kui	A*	candidate	homograph root: sense unresolved	3		0	0	hā: ?four; fourth	kui: to thread, to string together		hakui [Ha, and kul, to sound out.]	1. To reflect sound, as an echo. 2. To sound in every direction, as thunder rumbling through the heavens: e kani ma- hope o kekahi kani ana					
773	hāneʻe	hā·neʻe	A*	candidate	homograph root: sense unresolved	3		0	0	hā: ?four; fourth	neʻe: to creep, to move gradually; to squirm		hanee [Ha and nee, to slip; slide along.]	1. To fall, as a ruined building, or a wall; to flatten. 2. To slip or slide down, as an avalanche: ua kapaia o Ka- holo mahope o ka hanee a					
774	hāniu	hā·niu	A*	candidate	homograph root: sense unresolved	3		0	0	hā: stalk of a leaf; stalk of a leaf; any leaf of ce	niu: ?coconut (fruit of coco palm)		haniu [Ha, butt-end or stem of a leaf, and nlu, a cocoanut.]	The heavy end or stem of a cocoanut leaf.					
775	hāpale	hā·pale	A*	candidate	homograph root: sense unresolved	3		0	0	hā: ?four; fourth	pale: ?headdress; cover; pad, lining		hapale [Ha, a trough, and pale, to shove or push away.]	A contrivance for carry- ing off or removing anything. Also called oopale, hence kopala, shovel or trowel.					
776	hōʻolemana	hōʻole·mana	A*	candidate		3		0	0	hōʻole: to deny, to refuse, to reject; to prohibit; deni	mana: mana (religious or spiritual power); power, auth		hoolemana [Hoole, to deny, and mana, power; authority.]	1. To deny one's pow- er or authority, as the people in Liholiho's time denied the author- ity of the priests and the ancient gods; as the J					
777	hōʻolepule	hōʻole·pule	A*	candidate		3		0	0	hōʻole: to deny, to refuse, to reject; to prohibit; deni	pule: prayer, spell, blessing; church service; week; t		hoolepule [Hoole, to deny, and pule, prayer; religion.]	To deny one's authority to act as priest, as did the people after Liholiho had broken the tabu. Syn: Hoolemana above.					
778	kalahala	kala·hala	A*	candidate	homograph root: sense unresolved	3		0	0	kala: ?horn, spike, thorn; sharkskin; surgeonfish	hala: ?sin; error; to sin; to err; to miss; to pass, el		kalahala [Kala, to pardon, and hala, guilt.]	1, To loose or absolve one from guilt or sin; to pardon sin. 2. To take away the ground of an offense, or to answer for it.					
779	keʻapua	keʻa·pua	A*	candidate		3		0	0	keʻa: dart; to shoot with bow and arrow	pua: flower; progeny, child; young (of fish, etc); ar		keapua [Kea, to shoot, and pua, the blossom of the sugar-cane; hence, an arrow.]	To throw or shoot arrows of sugar- cane. (This was a favorite sport of children; formerly it was a game among men.)					
780	kiloheʻe	kilo·heʻe	A*	candidate	homograph root: sense unresolved	3		0	0	kilo: to watch, gaze; watch or observer, someone who w	heʻe: ?octopus		kilohee [Kilo, to look for, and hee, squid.]	1. The act of searching the sea for squid. 2. Squid fishermen. 3. Name of a place in the sea beyond the kuaau, reef, and synonymous with hoh					
781	kilomakani	kilo·makani	A*	candidate		3		0	0	kilo: to watch, gaze; watch or observer, someone who w	makani: wind; ghost; to be windy; to blow		kilomakani [Kilo and makani, wind.]	One who prognosticates the future by ob- serving the winds.					
782	kuapapa	kua·papa	A*	candidate		3		0	0	kua: windward; to chop, chip, hack, dub, strike, cut	papa: board, lumber; flat surface, layer; foundation;		kuapapa [Kua, to cut down, and papa, a board.]	1. To hew out boards or planks. (For- merly one log made but one board.) 2. To cut down and shape a log for a poi board. 3. To place one upo					
783	kēmau	kē·mau	A*	candidate		3		0	0	kē: complaint; critic; to protest; to criticize; The	mau: always, perpetual; to continue		kemau [Ke, the, and mau, a shortening of amaumau.]	Same as amaumau, the fern.					
784	kēʻō	kē·ʻō	A*	candidate		3	differs: keʻo	0	0	kē: complaint; critic; to protest; to criticize; The	ʻō: special planted stick for husking coconuts; pin,		keo [Ke, the, and o, pin.]	The pin.					
785	lanaau	lana·au	A*	candidate		3		0	0	lana: floating, buoyant, adrift; calm, still (water);	au: era, period of time; current (water); movement;		lanaau [Lana, to float, and au, current.]	1. To float carelessly in the current. 2. To go with the current, in a figura- tive sense.					
786	laukanaka	lau·kanaka	A*	candidate		3		0	0	lau: many, numerous; four hundred	kanaka: man, human, human being; subject, retainer; a Ha		laukanaka [Lau, many, and kanaka, people.]	A place of people; where many peo- ple live; laukanaka ole, a solitary place.					
787	laʻaua	laʻa·ua	A*	candidate		3		0	0	laʻa: sacred, holy, consecrated; bound under oath; in	ua: rain (condensed water from a cloud); to rain		laaua [Laa, to devote, and ua, sign of perfect tense.]	Devoted to destruction; as for having broken tabu: Laaua i ke kapu, devoted to the results of the tabu.					
788	lolelau	lole·lau	A*	candidate		3		0	0	lole: to unfold, reverse; to skin, flay; to wear cloth	lau: leaf; frond; greens		lolelau [Lole, cloth, and lau, leaf.]	The art of thatch- ing and trimming off a house.					
789	luahūnā	lua·hūnā	A*	candidate	homograph root: sense unresolved	3		0	0	lua: ?two; second; double; duplicate; companion; a tra	hūnā: to hide, to conceal; to disguise; confidential		luahuna [Lua and huna, to hide.]	A cave or pit in which property was concealed, as in time of war; a concealed or hid- den pit.					
790	makuakōlea	makua·kōlea	A*	candidate		3		0	0	makua: elder; parent	kōlea: Pacific golden plover		makuakolea [Makua, parent, and kolea, to make a friend or seek relationship.]	A parent-in-law, either father or mother.					
791	makualiʻi	makua·liʻi	A*	candidate		3		0	0	makua: elder; parent	liʻi: short for aliʻi (“chief”)		makualii [Makua, parent, and lii, chief.]	1. A pro- genitor; a patriarch. 2. A head of a tribe; a chief.					
792	manamanawāwae	manamana·wāwae	A*	candidate	homograph root: sense unresolved	3		0	0	manamana: ?finger, toe	wāwae: leg, foot		manamanawawae [Manamana, branch, and wawae, foot.]	The toes.					
793	manawaʻino	manawa·ʻino	A*	candidate		3		0	0	manawa: affections, feelings, disposition; heart (seat o	ʻino: hate, sin; storm; bad, wicked; foul, rotten, sme		manawaino [Manawa, disposition, and ino, bad.]	Evil minded; having a bad disposition; unlovely; unfriendly.					
794	mūakua	mū·akua	A*	candidate	homograph root: sense unresolved	3		0	0	mū: ?any destructive insect	akua: god (deity); any supernatural being, spirit, gho		muakua [Mu and akua, a god.]	Unfriendly; unspar- ing; without mercy, like the mu or officer who procured the human victim for a sacrifice.					
795	neneleʻa	nene·leʻa	A*	candidate		3		0	0	nene: to stir, to move	leʻa: pleasing, delightful; pleased, delighted; happy,		nenelea [Nene and lea, joy.]	Joy; gladness. Syn: Lealea.					
796	nihohui	niho·hui	A*	candidate		3		0	0	niho: tooth; ivory; tusk; beak; claw	hui: club, organization; company, firm; combination;		nihohui [Niho, tooth, and hui, pain.]	The tooth- ache; a pain in a tooth.					
797	nānāuli	nānā·uli	A*	candidate		3		0	0	nānā: to look, observe	uli: having any dark color (blue, green, black, etc.)		nanauli [Nana, to look, and uli, the blue sky.]	One who predicted the weather by looking at the sky. Laieik. p. 36.					
798	paʻiaʻa	paʻi·aʻa	A*	candidate		3	match	0	0	paʻi: to hit; to slap, to spank; to clap; to print; to	aʻa: root (of plant); vein of leaf; blood vessel incl		paiaa [Pal and aa, small roots.]	1. The appearance of something not fully developed; paiaa koko, the incipient arteries or veins of an embryo branching out from the heart. 2					
799	ūʻaiā	ū·ʻaiā	A*	candidate	homograph root: sense unresolved	3		0	0	ū: ?breast; udder	ʻaiā: ungodly, godless; irreligious, inobservant, heed		uaia [U and aia, sweet.]	1. The sweet potato. 2. The large muscles of the upper arm. 3. A kind of cowrie shell. Sometimes written uwala.					
800	ʻahāaina	ʻahā·aina	A*	candidate		3		0	0	ʻahā: four; four times	aina: coition		ahaaina [Aha, a company, and aina, eating.]	1. A company for eating. 2. A feast for pleasure or enjoyment: ahaaina olioli, a joyful feast. 3. A feast as a celebration of a past evemt.					
801	ʻahāinu	ʻahā·inu	A*	candidate		3		0	0	ʻahā: four; four times	inu: a drink; to drink		ahainu [Aha, a company, and inu, to drink.]	To par- take at a drinking feast.					
802	ʻahāʻaina	ʻahā·ʻaina	A*	candidate		3		0	0	ʻahā: four; four times	ʻaina: passive of ʻai (“eat”)		ahaaina [Aha, company, and aina, to eat.]	To eat to- gether; to feast; to partake of a banquet; to hold a feast.					
803	ʻaiahupuaʻa	ʻai·ahupuaʻa	A*	candidate		3		0	0	ʻai: food; in particular, any food that is not fish;	ahupuaʻa: a wedge-shaped land subdivision of ancient Hawai		aiahupuaa [Ai, food, and ahupuaa, a division of land.]	Enjoying the food or bene- fits of an ahupuaa: he alii aiahu- puaa, enjoying the privileges or benefits of an overseer of land. — Laieik, p.					
804	onehānau	one·hānau	A*	candidate		2		0	7	one: sand; silt	hānau: birth; offspring, child; to give birth; fertile		onehanau [One, sand, and hanau, born.]	The place of one's birth; native place; one's native country where he and his ancestors lived: E ike auanei i ko kakou onehanau, we shall so					
805	huikala	hui·kala	A*	candidate		2		2	0	hui: club, organization; company, firm; combination;	kala: to untie, to undo, to loosen; to separate; to fr		huikala [Hui, to join, and kala, to loosen; to forgive.]	1. To cleanse, as a disease; to purify. 2. To be purified. 3. To sanctify one's self. 4. To cleanse morally. 5. To cleanse ceremon- ially.					
806	kanakamakua	kanaka·makua	A*	candidate		2		0	1	kanaka: man, human, human being; subject, retainer; a Ha	makua: elder; parent		kanakamakua [Kanaka and makua, parent.]	1. The state of mature age, whether one has children or not; one mature of person, full grown. 2. A man of bodily strength. 3. An eminent ma					
807	meakiaʻi	mea·kiaʻi	A*	candidate		2		0	1	mea: thing, object; person; one (given a descriptor)	kiaʻi: to guard, to watch over; to overlook; guard, wat		meakiai [Mea, thing, and kial, to guard.]	A guard; a protection; a preserver; epithet of Jehovah.					
808	paepaepuka	paepae·puka	A*	candidate		2		0	1	paepae: platform; pavement; prop, support; to support, t	puka: hole, gate, doorway; a snare, a trap; to pass th		paepaepuka [Paepae, a platform, and puka, a doorway,]	A threshold.					
809	ahuwaiwai	ahu·waiwai	A*	candidate		2		0	0	ahu: heap, pile, mound; cairn, altar, shrine	waiwai: to be rich		ahuwaiwai [Ahu, collection, and waiwai, property of a treasury.]	Belonging to a place for storing property. Hale ahuwai- wai, a store-house.					
810	hanupau	hanu·pau	A*	candidate		2		0	0	hanu: breath; respiration; to breathe; to sniff; to in	pau: finished, done; destroyed; all		hanupau [Hanu, to breathe, and pau, to finish.]	The gasping of a dying person, the giving up of the spirit: he hanu- pau ka make.					
811	hoʻihope	hoʻi·hope	A*	candidate		2		0	0	hoʻi: to return (go or come back); to enter	hope: back, rear, (of a vessel) aft; subsequent, next;		hoihope [Hoi, to return, and hope, backwards.]	1. To go back after an advance; to turn back. 2, To return to former practices after a reformation. 3. To revolt, as one taken captive.					
812	hoʻohalalā	hoʻohala·lā	A*	candidate		2		0	0	hoʻohala: causative of hala (“to sin”); to lead astray; to	lā: day, cycle of 24 hours		hoohalala [Hoohala, to pass, and la, day. Lit. to cause the day to pass.]	1, To pass the time; to spend the day. 2. To endure for the present day; applied to sick persons: ua pono kou mai? Answer: Aole, he hoo- hal					
813	hoʻomanakiʻi	hoʻomana·kiʻi	A*	candidate		2		0	0	hoʻomana: to place into a position of authority, to put in	kiʻi: a picture, image, drawing, photograph, illustrat		hoomanakii [Hoomana, worship, and kii, an idol.]	To worship idols; to wor- ship any god except Jehovah.					
814	hukiheʻe	huki·heʻe	A*	candidate		2		0	0	huki: any fit: convulsion, stroke, spasm; to pull, to	heʻe: to slide, to surf, to slip, to flee; to melt, to		hukihee [Huki, to pull, and hee, to slip.]	1. A glid- ing along; a passing over, as over a bridge. 2. A walking or passing smoothly over a stream. 3. A par- ticular net used in fishin					
815	hāipu	hā·ipu	A*	candidate		2		0	0	hā: stalk of a leaf; stalk of a leaf; any leaf of ce	ipu: bottle gourd (Lagenaria siceraria); watermelon (		haipu [Ha, the stem of a leaf, and ipu, a gourd.]	The stem of a gourd leaf used in medi- cine.					
816	hōʻakakeʻa	hōʻaka·keʻa	A*	candidate		2		0	0	hōʻaka: to provoke laughter	keʻa: horizontal boom connecting two hulls or outrigge		hoakakea [Hoaka and kea, a cross.]	The arch over a door; a lintel.					
817	kaniwāwae	kani·wāwae	A*	candidate		2		0	0	kani: cry, moan; crow (of a rooster); peal, jingle, ti	wāwae: leg, foot		kaniwawae [Kani, sounding, and wawae, foot.]	Of or belonging to a foot soldier: na kanaka kaniwawae, foot sol- diers or footmen.					
818	kapakuʻina	kapa·kuʻina	A*	candidate	homograph root: sense unresolved	2		0	0	kapa: rim, edge; tapa	kuʻina: ?punch, blow; peal (of thunder)		kapakuina [Kapa, the native cloth, tapa, and kuina, uniting by stitches.]	The five tapas which when sewed together for bed clothing are called kuina- kapa.					
819	koawā	koa·wā	A*	candidate	homograph root: sense unresolved	2		0	0	koa: ?warrior; koa (tree)	wā: ?to make noise, to roar; to talk a lot; to gossip		koawa [Koa and wa, a space.]	1. A vacant space be- tween two things, as: 2. The spaces between the fingers or toes. 3. A strip or space of water be- tween two lands; hen					
820	kuiʻēʻē	kui·ʻēʻē	A*	candidate		2		0	0	kui: to thread, to string together	ʻēʻē: armpit		kuiee [Kul and ee, the armpit.]	To secure or carry under the arm; to fold up and put under the arm.					
821	kulihiamoe	kuli·hiamoe	A*	candidate		2		0	0	kuli: to be deaf (not hearing)	hiamoe: sleep; to sleep		kulihiamoe [Kuli, deaf, and hiamoe, sleep. Literally, to be deaf from being sleepy.]	To doze; not to hear through drowsiness.					
822	kuʻuluhi	kuʻu·luhi	A*	candidate	homograph root: sense unresolved	2		0	0	kuʻu: to release, to let go; diminish, subside, settle	luhi: ?burden, wearisome or tedious task; labor, work,		kuuluhi [Kuu, stop; ka, article, the, and luhi, weariness, fatigue, etc.]	To rest after labor, toil and care. It is said that after Kamehameha con- quered the islands, he exclaimed "Ua kuu ka luhi," the burden has					
823	kīkipa	kī·kipa	A*	candidate	homograph root: sense unresolved	2		0	0	kī: ?ti (Cordyline fruticosa)	kipa: to turn aside, to turn away from the direct path		kikipa [Ki and kipa, to turn aside.]	1. To call upon one. 2. To go frequently to a neighbor's. 3. To make a circuit to avoid one. 4. To turn aside from a straight road, or from					
824	kīʻōnaha	kī·ʻōnaha	A*	candidate	homograph root: sense unresolved	2		0	0	kī: ?ti (Cordyline fruticosa)	ʻōnaha: stooped, bent over; bowlegged; pigeon-toed; bent		kionaha [Ki and onaha, crooked.]	To be bent; to be crooked; to be curved. (Hoo- kionaha is the transitive form.)					
825	kūkāmoʻo	kūkā·moʻo	A*	candidate		2		0	0	kūkā: to consult, to confer, to deliberate, to discuss	moʻo: lizard, dragon, serpent		kukamoo [Kuka, to consult, and moo, history, or moo may be a shortening of mookuauhau, a genealogy.]	1. To con- sult the history of descent. 2. To study ancient customs. 3. To re- fer to the mookahuna or genealogy of the ancient priests.					
826	kūlanaheʻenalu	kūlana·heʻenalu	A*	candidate		2		0	0	kūlana: position, situation; site, patch; stance, attitu	heʻenalu: surf		kulanaheenalu [Kulana and heenalu, to swim on the surfboard.]	Place or village where a good surf came in so that the people might have the pleas- ure of riding on the surf. (A good surf was considered a					
827	laʻaulu	laʻa·ulu	A*	candidate		2		0	0	laʻa: sacred, holy, consecrated; bound under oath; in	ulu: growth; grove; flock; to grow		laaulu [Laa, devoted or set aside, and ulu, growth.]	A time when vegetables spring or grow fast in distinction from laa- make.					
828	leihala	lei·hala	A*	candidate		2		0	0	lei: lei, a wreath of flowers or leaves; necklace; ch	hala: screw pine, pandanus (Pandanus tectorius)		leihala [Lei, wreath, and hala, the pandanus.]	1. A lei made of the hala fruit, which is odoriferous: he leihala oe ma ka a-i o ka poe naauao, thou art a hala wreath on the neck of the wi					
829	lepohānai	lepo·hānai	A*	candidate		2		0	0	lepo: soil, dirt; filth	hānai: foster child, adopted child; to feed, care for,		lepohanai [Lepo, dirt, and hanai, to feed.]	Dirt or rubbish which is carried to fill a pit or hole; aole paa ka lepo, he lepohanai wale no.					
830	lālāhū	lālā·hū	A*	candidate		2		0	0	lālā: branch, bough; frond (of coconut); limb; timber	hū: to rise, swell, inflate; to leaven; to leaven; t		lalahu [Lala and hu, to rise up.]	Convex; swelling out, as a bone set crookedly.					
831	makaʻukiʻi	makaʻu·kiʻi	A*	candidate		2		0	0	makaʻu: fear; danger; to fear, be afraid	kiʻi: a picture, image, drawing, photograph, illustrat		makaukii [Makau, fear, and kii, idol.]	1. Great fear. 2. Dread of the gods. Fear of the gods.					
832	moanapaʻakai	moana·paʻakai	A*	candidate		2		0	0	moana: ocean, sea; broad, wide	paʻakai: salt		moanapaakai [Moana, sea, and paakai, salt.]	The salt ocean or salt sea. Syn: Moanakai.					
833	mūkole	mū·kole	A*	candidate	homograph root: sense unresolved	2		0	0	mū: ?any destructive insect	kole: raw, inflamed, red		mukole [Mu and kole, raw.]	To be red or raw; to be galled; to be inflamed.					
834	nihoawa	niho·awa	A*	candidate	homograph root: sense unresolved	2		0	0	niho: tooth; ivory; tusk; beak; claw	awa: ?channel, passage; port, harbor, cove		nihoawa [Niho, tooth, and awa, poisonous.]	Poi- son toothed, as some animals; poisonous; corroding.					
835	nānāao	nānā·ao	A*	candidate		2		0	0	nānā: to look, observe	ao: cloud		nanaao [Nana, to look, and ao, clouds.]	A cloud in- terpreter.					
836	nīnauhōʻike	nīnau·hōʻike	A*	candidate		2		0	0	nīnau: question; to ask, inquire	hōʻike: causative of ʻike (“to see”); to show, to displa		ninauhoike [Ninau, to ask, and hoike, to exhibit, to cause to know.]	1. A learning by question and answer. 2. A historical catechism formerly in use among the natives.					
837	nīnauʻuhane	nīnau·ʻuhane	A*	candidate		2		0	0	nīnau: question; to ask, inquire	ʻuhane: soul, spirit; ghost; spiritual		ninauuhane [Ninau, to ask, and uhane, ghost.]	Having familiar spirits; talking  with or getting information from ghosts.					
838	omoliu	omo·liu	A*	candidate		2		0	0	omo: suck; absorb	liu: bilgewater, leakage; to leak		omoliu [Omo, to suck, and liu, bilge-water.]	A ship's pump. (The word pauma has been introduced from the Eng- lish pump.)					
839	paepū	pae·pū	A*	candidate	homograph root: sense unresolved	2		0	0	pae: ?to come ashore, to land; to immigrate; to catch	pū: ?tree, cluster of several stalks; cluster, clump		paepu [Pae, to strike, as a sound, and pu, together.]	The deafening roar of the surf.					
840	panipū	pani·pū	A*	candidate		2		0	0	pani: to close, to shut; to block, to dam up; to repla	pū: gun, pistol		panipu [Pani, a stopper, and pu, a gun.]	The wad of a gun.					
841	panipūpū	pani·pūpū	A*	candidate		2		0	0	pani: to close, to shut; to block, to dam up; to repla	pūpū: shell (marine or land), beads		panipupu [Pani and pupu, a shell.]	A shell used as an eyestone in taking a foreign substance from the eye.					
842	punihai	puni·hai	A*	candidate	homograph root: sense unresolved	2		0	0	puni: ?surrounded, enclosed; controlled; overcome (by e	hai: ?to offer, to sacrifice; offering, sacrifice		punihai [Puni, an inclination, and hai, to run.]	Ad- dicted to running; cowardly; full of fear.					
843	puniwaiwai	puni·waiwai	A*	candidate	homograph root: sense unresolved	2		0	0	puni: ?surrounded, enclosed; controlled; overcome (by e	waiwai: to be rich		puniwaiwai [Puni and waiwai, property.]	To desire unduly the acquisition of property; hence, to be covetous; to devote one's self to accumu- lation. (Puniwaiwai was anciently what					
844	pūʻalu	pū·ʻalu	A*	candidate	homograph root: sense unresolved	2		0	0	pū: ?tree, cluster of several stalks; cluster, clump	ʻalu: loose skin over the eyeball; ravine, cavity, den		pualu [Pu, together, and alu, to combine.]	To work to- gether; to combine in aid of one or of each other; to act in con- cert; to work like a multitude at one kind of business.					
845	wāheʻe	wā·heʻe	A*	candidate	homograph root: sense unresolved	2		0	0	wā: time; time; time period, era; occasion; tense	heʻe: ?octopus		wahee [Wa, time, and hee, squid.]	Squid time; season when squid abound.					
846	ʻaumoana	ʻau·moana	A*	candidate		2		0	0	ʻau: to swim, travel by sea; to jut out, project	moana: ocean, sea; broad, wide		aumoana [Au, to swim and moana, ocean.]	1, A sailor; one who spends most of the time on the ocean. 2. A class of laws enacted by Kaahumanu. 3. The nautilus.					
847	ʻaʻaniu	ʻaʻa·niu	A*	candidate		2		0	0	ʻaʻa: clothlike sheath on the bottom of a coconut leaf	niu: coconut (fruit of coco palm)		aaniu [Aa, cloth-like covering near the base of a coconut leaf, and niu, coconut.]	The cover- ing like a coarse cloth around the stem end of coconut leaves: a hoo- kahekahe ma ka aaniu.					
848	ʻohākālai	ʻohā·kālai	A*	candidate		2		0	0	ʻohā: taro corm growing from the older root; offspring	kālai: to carve		ohakalai [Oha, a stick, and kalai, to cut.]	A stick to rub or polish with, as a file or other instrument.					
849	ʻualakahiki	ʻuala·kahiki	A*	candidate	Wiktionary writes it as two words	2		0	0	ʻuala: sweet potato	kahiki: foreign country		ualakahiki [Uala, potato, and kahiki, foreign.]	A foreign or Irish potato. Also writ- ten uwalakahiki.					
850	ʻukukapa	ʻuku·kapa	A*	candidate		2		0	0	ʻuku: louse, flea (insect)	kapa: rim, edge; tapa		ukukapa [Uku, louse, and kapa, garment.]	A tapa louse; a body louse; he uku no ke kino o ke kanaka.					
851	ʻulukahiki	ʻulu·kahiki	A*	candidate		2		0	0	ʻulu: breadfruit	kahiki: foreign country		ulukahiki [Ulu, breadfruit, and kahiki, foreign.]	A foreign breadfruit tree.					
852	ʻoiaʻiʻo	ʻoia·ʻiʻo	A*	candidate	homograph root: sense unresolved	1		46	0	ʻoia: truth; to be true	ʻiʻo: ?flesh; meat; flesh and blood; muscle; essence, s		oiaio [Oia, truth, and io, real.]	Truth; verity; what is true ; uprightness.					
853	ʻōleloaʻo	ʻōlelo·aʻo	A*	candidate		1		0	8	ʻōlelo: language, speech; word, term; statement; quotati	aʻo: instruction; to teach, learn		oleloao [Olelo, to speak, and ao, to teach.]	. 1. To give counsel; to advise in state affairs: Oleloao mai o Vanekouva ia Kamehameha e hooki i ke  kaua, Vancouver advised Kameha- meha t					
854	kauamai	kaua·mai	A*	candidate		1		0	6	kaua: a war, battle, army; to fight; to go to war	mai: don't Negative imperative followed by a verb		kauamai [Kaua, to invite to stay, and mai, a verbal directive.]	To invite or urge to stay by; to draw or influence to- wards one's self.					
855	mailuna	mai·luna	A*	candidate	homograph root: sense unresolved	1		0	5	mai: don't Negative imperative followed by a verb	luna: ?top, upper		mailuna [Mai, from, and luna, above.]	Prom above.					
856	heluhōʻike	helu·hōʻike	A*	candidate		1		0	2	helu: number; issue of a publication; list, directory;	hōʻike: causative of ʻike (“to see”); to show, to displa		heluhoike [Helu, to count, and hoike, to show.]	An abacus, a frame with strings of counters, used as an aid in solv- ing questions in arithmetic. Helu la (he'-lu-I'a), n. Anything which is					
857	heiheinalu	heihei·nalu	A*	candidate		1		0	0	heihei: race (test of speed); to race	nalu: wave; surf; to form waves		heiheinalu [Heihei, to run, and nalu, surf.]	1. To ride the surf on a surf-board; to surf. 2. To race on surf-boards.					
858	hiʻipoi	hiʻi·poi	A*	candidate		1		0	0	hiʻi: to hold or carry in the arms; to bear; to nurse	poi: a porridge-like substance made from cooked and g		hiipoi [Hii and poi, to protect.]	1. To tend and feed, as a young child. 2. To feed and defend, as a chief does his people. 3. To take in the arms, as a child. 4. To take car					
859	hoeuli	hoe·uli	A*	candidate		1		0	0	hoe: oar; paddle; to row, to paddle; to propel, to st	uli: to steer; steersman		hoeuli [Hoe, a paddle, and uli, to steer.]	A rudder.					
860	huluʻiʻiwi	hulu·ʻiʻiwi	A*	candidate		1		0	0	hulu: hair (the collection or mass of filaments growin	ʻiʻiwi: iiwi, scarlet honeycreeper		huluiiwi [Hulu, feather, and ilWi, a small red bird.]	The feathers from which the ahu- ula or feather cloaks were made, which were obtained from the iiwi.					
861	huluʻānai	hulu·ʻānai	A*	candidate	homograph root: sense unresolved	1		0	0	hulu: ?hair (the collection or mass of filaments growin	ʻānai: to rub, to scrub, to grind; rubbing, scrubbing;		huluanai [Hulu, bristles, and anai, to rub.]	A brush for painting; especially for white- washing. Coconut fiber was used to paint with,					
862	hāliʻikuli	hāliʻi·kuli	A*	candidate		1		0	0	hāliʻi: cover; to cover, to spread	kuli: knee		haliikuli [Halii, to spread, and kuli, knee or knees.]	1. One who spreads the knees when sitting down to eat so that others may not reach the food. 2. Selfishness; stinginess.					
863	hōʻoiaʻio	hōʻoia·ʻio	A*	candidate		1		0	0	hōʻoia: to confirm, to affirm, to certify	ʻio: Hawaiian hawk (Buteo solitarius)		hooiaio [Hooia and io, really.]	1. To prove; to sub- stantiate as a fact. 2. To take an acknowledgment, in a legal sense, as of a title deed, etc.					
864	iwipona	iwi·pona	A*	candidate		1		0	0	iwi: bone; the hard inedible core below the flesh of	pona: node of bamboo or sugarcanes; joint of bones, fi		iwipona [Iwi, bone, and pona, joint.]	1. A joint. 2. The bones of a person separated from each other and all jumbled together: hai pu ka iwlpona i ka uwe.					
865	keahakahaka	kea·hakahaka	A*	candidate		1	differs: keʻahakahaka	0	0	kea: white; clear	hakahaka: vacancy; gap; blank space, blank; emaciated, thi		keahakahaka [Kea, and hakahaka, empty.]	The part of the body in men and beasts which embraces the ab- domen, as keapaa does the chest.					
866	kikialo	kiki·alo	A*	candidate		1		0	0	kiki: plug; to sting	alo: front (facing side); face; presence; face		kikialo [Kiki, from ki, to do, and alo, the presence of one.]	1. To move or do quickly whatever is to be done. 2. To get into action now. 3. To do in the presence of.					
867	kohohonua	koho·honua	A*	candidate		1		0	0	koho: election; selection; choice, option; guess, esti	honua: suddenly, abruptly and without reason		kohohonua [Koho, to choose or name, and honua, without cause or reason for.]	1. To ask for or choose in a general way, without specifica- tion. 2. To ask for; to beg, as for land, fish or any definite ob- ject desired					
868	koikahi	koi·kahi	A*	candidate		1		0	0	koi: to urge	kahi: to cut longitudinally; to scrape; to shave, to p		koikahi [Koi and kahi, to cut or shave.]	A plane; a tool for planing boards or timber.					
869	koilipi	koi·lipi	A*	candidate		1		0	0	koi: to urge	lipi: adze, chisel; any sharp edge or blade; taper; ri		koilipi [Koi and lipi, sharp; tapering.]	An axe.					
870	koʻakā	koʻa·kā	A*	candidate		1		0	0	koʻa: coral	kā: to strike, hit, thrust, dash, hurl (especially w		koaka [Koa, coral, and ka, to dash.]	Name of a place or places where two or more oppos- ing currents meet on coral shoals causing a disturbance of the sea.					
871	kāwilimanu	kāwili·manu	A*	candidate		1		0	0	kāwili: to snare	manu: bird (animal)		kawilimanu [Kawili and manu, a bird.]	A method of catching birds with bird lime; he lawaia manu. Same as kapilimanu.					
872	kūʻēkuene	kūʻē·kuene	A*	candidate		1		0	0	kūʻē: to oppose; to resist	kuene: steward; waiter; to lay out, to put in order, to		kuekuene [Kue and kuene, to lay out or prepare for.]	1. To act the part of a steward; to apportion food. 2. To separate; to apportion; to divide and assign to.					
873	laekoi	lae·koi	A*	candidate		1		0	0	lae: forehead	koi: to urge		laekoi [Lae, forehead, and koi, sharp; projecting.]	A sharp or projecting forehead.					
874	lawaiʻamanu	lawaiʻa·manu	A*	candidate		1		0	0	lawaiʻa: fisherman (person who attempts to catch fish); f	manu: bird (animal)		lawaiamanu [Lawaia, to fish, and manu, a bird.]	A hunter and catcher of birds; a fowler. [Catching birds was formerly practiced to a great  extent in the mountainous parts of the islands.]					
875	mikiʻaiā	miki·ʻaiā	A*	candidate		1		0	0	miki: quick, prompt; lively, nimble; active, alert; sp	ʻaiā: ungodly, godless; irreligious, inobservant, heed		mikiaia [Miki, to be active, and aia, to rise up.]	1. To rise quickly or early in the morn- ing; to be prompt in getting up; hence, 2. To be in season; to be promptly on the ground and ready					
876	moamahi	moa·mahi	A*	candidate		1		0	0	moa: chicken or similar fowl	mahi: to cultivate, to farm; farm, plantation		moamahi [Moa, fowl, and mahi, strong.]	1. A cock that conquers. 2. A conqueror of any kind.					
877	moawī	moa·wī	A*	candidate	homograph root: sense unresolved	1		0	0	moa: chicken or similar fowl	wī: ?famine; squeak; any high shrill sound; to squeal		moawi [Moa, fowl, and wl.]	A setting hen.					
878	moʻamaka	moʻa·maka	A*	candidate		1		0	0	moʻa: cooked; burned by the sun; made brittle by heat;	maka: raw (undercooked)		moamaka [Moa, cooked, and maka, raw.]	Imper- fectly or partially cooked.					
879	mulihope	muli·hope	A*	candidate		1		0	0	muli: after, afterward, by and by; behind, following b	hope: back, rear, (of a vessel) aft; subsequent, next;		mulihope [Muli, last, and hope, end.]	The last; the youngest born; o ke keiki hia- po, he mua ia; o ke keiki muli- hope, oia ka hope loa; also, keiki muli iho, younger child.					
880	oneʻā	one·ʻā	A*	candidate		1		0	0	one: sand; silt	ʻā: fire, burning; aa lava; to burn		onea [One, sand, and a, burning.]	Gunpowder. (So called by Hawaiians when they first saw gunpowder. The word pauda has since been introduced.)					
881	paluheʻe	palu·heʻe	A*	candidate		1		0	0	palu: to lick	heʻe: to slide, to surf, to slip, to flee; to melt, to		paluhee [Palu and hee, to flow.]	To be softened; to be cooked so as to be soft; to flow.					
882	poiawa	poi·awa	A*	candidate	homograph root: sense unresolved	1		0	0	poi: a porridge-like substance made from cooked and g	awa: ?channel, passage; port, harbor, cove		poiawa [Poi and awa, sour; bitter.]	1. Sour poi, or poi too much fermented. 2. Fig. A person of a sour or crabbed dis- position.					
883	pāpalelaʻa	pāpale·laʻa	A*	candidate		1		0	0	pāpale: hat, cap; crest; to wear a hat; to overshadow	laʻa: sacred, holy, consecrated; bound under oath; in		papalelaa [Papale, hat, and laa, consecrated.]	A holy or consecrated crown.					
884	uhikino	uhi·kino	A*	candidate		1		0	0	uhi: covering, veil; solid-ink tattoo; tent; to cover	kino: body; form; person, self; person; main portion;		uhikino [Uhi, to cover, and kino, the body.]	1. A covering for the body; a shield. 2. A loose outer garment or kihei.					
885	waiwaipio	waiwai·pio	A*	candidate		1		0	0	waiwai: to be rich	pio: conquered, captured; to play tag; captive, priso		waiwaipio [Waiwal, property, and pio, captured.]	Property taken In war or In rob- bery; plupder; spoil.					
886	ōkomo	ō·komo	A*	candidate		1		0	0	ō: food, provisions, rations	komo: entrance, entry; ring, thimble, tenon; to enter,		okomo [O, to pricker insert, and komo, anything entered.]	1. To calk a ship or ves- sel: Ka poe haole e okomo ana i ka ropi ma ka aoao o ka moku, the foreigners were calking (driving in the rope) on					
887	ʻohākulaʻi	ʻohā·kulaʻi	A*	candidate		1		0	0	ʻohā: taro corm growing from the older root; offspring	kulaʻi: to push over; to overthrow; to shove; to push to		ohakulai [Oha, a shoot, and kulai, (to push over.]	To bend off the young taro from the parent tuber to give it room to grow.					
888	ʻōkoholā	ʻō·koholā	A*	candidate		1		0	0	ʻō: special planted stick for husking coconuts; pin,	koholā: humpback whale		okohola [O, to pierce, and kohola, a whale.]	Whale piercing: O ka nui o na moku i ku mai, oia na moku oko- hola, the greater number of ships which anchor here are whale-stab- bing ships					
889	hiʻumālolo	hiʻu·mālolo	A*	candidate		0		0	0	hiʻu: fish tail	mālolo: flying fish; fickle person who leaps from mate t		hiumalolo [Hiu, and malolo, the flying-fish.]	The caudal fin of the flying-fish.					
890	honoʻāʻī	hono·ʻāʻī	A*	candidate		0		0	0	hono: harbor; bay	ʻāʻī: neck		honoai [Hono and ai, the neck.]	The back of the neck.					
891	huʻahuʻanana	huʻahuʻa·nana	A*	candidate		0		0	0	huʻahuʻa: foam, froth	nana: Lānaʻi form of ulana (“to plait”)		huahuanana [Huahua, froth, and nana, for lana, to float.]	Lit. Floating froth. A reproaching; making use of re- proachful epithets; calling one an ignorant nothing.					
892	hēʻahā	hē·ʻahā	A*	candidate	homograph root: sense unresolved	0		0	0	hē: ?caterpillar (insect)	ʻahā: four; four times		heaha [He, a, and aha, what. A what?]	What, an interrogative adverb denoting a question.					
893	kaʻihuakaʻi	kaʻi·huakaʻi	A*	candidate		0		0	0	kaʻi: to lead; to lift up and carry; to train, to coac	huakaʻi: trip, journey		kaihuakai [Kai and huakai, a large company.]	1. To lead a large traveling company. 2. To move onward in great num- bers.					
894	kipikua	kipi·kua	A*	candidate		0		0	0	kipi: to dig with a sharp tool	kua: windward; to chop, chip, hack, dub, strike, cut		kipikua [Kipi, to dig up, and kua, to strike obliquely, as in kua laau, to cut down a tree.]	Pickaxe. Kipo (ki'-po'), V. To break; to break open, as a box or chest: e hoo- naha, e wawahi; alalia, kipo iho la i ka pahu i ka pohaku.					
895	kālelemuku	kālele·muku	A*	candidate		0		0	0	kālele: to lean upon; to trust	muku: cut short, shortened; cut off, amputated; ended,		kalelemuku [Kalele, to lean or bear on, and muku, the off or starboard side of a canoe.]	1. To lean on the off or starboard side of a canoe. 2. To lead a free and easy life; to rid one's self of care.					
896	kūkulupāpaʻi	kūkulu·pāpaʻi	A*	candidate		0		0	0	kūkulu: to build, to construct; to put up, to erect; to	pāpaʻi: crab		kukulupapai [Kukulu, to put up or erect, and papal, temporary shelter or abode.]	To make a shed or shelter for tem- porary occupation.					
897	lawakua	lawa·kua	A*	candidate		0		0	0	lawa: sufficiency, abundance, plenty	kua: back; back; rear; burden; to carry on the back,		lawakua [Lawa, to bind, and kua, back.]	1. To bind or tie fast on the back; to bind tightly; to make fast; e lawalawa, e hoa paa loa. 2. To tie tightly.					
898	lonohiʻi	lono·hiʻi	A*	candidate		0		0	0	lono: news, report, rumor	hiʻi: to hold or carry in the arms; to bear; to nurse		lonohii [Lono and hii, to tend a child.]	A child that is much tended and dandled.					
899	manahālō	mana·hālō	A*	candidate	homograph root: sense unresolved	0		0	0	mana: ?mana (religious or spiritual power); power, auth	hālō: to peer, to peep		manahalo [Mana, limb, and halo, motion of fins.]	The motion of the arms and legs in swimming.					
900	mikiʻoi	miki·ʻoi	A*	candidate	homograph root: sense unresolved	0		0	0	miki: ?to suck in; to shrink, to shrivel; to contract;	ʻoi: sharp; acute; sharpness; sharp		mikioi [Miki and oi, to excel.]	Neatness; excellency in work; no ka mikioi o ka oukou hana.					
901	pokeʻina	poke·ʻina	A*	candidate		0		0	0	poke: section, slice, piece, part, portion; to slice,	ʻina: small sea urchin		pokeina [Poke, a piece, and ina, sea egg.]	A cala- bash of ina, a species of the sea egg; he ia poepoe kalakala.					
902	pūpūhōʻaka	pūpū·hōʻaka	A*	candidate		0		0	0	pūpū: shell (marine or land), beads	hōʻaka: to provoke laughter		pupuhoaka [Pupu, shell, and hoaka, a crescent.]	A bracelet; an ornament for the wrist made of small shells.					
903	waʻapā	waʻa·pā	A*	candidate	homograph root: sense unresolved	0		0	0	waʻa: canoe	pā: ?fence, wall, enclosure; pen, sty		waapa [Waa, canoe, and pa, a board.]	A boat made of boards; a skiff; a rowboat. A waapa is shorter and wider than a canoe (waa).					
904	ʻaiāniho	ʻaiā·niho	A*	candidate		0		0	0	ʻaiā: ungodly, godless; irreligious, inobservant, heed	niho: tooth; ivory; tusk; beak; claw		aianiho [Ala, path, and niho, tooth.]	The long strips of tattooing made on the skin by means of a shark's tooth.					
905	ʻakahenehene	ʻaka·henehene	A*	candidate		0		0	0	ʻaka: to laugh	henehene: to mock, tease, laugh at		akahenehene [Aka, to laugh, and henehene, to ridicule.]	To laugh to scorn; to laugh in derision or mockery.					
906	kūkulu	kū·kulu	W	screened-out	kulu: "gonorr"		match	205	0	kū: to stand, to rise; to stop, to halt; to anchor,	kulu: post; stick (timber used in houses)	pillar, post; border, edge; horizon; cardinal point, compass point; to tether; to park; to build, to construct; to put u							
907	kūʻokoʻa	kū·ʻokoʻa	W	screened-out	ʻokoʻa: no content-word entry			174	0	kū: to stand, to rise; to stop, to halt; to anchor,	ʻokoʻa:	independent, free; independence, freedom							
908	kamaliʻi	kama·liʻi	W	screened-out	kama: "sex"		match	109	0	kama: child regardless of sex	liʻi: small, tiny	children, progeny							
909	ʻālapa	ʻā·lapa	W	screened-out	lapa: no content-word entry | ʻā- is also a prefix | homograph root: sense unresolved		match	43	0	ʻā: ?fire, burning; aa lava; to burn	lapa:	athlete; athletic							
910	kamaʻāina	kama·ʻāina	W+A	screened-out	kama: "sex"			38	0	kama: child regardless of sex	ʻāina: land (earth; country; real estate)	a person born and bred in Hawaii	kamaaina [Kama, child, and aina, land. Lit. A child of the land.]	1. A native born In any place and continuing to live in that place. 2. One belonging to a land and transferred with the land from one landho					
911	hapalua	hapa·lua	W+A	screened-out	hapa: loan			22	1	hapa: half of something; portion, part; someone who ha	lua: two; second; double; duplicate; companion; a tra	half, half-dollar; two portions	hapalua [Hapa, part, and lua, two.]	1. One-half. 2. A half dollar.					
912	pāpale	pā·pale	W+A	prefix-led	pā- is also a prefix | homograph root: sense unresolved			18	0	pā: ?fence, wall, enclosure; pen, sty	pale: headdress; cover; pad, lining	hat, cap; crest; to wear a hat; to overshadow	papale [Pa and pale, a defense.]	1. A hat; a cap; a . bonnet; any covering for the head. 2. Anything that covers a summit or the highest part of a thing.					
913	huinakolu	huina·kolu	W	screened-out	huina: no content-word entry			16	0	huina:	kolu: three; third	triangle							
914	kōnane	kō·nane	W	screened-out	nane: no content-word entry | homograph root: sense unresolved			10	0	kō: ?sugar cane (Saccharum officinarum)	nane:	bright moonlight; to shine (of the moon); clear, bright; an ancient Polynesian two-player strategy board game played wit							
915	lauoho	lau·oho	W	screened-out	oho: no content-word entry		match	8	0	lau: leaf; frond; greens	oho:	hair (of human head)							
916	pākaua	pā·kaua	W	prefix-led	pā- is also a prefix | homograph root: sense unresolved			3	5	pā: ?fence, wall, enclosure; pen, sty	kaua: a war, battle, army; to fight; to go to war	a fort, stronghold; a place of refuge; a garrison; a palace, residence of the king							
917	ʻanemoku	ʻane·moku	W	screened-out	ʻane: no content-word entry			7	0	ʻane:	moku: to be broken off, to be severed, to be amputated	peninsula							
918	hapahā	hapa·hā	W+A	screened-out	hapa: loan			5	0	hapa: half of something; portion, part; someone who ha	hā: four; fourth	fourth (fourth part of something); quarter	hapaha [Hapa, part, and ha, four.]	1. A fourth part of a thing; a quarter. 2. Twenty- five cents, or a quarter of a dollar.					
919	kāhili	kā·hili	W+A	prefix-led	kā- is also a prefix | homograph root: sense unresolved		match	5	0	kā: ?to strike, hit, thrust, dash, hurl (especially w	hili: ?braid; plaiting; string; to braid; to plait; to	feather standard mounted on a pole, as traditionally used in Hawaii on ceremonial occasions; crape myrtle (Lagerstroemia	kahili [Ka and hili, to plat; to twist.]	1. A brush made of feathers bound to a stick; a broom. (Probably originally used as a fly-brush.) 2. The large brushes used by the chiefs; t					
920	hapakolu	hapa·kolu	W+A	screened-out	hapa: loan			4	0	hapa: half of something; portion, part; someone who ha	kolu: three; third	third (third part of something)	hapakolu [Hapa and kolu, three.]	A third part of a thing.					
921	huinahā	huina·hā	W	screened-out	huina: no content-word entry			3	0	huina:	hā: four; fourth	quadrangle; quadrilateral							
922	aikāne	ai·kāne	W	screened-out	compound: "sex" | ai: "sex"			2	0	ai: to have sexual intercourse; to copulate	kāne: male; man (adult male human); husband	a man with whom one has sex							
923	haumia	hau·mia	W	screened-out	mia: no content-word entry | homograph root: sense unresolved			2	0	hau: ?dew; ice, snow, frost; cool breeze; cool, cold;	mia:	pollution; defilement; to be defiled, to be polluted (i with)							
924	punihei	puni·hei	W	screened-out	hei: no content-word entry | homograph root: sense unresolved			1	0	puni: ?surrounded, enclosed; controlled; overcome (by e	hei:	ensnared, entangled; obsessed (i with); fascinating, captivating							
925	ʻonipaʻa	ʻoni·paʻa	W	screened-out	ʻoni: no content-word entry			1	0	ʻoni:	paʻa: solid; firm, fast, permanent	fixed, immobile; established; steadfast, firm							
926	hailepo	hai·lepo	W	prefix-led	hai- is also a prefix | homograph root: sense unresolved		match	0	0	hai: ?to offer, to sacrifice; offering, sacrifice	lepo: soil, dirt; filth	stingray							
927	haukalima	hau·kalima	W	screened-out	kalima: loan			0	0	hau: dew; ice, snow, frost; cool breeze; cool, cold;	kalima: cream	ice cream							
928	haʻupoho	haʻu·poho	W	screened-out	haʻu: no content-word entry | poho: no content-word entry			0	0	haʻu:	poho:	parachute							
929	hihiawai	hihia·wai	W	screened-out	hihia: no content-word entry			0	0	hihia:	wai: water, especially of fresh sources	swamp fern (Ceratopteris thalictroides)							
930	kukuluaeʻo	kukulu·aeʻo	W	screened-out	kukulu: no content-word entry		differs: kukuluāeʻo	0	0	kukulu:	aeʻo: A species of stilt (bird) native to Hawaii, Hima	A species of stilt (bird) native to Hawaii (Himantopus knudseni); A stilt (walking pole)							
931	kūkaeloli	kūkae·loli	W	screened-out	kūkae: "excre"			0	0	kūkae: excrement, dung, feces; filth, residue in genera	loli: sea cucumber (holothurian)	mildew							
932	kūkaenalo	kūkae·nalo	W+A	screened-out	kūkae: "excre"			0	0	kūkae: excrement, dung, feces; filth, residue in genera	nalo: fly (any two-winged insect); bee	beeswax; mole (naevus)	kukaenalo [Kukae and nalo, a fly.]	1. A name given by Hawaiians to unbleached or brown cotton cloth. 2. Bees- wax: he kepau e hoohele ai 1 na lopi humuhumu; a wax that causes					
933	kūkaeuli	kūkae·uli	W	screened-out	compound: "excre" | kūkae: "excre"			0	0	kūkae: excrement, dung, feces; filth, residue in genera	uli: having any dark color (blue, green, black, etc.)	ink excreted by an octopus in order to escape; prostitute							
934	kūʻonoʻono	kū·ʻonoʻono	W	screened-out	ʻonoʻono: no content-word entry			0	0	kū: to stand, to rise; to stop, to halt; to anchor,	ʻonoʻono:	well-off, well-supplied; wealthy, well-to-do							
935	laholio	laho·lio	W	screened-out	laho: no content-word entry			0	0	laho:	lio: horse	rubber, flexible and pliable material made from coagulating natural latex of the rubber tree (Hevea brasiliensis).; elas							
936	laukōnā	lau·kōnā	W	screened-out	kōnā: no content-word entry | homograph root: sense unresolved			0	0	lau: ?leaf; frond; greens	kōnā:	heartless, merciless; furious (i about)							
937	makapiapia	maka·piapia	W	screened-out	piapia: "genital"			0	0	maka: eye (organ); face; bud; beloved one; mesh of a n	piapia: the encrusted white matter in the eyes, as from	eye discharge, eye mucus; watery eyes							
938	naʻauʻauā	naʻau·ʻauā	W	screened-out	ʻauā: no content-word entry			0	0	naʻau: guts, intestines; mind, heart	ʻauā:	suicidal grief; to mourn, to grieve							
939	pūhenehene	pū·henehene	W	prefix-led	pū- is also a prefix | homograph root: sense unresolved			0	0	pū: ?tree, cluster of several stalks; cluster, clump	henehene: to mock, tease, laugh at	a guessing game in which players have to guess which player has a piece of wood (the noʻa) concealed on their person; to							
940	pūkiawe	pū·kiawe	W	prefix-led	pū- is also a prefix | homograph root: sense unresolved			0	0	pū: ?tree, cluster of several stalks; cluster, clump	kiawe: kiawe (Prosopis pallida); to stream; to sway	jequirity bean; A native shrub of the genus Styphelia.							
941	ulepuaʻa	ule·puaʻa	W	screened-out	ule: "penis"			0	0	ule: penis	puaʻa: pig, hog, swine; pork; a general name for any in	corkscrew							
942	ʻohenānā	ʻohe·nānā	W+A	screened-out	ʻohe: "vulgar"			0	0	ʻohe: bamboo (plant; material); common bamboo (Bambusa	nānā: to look, observe	telescope	ohenana [Ohe, bamboo, and nana, to see, look.]	A spyglass.					
943	ʻōkolehao	ʻōkole·hao	W	screened-out	ʻōkole: "anus"			0	0	ʻōkole: anus, buttocks (less polite than lemu); a sea cr	hao: iron; general name for metal tools; a bit; brand	iron try-pot still; okolehao							
944	kēlā	kē·lā	A	screened-out	grammatical word | homograph root: sense unresolved		match	287	0	kē: complaint; critic; to protest; to criticize; The	lā: ?sail; dorsal fin (of fish)	that	kela [Ke, the, and la, there.]	That; that person; that thing; that fellow (more em- phatic and definite than ia) ; he; she; it. It is used in opposition to keia, this. It					
945	haʻalele	haʻa·lele	A	prefix-led	haʻa- is also a prefix		match	94	0	haʻa: low; short; a man or animal of short stature; dw	lele: to jump, leap, hop, skip; to fly; to swing, boun	to leave, to desert; to abandon, to forsake; to evacuate; to quit, to resign, to abdicate	haalele [Haa and lele, to fly.]	1. To quit; to desert; to forsake; to give up. 2. To leave unfinished. 3. To reject; to cast, off.					
946	kālepa	kā·lepa	A	prefix-led	kā- is also a prefix | homograph root: sense unresolved			64	0	kā: ?to strike, hit, thrust, dash, hurl (especially w	lepa: flag; flag; tapa cloth attached to end of stick	merchant, trader; salesman; to trade, to peddle; mercantile, trading	kalepa [Ka, to throw out and lepa, a flag or signal.]	1. To peddle; to sell from place to place. 2. (Mod.) To vend mer- chandise, as a shop-keeper. (Ka- lepa was formerly used on Hawaii; maauauw					
947	pākuʻi	pā·kuʻi	A	prefix-led	pā- is also a prefix | homograph root: sense unresolved			13	0	pā: ?fence, wall, enclosure; pen, sty	kuʻi: to join, to unite; to stitch; to splice; conjoin	to add on, to append, to annex; to graft; additional; supplement; annex, extension; graft; affix; to beat; to oppress; h	pakui [Pa and kui, to join one thing to another.]	1. To splice, as timber or a rope. 2. To engraft, as one tree upon an- other. 3. To unite, that is, to add one story of a building to an- ot					
948	akahele	aka·hele	A	prefix-led	aka- is also a prefix			6	0	aka: to appear bright; shadowed; shadow; reflection;	hele: to walk, move; to be mobile; to become	cautious, careful	akahele [Aka, carefully, and hele, to go.]	1. To go slowly or moderately in doing a thing; to go carefully; the opposite of hikiwawe: E hikiwawe mai i ka lohe, e akahele hoi i ka olel					
949	pāpaʻi	pā·paʻi	A	prefix-led	pā- is also a prefix | homograph root: sense unresolved		match	3	0	pā: ?fence, wall, enclosure; pen, sty	paʻi: to hit; to slap, to spank; to clap; to print; to	crab	papai [Pa and pal, to I strike.]	1. To smite with the  open hand; to strike. 2. To strike gently; to touch. 3. To thatch a house or building with grass. (In the act of thatc					
950	ʻāhewa	ʻā·hewa	A	prefix-led	ʻā- is also a prefix | homograph root: sense unresolved			3	0	ʻā: ?fire, burning; aa lava; to burn	hewa: mistake; sin; fault, guilt; wrong; sinful, wicke	to condemn, to convict; to blame, to reproach; condemnation, censure; conviction	ahewa [A, to, and hewa, wrong, sin.]	1. To turn the eyes, as done by a cross-eyed per- son. 2. To view askance. 3. To condemn for a crime or fault; to blame; to censure, etc. 4.					
951	kapuahi	kapu·ahi	A	screened-out	compound: "vagina" | homograph root: sense unresolved		match	2	0	kapu: ?taboo, prohibition; something sacred or holy, an	ahi: fire (oxidation reaction)	fireplace, hearth; stove, furnace, heater; forge, fire for heating metal to be smithed; pan	kapuahi [Kapu, place of, and ahi, fire.]	1. A fire- place. 2. The pan of a musket or gun. 3. A censer for sacrifice. 4. An oven. 5. The vagina.					
952	kālua	kā·lua	A	prefix-led	kā- is also a prefix | homograph root: sense unresolved			1	0	kā: ?to strike, hit, thrust, dash, hurl (especially w	lua: pit, hole; toilet	to cook in an underground oven; to burn brick or lime; sinkhole, pit; slope, descent; slope, descent; downhill path or r	kalua [Ka, to appropriate, and lua, pit.]	1. To bury; to hide under ground. 2. To bake, as animal or vegetable food. This was always done in an oven under ground. 3. To kill, dress a					
953	pāʻele	pā·ʻele	A	prefix-led	pā- is also a prefix | homograph root: sense unresolved			1	0	pā: ?fence, wall, enclosure; pen, sty	ʻele: dark, black	to blacken, to blot, to paint black	paele [Pa and ele, black.]	To be covered with dirt; to besmear; to blacken, as with charcoal; to color the skin black; ua paeieia ka hapalua hookahi o ke kanaka a elee					
954	hailuku	hai·luku	A	prefix-led	hai- is also a prefix | homograph root: sense unresolved			0	0	hai: ?to offer, to sacrifice; offering, sacrifice	luku: to destroy, to devastate; to massacre, to slaugh	to stone	hailuku [Hai, the particle, and luku, to slaughter.]	1. To hit with any weapon; to de- stroy: kena ae la ke alii e hailuku i ua poe la; the king sent word to destroy those persons. (Pehi de^ sc					
955	kūkaepele	kūkae·pele	A	screened-out	kūkae: "excre"			0	0	kūkae: excrement, dung, feces; filth, residue in genera	pele: volcano	sulfur (chemical element); match (device to make fire)	kukaepele [Kukae and Pele, the goddess of volcanoes. Lit. The excrements of Pele.]	1. Sulphur; brimstone. 2. Matches.					
956	pānānā	pā·nānā	A	prefix-led	pā- is also a prefix | homograph root: sense unresolved			0	0	pā: ?fence, wall, enclosure; pen, sty	nānā: to look, observe	compass, device with floated needle that directs to the magnetic north; to pilot; to row here and there, to sail crooked	panana [Pa and nana, to look.]	1. A compass, especially a mariner's compass. 2. A pilot; one who directs the sail- ing of a vessel; he mea kuhikuhi holomoku. 3. A weak, to					
957	pāwai	pā·wai	A	prefix-led	pā- is also a prefix | Wiktionary writes it as two words | homograph root: sense unresolved			0	0	pā: ?fence, wall, enclosure; pen, sty	wai: water, especially of fresh sources	pond scum	pawai [Pa, a plate or board, and wai, water.]	A water- ing trough for cattle.					
958	pōkaʻa	pō·kaʻa	A	prefix-led	pō- is also a prefix		match	0	0	pō: night, period of darkness after the evening; day	kaʻa: car (automobile); cart, buggy; vehicle; to roll,	reel, spool; ball; to wind, roll, coil; to revolve, go around, gyrate	pokaa [Po and kaa, to roll.]	To turn; to go round; to surround; to turn, that is, to make go round, as a rope or band round a wheel.					
959	pōniu	pō·niu	A	screened-out	compound: "sperm" | pō- is also a prefix		match	0	0	pō: night, period of darkness after the evening; day	niu: coconut (fruit of coco palm)	to rotate, to spin; balloon vine (Cardiospermum halicacabum)	poniu [Po and niu, coconut, out of which Hawaiians formerly made tops.]	1. To spin round like a top. Syn: Oniu. 2. To have a vertigo or dizziness.					
960	ʻāluna	ʻā·luna	A	prefix-led	ʻā- is also a prefix | homograph root: sense unresolved			0	0	ʻā: ?fire, burning; aa lava; to burn	luna: top, upper	descent	aluna [A, the jaw, and luna, upper.]	1. The upper part of the mouth, as of a person, animal, or bird; the roof of the mouth. 2. The upper jaw.					
961	pōmaikaʻi	pō·maikaʻi	A*	prefix-led	pō- is also a prefix			43	0	pō: night, period of darkness after the evening; day	maikaʻi: goodness, wellness; good looking; to be well, fi		pomaikai [Po, intensive, and maikai, handsome; good.]	1. To be fortunate; to be lucky. 2. To be successful in a pursuit. 3. To be happy; to be blessed; to enjoy peace; to be highly favored.					
962	pōʻino	pō·ʻino	A*	prefix-led	pō- is also a prefix			34	0	pō: night, period of darkness after the evening; day	ʻino: hate, sin; storm; bad, wicked; foul, rotten, sme		poino [Po, intensive, and ino, bad; evil.]	1. To be in distress; to be in miserable cir- cumstances. 2. To suffer from some cause; to suffer an injury; to be injured. 3. To be ill-fat					
963	muliwai	muli·wai	A*	prefix-led	muli- is also a prefix		match	31	0	muli: after, afterward, by and by; behind, following b	wai: water, especially of fresh sources		muliwai [Muli, the remains, and wal, water.]	1. The opening of a stream into the sea. 2. A frith; a bay at the mouth of a river; hence, 3. In geography, a river. (The derivation of the					
964	kahunapule	kahuna·pule	A*	screened-out	kahuna: "sorcer"			0	11	kahuna: priest, sorcerer, magician, minister, wizard; ex	pule: prayer, spell, blessing; church service; week; t		kahunapule [Kahuna and pule, prayer.]	A priest; one who publicly officiates in the exercises of religion. The modern word for any clergyman or preacher of the gospel.					
965	pāhale	pā·hale	A*	prefix-led	pā- is also a prefix | homograph root: sense unresolved			0	10	pā: ?fence, wall, enclosure; pen, sty	hale: house, building; institution; lodge; station, ha		pahale [Pa and hale, house.]	An inclosure in front of a house; a court yard; the space around the house inclosed by a fence. Pahaneri (pa'-ha'-ne'-ri), distrib. adv. [Pa					
966	pōpilikia	pō·pilikia	A*	prefix-led	pō- is also a prefix			9	0	pō: night, period of darkness after the evening; day	pilikia: trouble, difficulty, distress; problem, nuisance		popilikia [Po, intensive, and pilikia, close together.]	1. Want of room. 2. The want of something necessary for a particular pursuit. 3. Difficul- ty; distress; tribulation. 4. Op- pression; desig					
967	kāhua	kā·hua	A*	prefix-led	kā- is also a prefix | homograph root: sense unresolved		differs: kahua	5	0	kā: ?to strike, hit, thrust, dash, hurl (especially w	hua: fruit; egg; seed, grain; result, effect		kahua [Ka, to send forth, and hua, a word.]	1. To designate; to point out; to direct. 2. To make plain; to expound: E kahua mai oe na makou, make plain to us.					
968	ʻoihanakahuna	ʻoihana·kahuna	A*	screened-out	kahuna: "sorcer"			0	3	ʻoihana: occupation, trade, job; employment, career, serv	kahuna: priest, sorcerer, magician, minister, wizard; ex		oihanakahuna [Oihana and kahuna, priest.]	1. Priesthood; the exercise of the •priest's office. 2. Name of the book Leviticus.					
969	hapawalu	hapa·walu	A*	screened-out	hapa: loan			2	0	hapa: half of something; portion, part; someone who ha	walu: eight, eighth		hapawalu [Hapa and walu, eight.]	1. The eighth part of a thing. 2. Twelve and a half cents.					
970	kahuhipa	kahu·hipa	A*	screened-out	hipa: loan | homograph root: sense unresolved			0	2	kahu: ?keeper, guardian, caretaker; an honored attendan	hipa: sheep		kahuhipa [Kahu and hipa, sheep.]	A shepherd.					
971	kamakahi	kama·kahi	A*	screened-out	kama: "sex"			2	0	kama: child regardless of sex	kahi: one, single; some		kamakahi [Kama, child, and kahi, one.]	An only child.					
972	kamapuaʻa	kama·puaʻa	A*	screened-out	kama: "sex"			2	0	kama: child regardless of sex	puaʻa: pig, hog, swine; pork; a general name for any in		kamapuaa [Kama, child, and puaa, pig.]	A fabled kupua or wizard, half man, half hog. He was the son of Hina and Kahikiula and a grandson of Ka- maunuaniho, who robbed Olopana's bi					
973	halepāʻani	hale·pāʻani	A*	screened-out	pāʻani: "semen"			0	1	hale: house, building; institution; lodge; station, ha	pāʻani: play, sport, game, amusement, fun; joke, joking;		halepaani [Hale, house, and paani, to play.]	A play-house; a theater.					
974	hapalima	hapa·lima	A*	screened-out	hapa: loan			1	0	hapa: half of something; portion, part; someone who ha	lima: five; fifth; hand (part of the body)		hapalima [Hapa, part, and lima, five.]	One-fiflh; a fifth part of a thing.					
975	hapawale	hapa·wale	A*	screened-out	hapa: loan			0	1	hapa: half of something; portion, part; someone who ha	wale: any bodily secretion or mucus including phlegm,		hapawale [Hapa and wale, only.]	A part; a few; a small portion.					
976	hapaʻumi	hapa·ʻumi	A*	screened-out	hapa: loan			1	0	hapa: half of something; portion, part; someone who ha	ʻumi: ten, tenth		hapaumi [Hapa, a half or a part, and umi, ten.]	1. A tenth part; a tithe. 2. Er- roneously used formerly by Ha-  waiians to mean a small coin, six and a quarter cents, which is not a hapau					
977	kailike	kai·like	A*	prefix-led	kai- is also a prefix			0	1	kai: sea; seawater, the salt water of a sea or ocean;	like: like, alike, similar		kailike [Kai and like, alike.]	To divide equally be- tween a number of persons.					
978	moekolohe	moe·kolohe	A*	screened-out	compound: "adulter"			1	0	moe: to sleep; to lie down; to die; to ambush; to mar	kolohe: mischievous, naughty; illegal, fraudulent; destr		moekolohe [Moe, to sleep, and kolohe, mischief.]	1. To commit adultery or fornica- tion. 2. To sleep at an improper place or time. 3. To cause to commit fornication.					
979	nāholo	nā·holo	A*	prefix-led	nā- is also a prefix		match	0	1	nā: calm, quieted; soothed, pacified; settled	holo: to go, run, slide, progress; to sail, ride, gall		naholo [Na and holo, to run.]	1. To run along on the ground. 2. To run at random, here and there; to run away from through fear. 3. To be absent; to be gone away. 4. To f					
980	palakio	pala·kio	A*	screened-out	compound: "venereal" | homograph root: sense unresolved			1	0	pala: to smear, to smudge; to daub, to blot; to coat	kio: ?to cheep, to chirp		palakio [Pala, soft, and kio, discharge from a sore.]	A venereal disease, he mai pala, he mai haole.					
981	pāhono	pā·hono	A*	prefix-led	pā- is also a prefix | homograph root: sense unresolved			1	0	pā: ?fence, wall, enclosure; pen, sty	hono: harbor; bay		pahono [Pa and hono, to stitch.]	To sew up, as a rent; to join two pieces of tapa or cloth by sewing; to stitch together.					
982	pākolu	pā·kolu	A*	prefix-led	pā- is also a prefix | homograph root: sense unresolved			1	0	pā: ?fence, wall, enclosure; pen, sty	kolu: three; third		pakolu [Pa and kolu, three.]	To do three by three; to do three times.					
983	waikahe	wai·kahe	A*	screened-out	kahe: "menstru"		match	0	1	wai: water, especially of fresh sources	kahe: to flow, to trickle; to drop (of a liquid); to m		waikahe [Wai, water, and kahe, to flow.]	Run- ning water; a stream.					
984	akualapu	akua·lapu	A*	screened-out	compound: "evil spirit"			0	0	akua: god (deity); any supernatural being, spirit, gho	lapu: ghost; phantom, apparition; haunted; to haunt		akualapu [Akua, god, and lapu, a ghost.]	A ghost; a specter; an apparition; an evil spirit. (According to the old peo- ple, the poe akualapu were the spirits of deceased persons see					
985	amohulu	amo·hulu	A*	screened-out	compound: "vagina" | homograph root: sense unresolved			0	0	amo: burden; to carry (on the shoulders)	hulu: ?hair (the collection or mass of filaments growin		amohulu [Amo, the vagina, and hulu, hairy.]	1. The vagina. 2. The rectum; the anus. E papani ka amohulu o ia nei.					
986	haiano	hai·ano	A*	prefix-led	hai- is also a prefix | homograph root: sense unresolved			0	0	hai: ?to offer, to sacrifice; offering, sacrifice	ano: awe, reverence, peacefulness, sacredness, holine		haiano [Hai, to declare, and ano, the meaning or quality.]	An adjective.					
987	haihana	hai·hana	A*	prefix-led	hai- is also a prefix | homograph root: sense unresolved			0	0	hai: ?to offer, to sacrifice; offering, sacrifice	hana: ?work, labor, job, employment, occupation, duty,		haihana [Hal, to declare, and hana, to do.]	To de- clare something done; to an- nounce completion.					
988	hailono	hai·lono	A*	prefix-led	hai- is also a prefix | homograph root: sense unresolved			0	0	hai: ?to offer, to sacrifice; offering, sacrifice	lono: news, report, rumor		hailono [Hai, to tell, and lono, the news.]	To tell the news; to spread a report: aohe a hailono iki: none at all (escaped) to tell the news.					
989	haiola	hai·ola	A*	prefix-led	hai- is also a prefix | homograph root: sense unresolved			0	0	hai: ?to offer, to sacrifice; offering, sacrifice	ola: existence; life; health; livelihood; exist; aliv		haiola [Hai, to declare, and ola, life, salvation.]	1. One who preaches or declares there is salvation for men. 2. The declaration of such a fact.					
990	haiwale	hai·wale	A*	prefix-led	hai- is also a prefix | homograph root: sense unresolved			0	0	hai: ?to offer, to sacrifice; offering, sacrifice	wale: any bodily secretion or mucus including phlegm,		haiwale [Hal, to speak and wale, idly or without effect.]	1. To talk for the pur- pose of concealing the truth. 2. To talk in a haphazard manner in order to divert attention from one's self.					
991	haiʻōlelo	hai·ʻōlelo	A*	prefix-led	hai- is also a prefix | homograph root: sense unresolved			0	0	hai: ?to offer, to sacrifice; offering, sacrifice	ʻōlelo: language, speech; word, term; statement; quotati		haiolelo [Hai, to declare, and olelo, word.]	A preaching; a declaration of the Word of God.					
992	halekipa	hale·kipa	A*	screened-out	compound: "sex" | homograph root: sense unresolved			0	0	hale: house, building; institution; lodge; station, ha	kipa: ?to visit, to call		halekipa [Hale, house, and kipa, to lodge a traveler.]	1. An inn; a lodging house. 2. A friend; a friend of the same sex.					
993	halepea	hale·pea	A*	screened-out	compound: "menstru" | pea: loan		differs: hale peʻa	0	0	hale: house, building; institution; lodge; station, ha	pea: bear		halepea [Hale, house, and pea, unclean.]	A house where the menstruous women for- merly were obliged to remain. (Laieik. p. 171.) Visitors were allowed to come to these houses but th					
994	haʻapuka	haʻa·puka	A*	prefix-led	haʻa- is also a prefix			0	0	haʻa: low; short; a man or animal of short stature; dw	puka: hole, gate, doorway; a snare, a trap; to pass th		haapuka [Haa and puka, to cheat,]	To wrongfully gather up; to scrape together the good and the bad, anything and everything for property, as after a game is played to assume					
995	helepēla	hele·pēla	A*	screened-out	pēla: loan			0	0	hele: to walk, move; to be mobile; to become	pēla: bail		helepela [Hele, to go, and pela, thus; so. Used imperatively.]	Be gone; be off; get out; go just as you are. Often more fully, thus: e hele loa pela, get you gone clear away.					
996	hipakeiki	hipa·keiki	A*	screened-out	hipa: loan			0	0	hipa: sheep	keiki: child; offspring; boy; son; nephew; calf, colt,		hipakeiki [Hipa, sheep, and keiki, the little one.]	A lamb. Syn: Keikihipa. Hipapalale (hi'-pa-pa-la'-le). Incor- rect spelling of kipapalale.					
997	hipakāne	hipa·kāne	A*	screened-out	hipa: loan			0	0	hipa: sheep	kāne: male; man (adult male human); husband		hipakane [Hipa, sheep, and kane, male.]	A ram: ili hipakane, a ram skin.					
998	huapalaoa	hua·palaoa	A*	screened-out	palaoa: "sperm" | compound is a loan			0	0	hua: fruit; egg; seed, grain; result, effect	palaoa: flour; wheat; any dry-cultivated cereal grain; b		huapalaoa [Hua, seed, and palaoa, (Eng.) flour, bread.]	The seed of bread, that is, wheat.					
999	huawaina	hua·waina	A*	screened-out	waina: loan			0	0	hua: fruit; egg; seed, grain; result, effect	waina: wine (alcoholic beverage)		huawaina [Hua, fruit, and waina, grape.]	A grape; collectively, grapes; the fruit of the vine: Huawaina pala mua, the first ripe grapes.					
1000	hānaukama	hānau·kama	A*	screened-out	kama: "sex"			0	0	hānau: birth; offspring, child; to give birth; fertile	kama: child regardless of sex		hanaukama [Hanau and kama, a child.]	Child bearing; prolific.					
1001	hōaho	hō·aho	A*	prefix-led	hō- is also a prefix | homograph root: sense unresolved			0	0	hō: to give, transfer; to supply	aho: ?fishing line, cord		hoaho [Ho and aho, small sticks used in thatching.]	To tie aho on to a building.					
1002	hōhola	hō·hola	A*	prefix-led	hō- is also a prefix			0	0	hō: to give, transfer; to supply	hola: to spread		hohola [Ho, and hola, to spread.]	1. To unfold; to spread out and make smooth, as tapa, nets, mats, etc. 2. To over- cast or cover over, as spreading clouds. 3. To extend or					
1003	hōholo	hō·holo	A*	prefix-led	hō- is also a prefix | homograph root: sense unresolved			0	0	hō: to give, transfer; to supply	holo: ?to go, run, slide, progress; to sail, ride, gall		hoholo [Ho and holo, to slip.]	1. To slide off. 2. To move along the surface of. Hohoma (ho'-ho'-ma), adj: Reduced in flesh; poor; lean.					
1004	hōone	hō·one	A*	prefix-led	hō- is also a prefix			0	0	hō: to give, transfer; to supply	one: sand; silt		hoone [Ho and one, sand, to be sandy.]	A soft, porous stone, also called ana. When pul- verized to be used as a medicine  the powder resembles sand, hence the name hoone.					
1005	hōʻawe	hō·ʻawe	A*	prefix-led	hō- is also a prefix | homograph root: sense unresolved			0	0	hō: to give, transfer; to supply	ʻawe: ?to carry; carriage, pack, knapsack		hoawe [Ho and awe, a burden.]	A weight carried on the back.					
1006	kahaakua	kaha·akua	A*	screened-out	compound: "evil spirit"			0	0	kaha: to cut open, to slice lengthwise; to operate on;	akua: god (deity); any supernatural being, spirit, gho		kahaakua [Kaha, marks, and akua, god.]	1. A track of a god in a desert place. 2. The home of ghosts; place of evil spirits.					
1007	kahekoko	kahe·koko	A*	screened-out	kahe: "menstru"			0	0	kahe: to flow, to trickle; to drop (of a liquid); to m	koko: blood		kahekoko [Kahe, to flow, and koko, blood.]	1. Hem- orrhage: Ua kahe a koko i ka nahua e ke anu; blood flowed from the biting of the cold. 2. An ail- ment of climbers at high eleva- ti					
1008	kahunakālai	kahuna·kālai	A*	screened-out	kahuna: "sorcer"			0	0	kahuna: priest, sorcerer, magician, minister, wizard; ex	kālai: to carve		kahunakalai [Kahuna and kalai, to hew.]	1. One who hews out canoes; a carpenter generally. 2. An expert in sculp- ture; one who hews, cuts, shapes, etc., in wood or stone.					
1009	kaiemi	kai·emi	A*	prefix-led	kai- is also a prefix			0	0	kai: sea; seawater, the salt water of a sea or ocean;	emi: to diminish, to reduce, to decrease, to become s		kaiemi [Kai and emi, to lessen.]	A decreasing or falling tide. Syn: Kaimake.					
1010	kaihoʻi	kai·hoʻi	A*	prefix-led	kai- is also a prefix			0	0	kai: sea; seawater, the salt water of a sea or ocean;	hoʻi: to return (go or come back); to enter		kaihoi [Kai and hoi, to return.]	A falling or low tide.					
1011	kaikahi	kai·kahi	A*	prefix-led	kai- is also a prefix			0	0	kai: sea; seawater, the salt water of a sea or ocean;	kahi: one, single; some		kaikahi [Kai, to apportion and kahl, one.]	Few; scarce; unfrequent; here and there one. See kakaikahi.					
1012	kaimake	kai·make	A*	prefix-led	kai- is also a prefix		differs: kai make	0	0	kai: sea; seawater, the salt water of a sea or ocean;	make: death; peril; to die; dead; to faint		kaimake [Kai and make, dead.]	1. Low water; ebb tide. 2. (Mod.) Name of the Dead Sea.					
1013	kaimaloʻo	kai·maloʻo	A*	prefix-led	kai- is also a prefix			0	0	kai: sea; seawater, the salt water of a sea or ocean;	maloʻo: dry; dryness		kaimaloo [Kai and maloo, dry.]	Low tide; ebb tide, when many places on the sea  shore are dry, or the coral and reef are bare.					
1014	kaipiha	kai·piha	A*	prefix-led	kai- is also a prefix			0	0	kai: sea; seawater, the salt water of a sea or ocean;	piha: fullness, completion; full, filled; complete; fu		kaipiha [Kai and piha, full.]	A high sea; high tide,					
1015	kaiʻōlena	kai·ʻōlena	A*	prefix-led	kai- is also a prefix			0	0	kai: sea; seawater, the salt water of a sea or ocean;	ʻōlena: turmeric		kaiolena [Kai, liquid, and olena, yellow.]	1. Water prepared with salt and the yellow coloring matter of the olena plant and set apart for re- ligious rites. 2. Dye made from the olen					
1016	kalikea	kali·kea	A*	screened-out	kali: "vagina" | homograph root: sense unresolved			0	0	kali: ?to wait; to loiter; to hesitate	kea: white; clear		kalikea [Kali, edge, and kea, white.]	A white border or fringe; white on the edge or border.					
1017	kamahao	kama·hao	A*	screened-out	kama: "sex" | homograph root: sense unresolved			0	0	kama: child regardless of sex	hao: ?iron; general name for metal tools; a bit; brand		kamahao [Kama and hao, to wonder.]	Wonderful; astonishing; surprising; unheard of; incomprehensible: ke ku ana mai o keia mea kamahao, the standing of this wonderful thing; ai					
1018	kamalani	kama·lani	A*	screened-out	kama: "sex"			0	0	kama: child regardless of sex	lani: sky, heavens, firmament; heaven; air; majesty, v		kamalani [Kama, child, and lani, chief.]	The child of a chief, a favorite or petted child. See punahele.					
1019	kamawahine	kama·wahine	A*	screened-out	kama: "sex"			0	0	kama: child regardless of sex	wahine: woman, female; wife; queen; Mrs; female, feminin		kamawahine [Kama, child, and wahine, female.]	1. A female child. 2. Women, in general.					
1020	kamaʻaha	kama·ʻaha	A*	screened-out	kama: "sex"			0	0	kama: child regardless of sex	ʻaha: sennit (coconut husk fiber); cord of braided sen		kamaaha [Kama, to tie up, and aha, cord or mat made of coconut fiber.]	To tie, or bind with coconut fiber.					
1021	kapapea	kapa·pea	A*	screened-out	pea: loan			0	0	kapa: rim, edge; tapa	pea: bear		kapapea [Kapa, cloth, and pea, filthy.]	1. Filthy rags. 2. Garment worn by women in the halepea. See halepea.					
1022	keakealani	keakea·lani	A*	screened-out	keakea: "semen"			0	0	keakea: semen; child	lani: sky, heavens, firmament; heaven; air; majesty, v		keakealani [Keakea, male seed, and lani, heavenly or sovereign.]	1. Sov- ereign descent; divine origin. 2. A descendant of the highest, as was Keawe.					
1023	keikihoki	keiki·hoki	A*	screened-out	hoki: loan			0	0	keiki: child; offspring; boy; son; nephew; calf, colt,	hoki: mule; ass; infertile, barren		keikihoki [Keiki, offspring, and hoki, an ass.]	The young of an ass.					
1024	kilowahine	kilo·wahine	A*	screened-out	compound: "sorcer"			0	0	kilo: to watch, gaze; watch or observer, someone who w	wahine: woman, female; wife; queen; Mrs; female, feminin		kilowahine [Kilo and wahine, a woman.]	1. A prophetess; a sorceress. 2. A woman fortune teller. 3. One whose office was to discover the  character of a woman by lines in the hand.					
1025	kopeahi	kope·ahi	A*	screened-out	kope: loan			0	0	kope: coffee	ahi: fire (oxidation reaction)		kopeahi [Kope, shovel, and ahl, fire.]	A fire shovel.					
1026	kopelehu	kope·lehu	A*	screened-out	kope: loan			0	0	kope: coffee	lehu: ash (of colour and substance); grey		kopelehu [Kope, shovel, and lehu, ashes.]	A fire shovel. See kopeahi.					
1027	kopewai	kope·wai	A*	screened-out	kope: loan			0	0	kope: coffee	wai: water, especially of fresh sources		kopewai [Kope, coffee, and wai, water.]	The fresh ripe coffee in the hull. Kopi (ko'-pi), V. To salt, as fish or meat; to sprinkle on salt; to pre- serve in salt. Syn: Kapi.					
1028	kāawa	kā·awa	A*	prefix-led	kā- is also a prefix | homograph root: sense unresolved			0	0	kā: ?to strike, hit, thrust, dash, hurl (especially w	awa: ?channel, passage; port, harbor, cove		kaawa [Ka, dish, and awa, liquor made from awa root.]	A large bowl used to strain or mix the awa liquor.					
1029	kāhele	kā·hele	A*	prefix-led	kā- is also a prefix | homograph root: sense unresolved			0	0	kā: ?to strike, hit, thrust, dash, hurl (especially w	hele: to walk, move; to be mobile; to become		kahele [Ka, the, and hele, going.]	Anything used to decorate the persons about to start on a journey, as flowers, wreaths, leaves, etc.					
1030	kāheʻe	kā·heʻe	A*	prefix-led	kā- is also a prefix | homograph root: sense unresolved			0	0	kā: ?to strike, hit, thrust, dash, hurl (especially w	heʻe: to slide, to surf, to slip, to flee; to melt, to		kahee [Ka and hee, to slip; to slide.]	1. To slip flowers along from the needle or manai to the string in making wreaths. 2. To catch fish by means of a scoop net.					
1031	kāhina	kā·hina	A*	prefix-led	kā- is also a prefix | homograph root: sense unresolved			0	0	kā: ?to strike, hit, thrust, dash, hurl (especially w	hina: to fall, to tumble; to slant		kahina [Ka and hina, to fall.]	1. To fall before one; to be the victim of one's intrigue or displeasure. 2. To supplant; to take advantage of one.					
1032	kāhunahuna	kā·hunahuna	A*	prefix-led	kā- is also a prefix | homograph root: sense unresolved			0	0	kā: ?to strike, hit, thrust, dash, hurl (especially w	hunahuna: particles, crumbs; scraps		kahunahuna [Ka and hunahuna, small particles.]	1. Small particles. 2. A sprinkling of anything.					
1033	kāhālāwai	kā·hālāwai	A*	prefix-led	kā- is also a prefix | homograph root: sense unresolved			0	0	kā: ?to strike, hit, thrust, dash, hurl (especially w	hālāwai: to meet; meeting, rendezvous, appointment		kahalawai [Ka, article the, and halawai, meeting.]	1. The center; principal point of. 2. Place where the kahuna, priest, performed his official duties, of- fered his prayers, etc. 3. Regions					
1034	kākaʻa	kā·kaʻa	A*	prefix-led	kā- is also a prefix | homograph root: sense unresolved			0	0	kā: ?to strike, hit, thrust, dash, hurl (especially w	kaʻa: car (automobile); cart, buggy; vehicle; to roll,		kakaa [Ka and kaa, to roll.]	1. To roll; to turn over and over. 2. To turn round rap- idly; to spin, as a top. 3. To re- volve, as a wheel on an axis.					
1035	kākākau	kā·kākau	A*	prefix-led	kā- is also a prefix | homograph root: sense unresolved			0	0	kā: ?to strike, hit, thrust, dash, hurl (especially w	kākau: writing; tattoo; to write; to tattoo		kakakau [Ka, a cup, and kakau, to print.]	A cup- like dish, usually of stone, used to hold the ink or dye with which the natives marked tapa or tat- tooed the skin.					
1036	kālaiʻino	kālai·ʻino	A*	screened-out	compound: "witchcraft"			0	0	kālai: to carve	ʻino: hate, sin; storm; bad, wicked; foul, rotten, sme		kalaiino [Kalai, to carve out, and Ino, wickedness.]	1. To concoct mischief; to devise a plan of evil against another. See aiahulu. 2. To contrive secretly to kill or destroy by witchcraft.					
1037	kālena	kā·lena	A*	prefix-led	kā- is also a prefix | homograph root: sense unresolved			0	0	kā: ?to strike, hit, thrust, dash, hurl (especially w	lena: turmeric		kalena [Ka, to radiate or go out from the center, and lena, to tighten.]	To stretch out for drying, as a hide; to spread out, as a cloth.					
1038	kālākini	kālā·kini	A*	screened-out	kālā: loan | homograph root: sense unresolved			0	0	kālā: dollar; money	kini: ?a multitude; forty thousand		kalakini [Kala, money, and kini, for guinea.]	1. An English gold coin. 2. Later kini was used in describing any gold coin: Kau kuai ana i ka wahine o Maui i ke kalakini, your buying a wo					
1039	kāmakaʻu	kā·makaʻu	A*	prefix-led	kā- is also a prefix | homograph root: sense unresolved			0	0	kā: ?to strike, hit, thrust, dash, hurl (especially w	makaʻu: fear; danger; to fear, be afraid		kamakau [Ka, to block out, to pound, and makau, fish-hook.]	The art of making the bones of men or animals into fish-hooks; o ke kanaka akamai 1 ke kamakau, he kanaka waiwai ia.					
1040	kāpaʻi	kā·paʻi	A*	prefix-led	kā- is also a prefix | homograph root: sense unresolved			0	0	kā: ?to strike, hit, thrust, dash, hurl (especially w	paʻi: to hit; to slap, to spank; to clap; to print; to		kapai [Ka and pai, a blow with a flat surface.]	1. To pound gently with the fist as on one's flesh to promote circulation. 2. To anoint the body with oint- ment. 3. To break in piece's; to					
1041	kāwae	kā·wae	A*	prefix-led	kā- is also a prefix | homograph root: sense unresolved			0	0	kā: ?to strike, hit, thrust, dash, hurl (especially w	wae: ?leg		kawae [Ka, the article, and wae, the very smallest and meanest of oha (sprigs of the taro plant).]	To treat in a mean manner; to underrate; to estimate another as though that other were a mean little taro sucker.					
1042	kāʻaha	kā·ʻaha	A*	prefix-led	kā- is also a prefix | homograph root: sense unresolved			0	0	kā: ?to strike, hit, thrust, dash, hurl (especially w	ʻaha: ?meeting, gathering, assembly		kaaha [Ka, the, and aha.]	1. Cord braided from the husk of the coconut. Syn: Aha. 2. Wand or staff of authority used by a priest in blessing the sacri- fice placed on					
1043	kāʻōpā	kā·ʻōpā	A*	prefix-led	kā- is also a prefix | homograph root: sense unresolved			0	0	kā: ?to strike, hit, thrust, dash, hurl (especially w	ʻōpā: to press, to squeeze; to knead; to ache (from si		kaopa [Ka, article the, and opa, a limping.]	Defec- tive walking; lameness.					
1044	kēkahuna	kē·kahuna	A*	screened-out	kahuna: "sorcer"			0	0	kē: complaint; critic; to protest; to criticize; The	kahuna: priest, sorcerer, magician, minister, wizard; ex		kekahuna [Ke, article, the, and kahuna, priest.]	' 1. The preacher. 2. The Book of Ecclesiastes.					
1045	kūhapa	kū·hapa	A*	screened-out	hapa: loan | homograph root: sense unresolved			0	0	kū: ?to stand, to rise; to stop, to halt; to anchor,	hapa: half of something; portion, part; someone who ha		kuhapa [Ku, to fit, and hapa, partly.]	1. To be in- correct, or correct only in part in speaking. 2. To be a misfit.					
1046	lauwāhi	lau·wāhi	A*	screened-out	compound: "lust"			0	0	lau: leaf; frond; greens	wāhi: to split		lauwahi [Lau, leaf, and wahi, to gather up.]	1. To be greedy of gain; to gather prop- erty avariciously. 2. To be eager after food. 3. To be active in indulging lust.					
1047	lāʻauana	lāʻau·ana	A*	screened-out	compound: "urin"			0	0	lāʻau: tree, wood; medicine; wooden; medical	ana: measurement; dimension; pattern, design; model,		laauana [Laau, a stick, and ana, to measure.]	A measuring stick.					
1048	makahinu	maka·hinu	A*	screened-out	hinu: "lust"			0	0	maka: eye (organ); face; bud; beloved one; mesh of a n	hinu: oil; grease; ointment; polish; lipid; oily, slic		makahinu [Maka, face, and hinu, bright.]	1. A bright countenance; a friendly look. 2. An expression of the face signifying good will. The natives describe such a person as greasing					
1049	makapēla	maka·pēla	A*	screened-out	compound: "Offensive" | pēla: loan			0	0	maka: eye (organ); face; bud; beloved one; mesh of a n	pēla: bail		makapela [Maka, eye, and pela, foul.]	Offensively smelling eyes.					
1050	manuʻiʻoʻiʻo	manu·ʻiʻoʻiʻo	A*	screened-out	ʻiʻoʻiʻo: "clitor"			0	0	manu: bird (animal)	ʻiʻoʻiʻo: clitoris		manuioio [Manu, bird, and iolo, to peep.]	A small bird; a swallow perhaps. Word adopted by translators of the Scrip- tures for the swallow.					
1051	maʻikeiki	maʻi·keiki	A*	screened-out	maʻi: "menstru"			0	0	maʻi: sick, ill; to menstruate; sickness, illness, dis	keiki: child; offspring; boy; son; nephew; calf, colt,		maikeiki [Mai, sickness, and keiki, child.]	Preg- nancy; the sickness of pregnancy.					
1052	maʻilōʻihi	maʻi·lōʻihi	A*	screened-out	maʻi: "menstru"			0	0	maʻi: sick, ill; to menstruate; sickness, illness, dis	lōʻihi: length, distance; height; long; tall		mailoihi [Mai, sickness, and loihi, long.]	1. Any chronic ailment. 2. An invalid.					
1053	moʻokahuna	moʻo·kahuna	A*	screened-out	kahuna: "sorcer"			0	0	moʻo: lizard, dragon, serpent	kahuna: priest, sorcerer, magician, minister, wizard; ex		mookahuna [Moo, line, and kahuna, priest.]	A genealogy of the ancient priests, kept by the priests themselves.					
1054	mālawaina	māla·waina	A*	screened-out	waina: loan			0	0	māla: garden; plantation; cultivated field	waina: wine (alcoholic beverage)		malawaina [Mala, a field, and waina, grapes.]	A patch for grapes; a vineyard.					
1055	naiopaka	naio·paka	A*	screened-out	naio: "faec" | homograph root: sense unresolved			0	0	naio: ?pinworm; white specks in faeces; larva; inferior	paka: to strain out impurities; to criticize construct		naiopaka [Nalo, fly, and paka, the sharp thorn in the tail of the fish kala.]	The sting of a fly, that is, of a wasp.					
1056	naiowale	naio·wale	A*	screened-out	naio: "faec" | homograph root: sense unresolved			0	0	naio: ?pinworm; white specks in faeces; larva; inferior	wale: any bodily secretion or mucus including phlegm,		naiowale [Nalo, to vanish, and wale, entirely.]	To be lost sight of; to be forgotten.					
1057	papapalaoa	papa·palaoa	A*	screened-out	palaoa: "sperm" | compound is a loan			0	0	papa: board, lumber; flat surface, layer; foundation;	palaoa: flour; wheat; any dry-cultivated cereal grain; b		papapalaoa [Papa, a flat thing, and palaoa, for falaoa (Eng.), flour.]	A pan- cake; a wafer; a flat loaf of bread.					
1058	paʻawela	paʻa·wela	A*	screened-out	wela: "lust"			0	0	paʻa: solid; firm, fast, permanent	wela: to be hot; heat; fever; lust, passion		paawela [Paa, burnt, and wela, heat.]	A burn- ing; a scar from burning.					
1059	poʻokoi	poʻo·koi	A*	screened-out	compound: "anaana"			0	0	poʻo: head; summit; director	koi: to urge		pookoi [Poo, head, and koi, an axe.]	1. A person hav- ing a sharp or projecting fore- head. Such persons were sup- posed to have the power of using the pule anaana, that is,. of					
1060	pukapaʻa	puka·paʻa	A*	screened-out	compound: "vagina"			0	0	puka: hole, gate, doorway; a snare, a trap; to pass th	paʻa: solid; firm, fast, permanent		pukapaa [Puka, opening, and paa, fast; concealed.]	The ossa vagina; he ulapaa, he puupaa.					
1061	punihēʻī	puni·hēʻī	A*	screened-out	hēʻī: loan | homograph root: sense unresolved			0	0	puni: ?surrounded, enclosed; controlled; overcome (by e	hēʻī: papaya; a type of banana, Musa × troglodytarum		punihei [Puni, deceive and hei, snare.]	To be en-  snared. To be entangled with a snare; to be led into a trap.					
1062	punikālā	puni·kālā	A*	screened-out	kālā: loan			0	0	puni: deceived, deluded; to believe a lie; completed,	kālā: dollar; money		punikala [Puni, desire, and kala, or dala (Elng.), money.]	To have a strong desire for money; to have a covetous dis- position. (This is a modern word, come into use with civilization. Before the int					
1063	pāahi	pā·ahi	A*	prefix-led	pā- is also a prefix | homograph root: sense unresolved			0	0	pā: ?fence, wall, enclosure; pen, sty	ahi: fire (oxidation reaction)		paahi [Pa, pan, and ahi, fire.]	A fire pan.					
1064	pāhao	pā·hao	A*	prefix-led	pā- is also a prefix | homograph root: sense unresolved			0	0	pā: ?fence, wall, enclosure; pen, sty	hao: iron; general name for metal tools; a bit; brand		pahao [Pa, pan, and hao, iron.]	1. An iron pan or plate. 2. Iron fence. 3. An an- cient game; game of touch and guess.					
1065	pāhemahema	pā·hemahema	A*	prefix-led	pā- is also a prefix | homograph root: sense unresolved			0	0	pā: ?fence, wall, enclosure; pen, sty	hemahema: awkward, clumsy; unskilled		pahemahema [Pa and hemahema, awkward.]	1. Ignorant; awkward in the use of language; ungrammatical. 2. Lacking.					
1066	pāhula	pā·hula	A*	prefix-led	pā- is also a prefix | homograph root: sense unresolved			0	0	pā: ?fence, wall, enclosure; pen, sty	hula: a form of dance native to the Hawaiian Islands;		pahula [Pa and hula, to dance.]	To learn to dance; to hula, that is, to sing and dance. Pahulu (pa-hu'-lu), n, 1. Over- wrought land; exhausted soil; a being made unfertile					
1067	pāhāhā	pā·hāhā	A*	prefix-led	pā- is also a prefix | homograph root: sense unresolved			0	0	pā: ?fence, wall, enclosure; pen, sty	hāhā: ?Any Gunnera species.; lobelia		pahaha [Pa and haha, to strut]	To strut; to walk about proudly; to play the cock- turkey.					
1068	pākanu	pā·kanu	A*	prefix-led	pā- is also a prefix | homograph root: sense unresolved			0	0	pā: ?fence, wall, enclosure; pen, sty	kanu: to plant; to bury		pakanu [Pa, yard, and kanu, to plant.]	A garden; a place where things are planted.					
1069	pākaula	pā·kaula	A*	prefix-led	pā- is also a prefix | homograph root: sense unresolved			0	0	pā: ?fence, wall, enclosure; pen, sty	kaula: rope, cord, string; arc of a circle		pakaula [Pa, pair and kaula, rope.]	A set of ropes for the rigging of a vessel.					
1070	pākeu	pā·keu	A*	prefix-led	pā- is also a prefix | homograph root: sense unresolved			0	0	pā: ?fence, wall, enclosure; pen, sty	keu: remaining, spare, surplus, extra; extended, enha		pakeu [Pa and keu, to remain over and above.]	To excel; to be more than was ex- pected; to be over and above; to leave a remainder,					
1071	pākiko	pā·kiko	A*	prefix-led	pā- is also a prefix | homograph root: sense unresolved			0	0	pā: ?fence, wall, enclosure; pen, sty	kiko: to peck; to dot, to mark; dot, point, speck; pun		pakiko [Pa and kiko, a little dot or mark.]	1. To be temperate; to be abstemious, frugal. (Pakiko is the opposite of pakela, spoken in reference to taking [kiko ana] here a little and					
1072	pālaka	pā·laka	A*	prefix-led	pā- is also a prefix | homograph root: sense unresolved		differs: palaka	0	0	pā: ?fence, wall, enclosure; pen, sty	laka: tame, gentle, attracted to, fond of; to tame, do		palaka [Pa and laka, to be tame.]	To be inactive; to be inattentive; to be indifferent to what interests others; to be in- efficient. 2. To live without thought or care. 3. T					
1073	pālama	pā·lama	A*	prefix-led	pā- is also a prefix | homograph root: sense unresolved			0	0	pā: ?fence, wall, enclosure; pen, sty	lama: torch; light, lamp		palama [Pa and lama, a torch.]	To watch over; to guard; to keep guard, as sol- diers; to be guarded or watched over; e malamaia me na koa e kiaiia.					
1074	pāluku	pā·luku	A*	prefix-led	pā- is also a prefix | homograph root: sense unresolved			0	0	pā: ?fence, wall, enclosure; pen, sty	luku: to destroy, to devastate; to massacre, to slaugh		paluku [Pa and luku, to destroy.]	1. To strike, as a hammer on an anvil. 2. To pound solid, as the bottom of a taro patch with stones. 3. Fig, To knock down; to overthrow: al					
1075	pāmake	pā·make	A*	prefix-led	pā- is also a prefix | homograph root: sense unresolved			0	0	pā: ?fence, wall, enclosure; pen, sty	make: death; peril; to die; dead; to faint		pamake [Pa and make, death.]	1. Deaths often re- peated, as one dies after another as in a time of general sickness: he ola wale no ka mai, aole pa- make iki na kanaka.					
1076	pāneʻe	pā·neʻe	A*	prefix-led	pā- is also a prefix | homograph root: sense unresolved			0	0	pā: ?fence, wall, enclosure; pen, sty	neʻe: to creep, to move gradually; to squirm		panee [Pa and nee, to move a trifle.]	1. To move along a little. 2. To wait a lit- tle; to delay; to procrastinate.					
1077	pāola	pā·ola	A*	prefix-led	pā- is also a prefix | homograph root: sense unresolved			0	0	pā: ?fence, wall, enclosure; pen, sty	ola: existence; life; health; livelihood; exist; aliv		paola [Pa and ola, recovery.]	Recovery from sick- ness; the opposite of pamake; he ola wale no ka mai, aole pamake iki o na kanaka.					
1078	pāono	pā·ono	A*	prefix-led	pā- is also a prefix | homograph root: sense unresolved			0	0	pā: ?fence, wall, enclosure; pen, sty	ono: six; sixth; wahoo (Acanthocybium solandri)		paono [Pa, distributive particle, and ono, six.]	By sixes; six-fold; six times; six at once.					
1079	pāpiʻo	pā·piʻo	A*	prefix-led	pā- is also a prefix | homograph root: sense unresolved			0	0	pā: ?fence, wall, enclosure; pen, sty	piʻo: bend, curve, arc; to arch (of a rainbow)		papio [Pa and pio, an arch.]	Lying face downward. ;					
1080	pāuli	pā·uli	A*	prefix-led	pā- is also a prefix | homograph root: sense unresolved			0	0	pā: ?fence, wall, enclosure; pen, sty	uli: having any dark color (blue, green, black, etc.)		pauli [Pa and uli, blue.]	Dark colored; blue, as the sea: pauli ke kai.					
1081	pāwaina	pā·waina	A*	screened-out	waina: loan			0	0	pā: fence, wall, enclosure; pen, sty	waina: wine (alcoholic beverage)		pawaina [Pa, fence, and waina, grapes.]	A vineyard. Pawa I i (pa'-wa-li), adj. Crooked; deceitful; unjust; perverse.					
1082	pāʻaoʻao	pā·ʻaoʻao	A*	prefix-led	pā- is also a prefix | homograph root: sense unresolved			0	0	pā: ?fence, wall, enclosure; pen, sty	ʻaoʻao: side, flank; page of a book; group, team, party		paaoao [Pa and aoao, side.]	Lit. by sides; side- ways; on one side; one-sided; hit on side.					
1083	pāʻula	pā·ʻula	A*	prefix-led	pā- is also a prefix | homograph root: sense unresolved			0	0	pā: ?fence, wall, enclosure; pen, sty	ʻula: red (color)		paula [Pa and ula, red.]	A full grown tree when the timber becomes red; he laau oo a ula.					
1084	pōhano	pō·hano	A*	prefix-led	pō- is also a prefix | homograph root: sense unresolved			0	0	pō: night, period of darkness after the evening; day	hano: ?glorious, honored		pohano [Po, intensive, and hano, hoarse.]	Hoarse; unnatural, as the voice from a cold or other cause; hard breathing, as one with the phthisic.					
1085	pōhihi	pō·hihi	A*	prefix-led	pō- is also a prefix			0	0	pō: night, period of darkness after the evening; day	hihi: to entangle, to intertwine; to intermingle; to c		pohihi [Po, intensive, and hlhi, to be thick and tangled, as vines.]	1. To be very much tangled, as a thick growth of vines. 2. To be shady, as with thick leaves and branches of trees.					
1086	pōkia	pō·kia	A*	prefix-led	pō- is also a prefix			0	0	pō: night, period of darkness after the evening; day	kia: pillar, post; mast, spar; nail, spike; snare, tr		pokia [Po and kia, a post.]	A post set up for birds to light on when they are caught; he kia manu, he laau lawaia manu.					
1087	pōmano	pō·mano	A*	prefix-led	pō- is also a prefix			0	0	pō: night, period of darkness after the evening; day	mano: four thousand; multitude, plenty		pomano [Po and mano, a dam]	A dam; barrier or embankment, usually made of stone or earth to control a cur- rent of water.					
1088	pōniho	pō·niho	A*	prefix-led	pō- is also a prefix			0	0	pō: night, period of darkness after the evening; day	niho: tooth; ivory; tusk; beak; claw		poniho [Po and niho, a tooth.]	1. To turn up; to turn off, that is, to uncover; to lay open what has been covered up; to separate the lips from the teeth. Poniho ino ka la					
1089	pōʻali	pō·ʻali	A*	prefix-led	pō- is also a prefix			0	0	pō: night, period of darkness after the evening; day	ʻali: to scar		poali [Po and ali, a scar.]	Dark; obscure; not well defined, as a faint mark on the skin.					
1090	pūkani	pū·kani	A*	prefix-led	pū- is also a prefix | homograph root: sense unresolved			0	0	pū: ?tree, cluster of several stalks; cluster, clump	kani: cry, moan; crow (of a rooster); peal, jingle, ti		pukani [Pu and kani, to sound.]	A sounding instru- ment; a trumpet.					
1091	pūkē	pū·kē	A*	prefix-led	pū- is also a prefix | homograph root: sense unresolved			0	0	pū: ?tree, cluster of several stalks; cluster, clump	kē: complaint; critic; to protest; to criticize; The		puke [Pu and ke, to force.]	To hit; to strike, as one calabash against another; to strike together, as the knees of one in trepidation.					
1092	pūlama	pū·lama	A*	prefix-led	pū- is also a prefix | homograph root: sense unresolved			0	0	pū: ?tree, cluster of several stalks; cluster, clump	lama: torch; light, lamp		pulama [Pu and lama, a torch.]	A light, generally made from kukui nuts ; a flambeau.					
1093	pūlehu	pū·lehu	A*	prefix-led	pū- is also a prefix | homograph root: sense unresolved		match	0	0	pū: ?tree, cluster of several stalks; cluster, clump	lehu: ash (of colour and substance); grey		pulehu [Pu, to draw water into the mouth and blow it out, and lehu, ash-like, broken.]	A water-spout.					
1094	pūlua	pū·lua	A*	prefix-led	pū- is also a prefix | homograph root: sense unresolved			0	0	pū: ?tree, cluster of several stalks; cluster, clump	lua: two; second; double; duplicate; companion; a tra		pulua [Pu and lua, two.]	1. A couple of men in a canoe: he pulua na kanaka ma ka waa. 2. Two men giving mutual assistance to each other; he raau kokoolua elua.					
1095	pūneʻe	pū·neʻe	A*	prefix-led	pū- is also a prefix | homograph root: sense unresolved			0	0	pū: ?tree, cluster of several stalks; cluster, clump	neʻe: to creep, to move gradually; to squirm		punee [Pu and nee, to move along.]	To come to one; to approach one for the purpose of asking a favor. (This was done in ancient times, in the case of a common person approachi					
1096	pūniu	pū·niu	A*	prefix-led	pū- is also a prefix | homograph root: sense unresolved			0	0	pū: ?tree, cluster of several stalks; cluster, clump	niu: coconut (fruit of coco palm)		puniu [Pu and niu, a coconut.]	1. The shell of a coconut; hence, 2. A small cala- bash for food. 3. The skull of a man, from some resemblance to a coco- nut. 4. One who ac					
1097	ulekahe	ule·kahe	A*	screened-out	ule: "penis" | kahe: "menstru"			0	0	ule: penis	kahe: to flow, to trickle; to drop (of a liquid); to m		ulekahe [Ule and kahe, to cut.]	Circumcision.					
1098	waihāuna	wai·hāuna	A*	screened-out	compound: "offensive"			0	0	wai: water, especially of fresh sources	hāuna: a blow, a strike		waihauna [Wal, water, and hauna, bad smelling.]	Water that has been used for such purposes as washing fish and is therefore offensive to the smell.					
1099	waimimi	wai·mimi	A*	screened-out	compound: "Urin" | mimi: "urin"			0	0	wai: water, especially of fresh sources	mimi: urine		waimimi [Wal, water, and mimi, urine.]	Urine.					
1100	ālalo	ā·lalo	A*	screened-out	ā: "urin"			0	0	ā: jaw, cheekbone; a surgical instrument made of sm	lalo: depth; lowness; low; downward		alalo [A, jaw, and lalo, under.]	The lower jaw of men and animals; the lower mandible of a bird.					
1101	ālana	ā·lana	A*	screened-out	ā: "urin"			0	0	ā: jaw, cheekbone; a surgical instrument made of sm	lana: floating, buoyant, adrift; calm, still (water);		alana [A, and lana, to float.]	Light; not heavy; easily floating on the water: He hooko- mo ole, not sinking. Syn: Lana.					
1102	āpoke	ā·poke	A*	screened-out	ā: "urin"			0	0	ā: jaw, cheekbone; a surgical instrument made of sm	poke: section, slice, piece, part, portion; to slice,		apoke [A, and poke, short.]	To cut up into short pieces.					
1103	āpō	ā·pō	A*	screened-out	ā: "urin"		differs: ʻapo	0	0	ā: jaw, cheekbone; a surgical instrument made of sm	pō: night, period of darkness after the evening; day		apo [A, until, po, to vanish, and po, night.]	Lit. Until night vanishea, hence: 'the next day afted the present one; the next succeeding day; the morrow; tomorrow.					
1104	ōpea	ō·pea	A*	screened-out	pea: loan			0	0	ō: food, provisions, rations	pea: bear		opea [O and pea, a sail.]	Small boom or spar to extend and elevate the sail of a canoe.					
1105	ʻanuʻuhapa	ʻanuʻu·hapa	A*	screened-out	hapa: loan			0	0	ʻanuʻu: stairs, steps; ledge or terrace (of rocks); spra	hapa: half of something; portion, part; someone who ha		anuuhapa [Anuu, a tone, and hapa, half.]	An inter val in music approximately equal to half a major tone on the scale; a semi-tone; a half-tone.					
1106	ʻioʻiʻoʻiʻo	ʻio·ʻiʻoʻiʻo	A*	screened-out	ʻiʻoʻiʻo: "clitor"			0	0	ʻio: Hawaiian hawk (Buteo solitarius)	ʻiʻoʻiʻo: clitoris		ioioio [Lo, a prefix, and iolo, hither and thither.]	A looking askance as though fright- ened.					
1107	ʻoheala	ʻohe·ala	A*	screened-out	ʻohe: "vulgar" | homograph root: sense unresolved			0	0	ʻohe: bamboo (plant; material); common bamboo (Bambusa	ala: ?way, path, road		oheala [Ohe, a reed, and ala, sweet.]	Sweet cane; any sweet, canelike plant.					
1108	ʻulapaʻa	ʻula·paʻa	A*	screened-out	compound: "vagina"			0	0	ʻula: red (color)	paʻa: solid; firm, fast, permanent		ulapaa [Ula, red, and paa, fast; concealed.]	1. The ossa vagina. 2. A virgin, applied alike to both sexes.					
1109	ʻumikamaliʻi	ʻumi·kamaliʻi	A*	screened-out	compound: "killed by"			0	0	ʻumi: to strangle, to choke; to repress; to suppress;	kamaliʻi: children, progeny		umikamalii [Umi, to strangle, and kamalii, a child.]	The practice of infanti- cide, mostly by pressing or chok- ing to death. (The infant was generally killed by choking or pressing on its firs					
1110	ʻumiwale	ʻumi·wale	A*	screened-out	compound: "killing by"			0	0	ʻumi: to strangle, to choke; to repress; to suppress;	wale: any bodily secretion or mucus including phlegm,		umiwale [Umi, to choke, and wale, without cause.]	The seizing of a person by the throat; a killing by strangulation.					
1111	ʻāhuiwaina	ʻāhui·waina	A*	screened-out	waina: loan			0	0	ʻāhui: fruit bunch or cluster (of bananas, pandanus key	waina: wine (alcoholic beverage)		ahuiwaina [Ahui, a cluster, and waina, grapes.]	A bunch or cluster of grapes.					
1112	ʻōpūmimi	ʻōpū·mimi	A*	screened-out	compound: "urin" | mimi: "urin"			0	0	ʻōpū: stomach, belly, womb; bladder; ventricle; maw; c	mimi: urine		opumimi [Opu, belly, and mimi, urine.]	The blad- der; the container of urine.					
