word	split	evidence	batch	verdict	is_compound	form	spelling_confidence	word_break	sense_a	sense_b	transparency	lit	lit_source	gloss	gloss_source	field	register	exclusion_flag	exclusion_reasons	sensitivity_note	verdict_reason	pe_check	web_sources	in_sample	second_verdict	second_form	adjudicated_verdict	adjudication_reason
ahihonua	ahi·honua	A*	000	doubtful	doubtful	ahihonua	inferred	unknown	ahi	honua#0	partial	fire eating the earth	Andrews 1922 bracket [ahi, fire + ai, to eat + honua, earth]; Kona Historical Society 'ahi ʻai honua'	volcano	Andrews 1922 'A volcano; earth-eater or consumer'; Kona Historical Society	ʻāina	archaic/obscure	False		Close to the epithet Pele-ʻai-honua (Pele the land-eater), which is a deity name. A card glossing 'volcano' should not slide into Pele imagery.	This is really a three-part analysis squeezed into two stones. The attested modern phrase keeps ʻai (ahi ʻai honua). Low degree (3), no modern one-word use.	Is there a headword 'ahi honua' / 'ahihonua' without ʻai, or only 'ahi ʻai honua'? If the only form has ʻai, drop.	https://konahistorical.org/mailes-meanderings/stuck-between-a-rock-and-a-hot-place	y	drop	ahi ʻai honua	drop	No source prints 'ahihonua'. Andrews' headword is Ahiaihonua (OCR l.2863 adj., l.2867 n.), bracket [Ahi, fire, ai, to eat, and honua, earth], and he also prints the phrase 'he ahi ai honua'. The pipeline dropped the middle root ʻai. The UH HIGP list reproducing P&E entries has 'ahi ʻai honua … Volcano, volcanic fire. Lit., fire destroying land', in three words. Kona Historical Society writes it the same way (found by the first reader). Three roots cannot go on two stones, so this is a drop, not doubtful. The first reader's form 'ahihonua' and its note 'only Andrews' unmarked headword' are wrong: that is the pipeline's spelling, not Andrews'. In the file, word_break 'unknown' stands for 'not applicable': the real item is three words.
ahimakani	ahi·makani	W	000	doubtful	doubtful	ahimakani	attested	1	ahi	makani	partial	wind fire	Wiktionary etymology ('literally “wind fire”')	gasoline	Wiktionary	hana	modern coinage	False		makani also carries the sense 'ghost' (Wiktionary); harmless here.	A single crowd-edited source, with no corroboration and no modern use found. The literal reading is plausible but surprising for gasoline. Degree 3.	Does P&E or Māmaka Kaiao list ahi makani / ahimakani, and for what (gasoline? kerosene?)? One word or two? If absent, drop.						
aholoa	aho·loa	A*	000	keep-pending	likely	aholoa	corroborated	1	aho#1	loa	partial	long breath	Andrews 1922: aho v. 'to have breath, hence to be patient' + loa 'long'; Kealoha 2020 'breathing well, deeply, patiently'	patient; long-suffering	Andrews 1922 adj. 'Patient; long suffering'	naʻau	unknown	False		Andrews 1922 gives loa n. 2 'a receptacle of filth; he nenelu inoino' (a foul mire). Not clearly excretory, so not flagged, but the P&E checker should note whether P&E carries any such sense of loa, since it would affect every loa compound.	Plausible and partly corroborated, with high degree (9). But the same spelling is also aho#0·loa 'long fishing line' in Andrews, so the sense must be fixed, and P&E has to confirm the word and its word break.	Is aholoa a headword (or 'aho loa')? Which senses: patient / long-winded (aho 'breath') and/or long line (aho 'cord')? If both, record both. The stone must use aho 'breath' (aho#1) to link with ahonui.	https://pmc.ncbi.nlm.nih.gov/articles/PMC7733635/					
ahonui	aho·nui	A*	000	keep	yes	ahonui	attested	1	aho#1	nui	partial	great breath	Andrews 1922 bracket [aho, patient + nui, much], where aho v. is 'to have breath, hence to be patient'	patience; patient endurance	Andrews 1922; UH News Hawaiian Word of the Week 2022; HRS §5-7.5	naʻau	traditional	False		One of the five values in the Aloha Spirit statute (HRS §5-7.5). Widely taught as a value, so the card should be plain, not sentimental.	An Andrews analysis plus clear, consistent modern use from reputable sources (UH, State of Hawaiʻi). Spelling settled. No exclusion concern.	Confirm the headword is 'ahonui' (one word) and whether P&E gives a 'Lit.' reading (e.g. 'great breath'). Confirm the aho is 'breath', not 'cord'.	https://www.hawaii.edu/news/2022/12/20/hawaiian-word-of-the-week-ahonui/ | https://law.justia.com/codes/hawaii/2013/title-1/chapter-5/section-5-7.5/					
ahupuaʻa	ahu·puaʻa	W+A	000	keep	yes	ahupuaʻa	attested	1	ahu	puaʻa	partial	pig cairn (the boundary heap with a pig)	Wiktionary etymology (ahu 'heap, cairn' + puaʻa 'pig'); NPS 'The Ahupuaʻa'; Andrews 1922	land division, mountains to sea	Wiktionary 'a wedge-shaped land subdivision … from the mountains to the sea'; NPS; Kamehameha Schools Kumukahi (via TERMS.md)	ʻāina	traditional	False		ahu here is the boundary heap, but ahu also means altar or shrine. Present the pig as tradition ('pig image or pig offering'), per TERMS.md, not as one definite story.	Two or more independent sources plus reputable modern use. Spelling settled. The design already uses it.	Confirm the 'Lit.' reading P&E gives (if any) and that it supports ahu 'heap/altar' + puaʻa 'pig'.	https://www.nps.gov/havo/learn/historyculture/ahupuaa.htm | https://guides.library.kapiolani.hawaii.edu/apdl/ahupuaa					
ahuwaiwai	ahu·waiwai	A*	000	doubtful	doubtful	ahuwaiwai	inferred	unknown	ahu	waiwai	transparent	heap of goods	Andrews 1922 bracket [ahu, collection + waiwai, property]	for storing goods	Andrews 1922 'belonging to a place for storing property'	hana	unknown	False			Single 1922 source, attested only as a modifier in 'hale ahuwaiwai'. Possibly a free phrase. Weak gloss. Degree 2.	Is ahuwaiwai (or ahu waiwai) a headword or sub-entry, or only 'hale ahuwaiwai'? If only the hale phrase, drop.						
akeakamai	ake·akamai	W+A	000	keep	yes	akeakamai	attested	1	ake	akamai	transparent	desiring knowledge	Wiktionary etymology; Andrews 1922 bracket [ake, desire + akamai, skill]	seeker of knowledge; philosopher	Wiktionary 'one who seeks knowledge, philosopher … scientist, science'; Andrews 1922 'a lover of wisdom; a philosopher'	naʻau	19th-century coinage	False			Two independent analyses and heavy modern use. Spelling settled. No exclusion concern.	Confirm the headword and senses (philosopher; scientist; science). Is it marked as a coinage? Confirm the ake is 'desire' (the 'ake' homograph id lumps 'liver' and 'desire', see notes).	https://resources.informalscience.org/akeakamai-indigenous-explorations-community-based-science-learning	y	keep	akeakamai		
akeloa	ake·loa	A*	000	keep-pending	likely	akeloa	inferred	unknown	ake	loa	partial	long liver	Andrews 1922 bracket [ake, liver + loa, long]	spleen	Andrews 1922	kanaka	unknown	False		Andrews 1922 gives loa n. 2 'a receptacle of filth; he nenelu inoino' (a foul mire). Not clearly excretory, so not flagged, but the P&E checker should note whether P&E carries any such sense of loa, since it would affect every loa compound.	A clean descriptive organ name that fits the akemāmā pattern, and degree is high (10). But it rests on one 1922 source, with spelling and word break unconfirmed.	Is the spleen 'akeloa' or 'ake loa' in P&E? Does P&E give 'Lit. long liver'? Note Andrews' synonym akeniau.						
akemāmā	ake·māmā	W+A	000	keep	yes	akemāmā	attested	1	ake	māmā	partial	light liver	Wiktionary etymology; Andrews 1922 bracket ('vital organ' + 'not heavy')	lungs	Andrews 1922 'the lungs'; Wiktionary 'lung'	kanaka	traditional	False		Andrews' māmā entry also has 'to chew (ʻawa) and spit out', a different word (māma with a short final vowel, judging by Andrews' stress marks) and harmless anyway.	Two independent analyses, a Wiktionary headword spelling, and a cognate formation in Rarotongan. No exclusion concern.	Confirm the headword is akemāmā (both kahakō, one word) and the 'Lit.' reading. Andrews also gives akemakani and akepahoola as synonyms.						
akuahānai	akua·hānai	A*	000	drop	likely	akuahānai	inferred	unknown	akua	hānai	partial	feeding god	Andrews 1922 bracket [akua, god + hanai, to feed]	god of poison; poison	Andrews 1922	naʻau	archaic/obscure	True	sorcery: Andrews defines it as the god that fed poison to people; poison gods belong to the sorcery complex (that last step is reviewer knowledge, unverified) | mainly a deity: sense 1 is a god	Deity plus poisoning. The root hānai is also the tender word for feeding and fostering a child, and this compound would set it against that.	Sorcery/poison-god domain and mainly a deity (§4.3). Single 1922 source.	None needed. Drop unless a kumu advises otherwise.						
akualele	akua·lele	A*	000	drop	likely	akua lele	corroborated	either	akua	lele	partial	flying god	Andrews 1922 bracket [akua, god + lele, to fly]	meteor; fireball	Andrews 1922 'a meteor; an ignis fatuus'; Star-Advertiser 2014 'fireball'	lani	traditional	True	sorcery: the akua lele is a fireball sent by a kahuna to frighten or destroy (Star-Advertiser 2014; Kikuchi 1976, Bishop Museum Press, is cited in search results as the scholarly treatment)	Bad-luck and harm associations: seeing one is said to bring misfortune. A god (akua) in the word.	Belongs to sorcery (§4.3), even though Andrews' gloss 'meteor' alone sounds innocent; a reader who knows the word knows the sending. Degree 13 is a real loss, but the rule is clear.	None needed for the list. If the team wants to reconsider, check whether P&E's akua lele entry mentions sorcery (expected: yes).	https://www.staradvertiser.com/2014/03/08/features/five-0-redux/five-0-redux-bad-luck-from-above/					
akuamakua	akua·makua	A*	000	drop	doubtful	akua ʻaumakua	inferred	unknown	akua	unresolved	partial			deified ancestral spirits	Andrews 1922 'the ancestors … who have become gods; the spirits of former heroes'	naʻau	archaic/obscure	False		Ancestral family gods (ʻaumakua) are living religious practice for many families. A kumu would want this handled with care, and DESIGN §8 already leaves out deity material.	The split is wrong: a three-part form whose second element is ʻaumakua, not makua. Religious domain. Degree 4.	None needed. If P&E had 'akua makua' as a two-part headword, it would need fresh review.						
alahaka	ala·haka	A*	000	keep-pending	likely	alahaka	attested	1	ala#0	unresolved	partial	open path	Andrews 1922 bracket [ala, a path + haka, open]	ladder; rough path over chasms	Andrews 1922	hele	unknown	False			Good word, high degree (7), modern use clear. But which haka it uses is unresolved, and the modern 'bridge' gloss has no definitional source in hand.	Senses: ladder? bridge? rough road over ravines? 'Lit.' reading: is the haka 'rack, platform, perch' (haka#0) or 'hole, open space' (haka#1, Andrews' bracket)? Andrews' own haka n. 2 (a ladder, the cross sticks and spaces between) straddles both.	https://www.nps.gov/places/alahaka-ramp.htm	y	keep	alahaka	keep	POLLEX (Pukui & Elbert 1986) has Hawaiian alahaka 'plank bridge, trestle, ladder' < PCE *ara-fata 'bridge or ladder', with the note 'Cf. PPN *hala road, *fata shelf'. I checked this in the local crawl (.cache/pollex/raw/cache, entry ara-fata). The Māori cognate is arawhata 'bridge, stepped log used as a ladder'. PPN *fata 'shelf, platform' is the dossier's haka#0; haka#1 is PNP *fata 'gap'. Andrews' own haka n. lists 'ladder' and 'hen-roost' (rack senses, haka#0) beside 'hole', so his bracket 'haka, open' is a 19th-century guess. Two sources (Andrews + P&E via POLLEX) attest the word. pe_via_pollex = match, so the spelling is P&E's. Hawaiian Wikipedia has 7 one-word uses for 'bridge'. The first reader left haka unresolved and stayed at keep-pending, though the POLLEX data settles both.
alahao	ala·hao	W	000	keep	yes	alahao	attested	1	ala#0	hao#0	transparent	iron road	Wiktionary etymology	railroad, railway	Wiktionary; Ka Nupepa Kuokoa 1903 caption (via nupepa-hawaii.com)	hele	19th-century coinage	False		The plantation railroads tie into land and labour history. Fine for a card, but keep the gloss plain.	Wiktionary analysis plus well-documented 19th–20th-century newspaper use. Transparent, settled spelling, high degree (14). A name for an introduced thing built from native roots, not a borrowing.	Confirm the headword 'alahao' (one word) and 'Lit. iron road'.	https://nupepa-hawaii.com/2014/09/14/on-hoolulu-park-the-recycling-of-pictures-the-kohala-hilo-r-r-co-and-the-4th-of-july-1903/ | http://www.hoakaleifoundation.org/documents/huakai-makaikai-na-poe-kakau-nupepa-i-ke-alahao-hou-sightseeing-journey-newspaper					
alakaʻi	ala·kaʻi	A	000	keep	yes	alakaʻi	attested	1	ala#0	kaʻi	transparent	lead along the path	Andrews 1922 bracket [ala, road + kai, to lead]; Wiktionary surface analysis ala 'path' + kaʻi 'lead'	to lead, guide; leader	Wiktionary 'to lead, to guide, to direct; guide, conductor; leader'; Andrews 1922	hele	traditional	False			An inherited compound (PPN *hala-taki, Māori arataki), two independent sources, massive modern use. A fine card: the parts row and the cognate line both carry the voyaging story.	Confirm the headword alakaʻi and whether P&E notes the PPN etymon or a 'Lit.' reading.						
alaloa	ala·loa	W	000	keep	yes	alaloa	attested	either	ala#0	loa	transparent	long road	Wiktionary etymology; Andrews 1922 bracket; Ala Kahakai Trail Assoc. 'lit. The long trail'	highway; main road around island	Wiktionary 'highway'; Andrews 1922 'a highway; a main road'; NPS 'long trail … around the island'	hele	traditional	False		Andrews 1922 gives loa n. 2 'a receptacle of filth; he nenelu inoino' (a foul mire). Not clearly excretory, so not flagged, but the P&E checker should note whether P&E carries any such sense of loa, since it would affect every loa compound.	Two independent analyses plus reputable modern use (NPS). Transparent, high degree (15). The only open point is the caption's word break, where the design's map uses 'ala loa'.	Headword: 'alaloa' or 'ala loa'? Does P&E distinguish the round-island trail from 'highway'? The card caption and the map label should agree.	https://www.npshistory.com/publications/alka/brochures/2018.pdf | https://alakahakaitrail.org/the-trail					
alanui	ala·nui	W+A	000	keep	yes	alanui	attested	1	ala#0	nui	transparent	big path	Wiktionary etymology; Andrews 1922 bracket [ala, path + nui, large]	road, street, highway	Wiktionary 'road, street, large path'; Andrews 1922 'a highway; a road'	hele	traditional	False			Three independent sources and heavy modern use. Spelling settled. High degree (13).	Confirm headword alanui (one word).	http://archive.hokulea.com/pdfs/Hawaiian_astronomy_I.pdf					
alapiʻi	ala·piʻi	A*	000	doubtful	yes	alapiʻi	attested	either	ala#0	piʻi#0	transparent	ascending path	Andrews 1922 bracket [ala, path + pii, to ascend]	stairs, ladder, ascent	Andrews 1922; Hawaiʻi Public Radio Hawaiian Word of the Day	hele	traditional	True	root piʻi#0 carries a sexual sense in the dossier's Wiktionary senses ('to mount, to breed', plus a vulgar gloss); the task's either-root rule therefore flags it	The compound itself is innocent (stairs). The flag rests on one Wiktionary sense line of the root piʻi. Whether that sense is in P&E, and whether a slang extension of 'climb/mount' should taint the root, is a policy call. It affects every piʻi word across batches.	On its own merits this is a keep: two sources, attested spelling, transparent, degree 10. It is held at doubtful only because of the either-root sexual-sense rule applied to piʻi. If the team rules that piʻi's 'mount/breed' extension does not exclude the root, make it keep (word break to settle). If the rule stands strict, drop.	Headword: alapiʻi or ala piʻi? And for the exclusion call: does P&E's piʻi entry carry a sexual sense, or only climb/rise/mount (a horse)?	https://www.hawaiipublicradio.org/hawaiian-word-of-the-day-september-18th					
alawai	ala·wai	W	000	keep-pending	yes	alawai	attested	either	ala#0	wai#0	transparent	water path; waterway	Wiktionary etymology (ala 'path' + wai 'water'); UH Liquid Futures 'literally … waterway'	channel; canal	Wiktionary	hele	unknown	False		Most readers will think of the Ala Wai Canal, a 1920s dredging that drained Waikīkī's wetlands, loʻi and fishponds, and is now polluted. Show the common noun only, never as the place.	Transparent and the most connective word in the batch (degree 28). But the only definitional source is Wiktionary. The common noun's age is unknown (the canal was named 'Ala Wai' in 1925). The Hawaiian Wikipedia use for sea channels may be that wiki's own extension. P&E must confirm it is a dictionary word, not only a place name.	Does P&E (or Māmaka Kaiao) have alawai / ala wai as a common noun, and for what: canal, ditch, channel between islands? One word or two? If it exists only as the place name Ala Wai, drop it (§4.3 proper name).	https://sites.google.com/hawaii.edu/alawai/ala-wai | https://www.hawaiinewsnow.com/story/30457133/hawaiian-word-of-the-day-ala-wai/	y	keep-pending	alawai		
alaʻula	ala·ʻula	A*	000	keep-pending	likely	alaula	corroborated	1	ala#0	unresolved	partial	red road	Andrews 1922 bracket [ala, road + ula, red]; Makemson 1938 (Kamakau) 'the dawning or bright road'	dawn light; sunset glow	Andrews 1922 'streak of light … after the setting and before the rising sun; the first dawn'; High 2022 (from P&E) 'light of early dawn, sunset glow'	lani	traditional	False		In Kamakau's astronomy 'ke alaula a Kāne' is the god Kāne's road. Fine as the common noun 'dawn light'. Also a popular given name. ʻula#1 'sacred' and ʻula#2 'blood' are other senses of ʻula, if that root applies.	A beautiful, well-attested word (degree 12), but the spelling decides the stone. If P&E writes 'alaula' without ʻokina, the second stone is ULA, not ʻULA 'red' (ʻula#0). Then it neither links to the ʻula family nor uses a root in the current roots list, and the split needs rework.	Headword spelling: alaula or alaʻula? Which 'ula' does P&E's 'Lit.' cite (red? flame?), and is that ula a separate entry from ʻula 'red'? Record the Lit. reading exactly.	http://archive.hokulea.com/pdfs/Hawaiian_astronomy_I.pdf | https://www.soest.hawaii.edu/met/NewPDFs/HawaiianWeatherTerms.pdf					
aliʻiwahine	aliʻi·wahine	A*	001	keep-pending	likely	aliʻiwahine	corroborated	either	aliʻi	wahine	transparent	woman chief	Andrews 1922 bracket [Alii, chief, and wahine, woman]	woman chief; princess or queen	Andrews 1922 ('A queen'); Bishop Museum Nūpepa blog (Aliiwahine = Princess)	kanaka	traditional	False		A royal title. In hawwiki it is mostly used before the names of particular aliʻi (Kīnaʻu, Liliʻuokalani). The overthrow of Liliʻuokalani is a painful history. Keep the card generic and respectful. In kingdom usage a reigning queen was 'Mōʻī wahine', so 'queen' alone may overstate.	Real, transparent, well used. Needs P&E to settle one word or two, and whether it is a lexical item or aliʻi + attributive wahine.	Is it a headword or sub-entry under aliʻi: 'aliʻi wahine' or 'aliʻiwahine'? What is P&E's gloss (chiefess / queen / noblewoman)? Does P&E treat it as a unit or as a free phrase?	https://blog.bishopmuseum.org/nupepa/hawaiian-kingdom-era-titles-of-royalty/ | https://kawaiola.news/cover/ke-kkulu-ana-ma-oneula-me-ka-loaa-ana-mai-o-kekahi-aliiwahine-i-ike-mua-ole-ia/					
anamanaʻo	ana·manaʻo	W	001	keep	yes	anamanaʻo	attested	1	ana#1	manaʻo	transparent	measuring thoughts	Wiktionary etymology ('literally to measure thoughts/opinions')	survey, poll	Wiktionary; usage in Ka Wai Ola 2025	naʻau	modern coinage	False		None. The ana stone must be ana#1 'measure', never ana#0 'cave'.	Wiktionary analysis plus clear modern use; spelling attested; no exclusion concern. It is a modern coinage, so the design's policy on coinages (ROOTS.md 'What this means' item 4) applies.	Probably Māmaka Kaiao rather than P&E: confirm 'anamanaʻo' and the gloss 'survey, poll'.	https://kawaiola.news/columns/e-hoololi-i-ke-kulana/ka-kaohi-ana-i-ka-pukanee/					
anapuni	ana·puni	W	001	keep	yes	anapuni	attested	1	ana#1	puni#0	transparent	measure all around	Wiktionary etymology (ana 'to measure' + puni 'surrounded'); Andrews puni adv. 'around; on every side'	circumference, perimeter	Wiktionary; Andrews 1922	hele	19th-century coinage	False		None. puni#1 includes 'deceived; to covet', a separate homograph; the card must use puni#0.	Two sources plus modern use; spelling attested; transparent. The register is inferred from Andrews' Euclidean definition ("bounding line of any plane figure"), probably mission-school geometry.	Headword anapuni: does P&E give 'circumference, perimeter' and a 'Lit.'? Does P&E mark it as a 19th-c. or school term?						
anawaena	ana·waena	W+A	001	keep	yes	anawaena	attested	1	ana#1	waena	transparent	measure through the middle	Wiktionary etymology; Andrews 1922 bracket	diameter	Wiktionary; Andrews 1922	hele	19th-century coinage	False		None.	W+A agree; spelling attested; transparent; no exclusion concern. The register is inferred (geometry term).	Headword anawaena 'diameter': confirm, and note any Lit.						
anawaenaloa	anawaena·loa	A*	001	drop	doubtful	anawaenaloa	inferred	unknown	anawaena	loa	transparent	long diameter	Andrews 1922 bracket	long diameter of an ellipse	Andrews 1922 ('The transverse diameter of an ellipse')	hele	19th-century coinage	False		None.	Three-part word whose stone would be a compound, not a root; obscure technical term with no modern attestation.	Low priority; skip unless anawaena is ever admitted as a stone.		y	drop	anawaenaloa		
anaʻāina	ana·ʻāina	A*	001	keep-pending	likely	ana ʻāina	corroborated	2	ana#1	ʻāina	transparent	measuring land	Andrews 1922 bracket [Ana, to measure, and aina, land]	land surveying; to survey land	Andrews 1922	ʻāina	unknown	False		Land surveying is tied to the Māhele and land dispossession; handle neutrally. Andrews' other 'aina' entries (meal, refuse) are modern ʻaina, a different spelling.	Andrews plus one modern two-word use. Lexical status and word break need P&E. High value (degree 13).	Is 'ana ʻāina' a P&E sub-entry (probably under ana), written as two words? Gloss 'land survey; to survey land'? If P&E has no entry, treat it as a free phrase and drop.						
anilā	ani·lā	W	001	keep-pending	yes	anilā	attested	1	ani	lā#2	partial	softly blowing day	Wiktionary etymology (ani 'to blow softly' + lā 'day')	weather	Wiktionary; KSBE 2020	lani	modern coinage	False		Contested coinage. Kumu Maluhia States (Ka ʻAlalā) asks people to stop using 'anila': it was 'made to fit English thinking' and native speakers find it unintelligible. Traditional speech uses phrases instead ('Pehea kēia lā?'). A fluent reader may wince at it presented as an old word.	The evidence for the word is good, but it is a modern coinage that a kumu objects to. It needs the design's decision on coinages and confirmation in Māmaka Kaiao. Low degree (2).	Not expected in P&E. In Māmaka Kaiao, confirm 'anilā' = weather (and 'aniau' = climate) and the kahakō on lā.	https://www.ksbe.edu/_apps/doc_bridge_cer/Anila_(Weather)_Report.pdf | https://www.kaalala.com/blog/please-stop-using-this-hawaiian-word | https://www.soest.hawaii.edu/met/NewPDFs/HawaiianWeatherTerms.pdf					
aouli	ao·uli	W	001	keep	yes	aouli	attested	1	ao#2	uli#0	partial	blue cloud	Wiktionary etymology (ao 'cloud' + uli 'blue')	firmament, the blue sky	Wiktionary; Andrews 1922	lani	unknown	False		Andrews' uli n. 3 is 'a class of gods worshiped by sorcerers' (Uli). That is not the sense used here and is not a §4.3 trigger, but a kumu may notice it. The ao stone must be ao#2 'cloud', not ao#0 'daylight'.	Three sources agree on the word and meaning; Wiktionary and the SOEST/P&E cross-reference both put it under ao 'cloud'. Spelling attested; no exclusion trigger.	Headword aouli: does P&E give 'Lit., dark/blue cloud'? Confirm ao = cloud (not daylight) and uli = dark/blue.	https://www.soest.hawaii.edu/met/NewPDFs/HawaiianWeatherTerms.pdf					
aumihi	au·mihi	A*	001	doubtful	doubtful	aumihi	inferred	unknown	unresolved	mihi	partial			to grieve, be sorry	Andrews 1922	naʻau	unknown	False		None.	Single 19th-c. source; first element's sense unsupported; the meaning equals mihi alone.	Is aumihi in P&E, and how is it spelled (aumihi / ʻaumihi)? How does P&E analyse the first element? If it is only 'same as mihi', drop.						
aumiki	au·miki	W+A	001	keep	yes	aumiki	attested	1	au	miki#0	transparent	receding current	Wiktionary etymology (au 'current' + miki 'receding')	outgoing current; rip current	UH SOEST list from P&E; Wiktionary	kai	unknown	False		A reader may know the second sense, the post-ʻawa chaser that marked the end of ceremonial protocol (KSBE). It is sacred-adjacent but not excluded; the card should not conflate the two. Rip currents are a drowning hazard; keep the tone factual.	'Outgoing current' is attested by Wiktionary and by the UH SOEST list compiled from P&E, and composes from au 'current' + miki#0 'recede'. Spelling attested. The flagged homograph is resolved to miki#0.	Confirm P&E aumiki sense 1 'outgoing current' (is there a Lit.?) and sense 2, the ʻawa chaser. Confirm there is no ʻokina.	https://www.soest.hawaii.edu/met/NewPDFs/HawaiianWeatherTerms.pdf | https://www.ksbe.edu/article/laahui-rising-aumiki-inspires-a-new-generation-of-hawaiian-language-content-creators					
aumoe	au·moe	A	001	keep	yes	aumoe	attested	1	au	moe	transparent	time of sleep	Johnson 2008 ('time of sleep'); Andrews 1922 bracket (au, time + moe, to sleep)	midnight, late night	Wiktionary; Andrews 1922	hele	traditional	False		moe also means 'to die' and 'to marry' (Wiktionary). Neither is a §4.3 trigger.	Three sources for the word and meaning; spelling attested; the reading 'time of sleep' is in two of them. The open point is which au this is (see pe_check). It affects linking, not inclusion.	Headword aumoe: does P&E give 'Lit., time to sleep' or similar, and an etymology (PPN *aqu-mohe vs au 'time')? Is the au the same as au 'period of time'? Confirm there is no ʻokina.	https://www.hawaiifreepress.com/Portals/0/Article%20Attachments/Astronomy%20in%20Hawai'i%20RKJ.pdf	y	keep-pending	aumoe	keep-pending	The word, spelling and gloss are certain: Andrews, Wiktionary, POLLEX (P&E form, match) and Johnson 2008. The sources split on the first morpheme. Andrews and Johnson read au 'time', which is the dossier's only au id (PPN *qau 'current; era'). POLLEX (note: 'Cf. PPN *aqu come, reach, arrive; *mohe sleep') and Wiktionary derive aumoe from PN *aqu-mohe 'fast asleep', and *aqu is not the dossier's au. The cards print each root's ancestor, so linking aumoe's AU to *qau words would contradict its own etymon. The first reader saw this conflict but assigned 'au' anyway, saying it 'affects linking, not inclusion'. Linking is exactly what the sense id is for. And until the root is known, it is not established that aumoe is a compound of exactly these two roots, so keep-pending, not keep.
auwaha	au·waha	A*	001	doubtful	doubtful	ʻauwaha	corroborated	1	unresolved	unresolved	partial			ditch, trench, furrow	Andrews 1922 ('a furrow … a ditch; a channel'); IHLRT ('ʻauwaha pele', fissure)	ʻāina	unknown	False		None.	As split (au 'era/current' + waha 'mouth') this is wrong: the modern word is ʻauwaha, and neither root sense is supported. It could come back as ʻau·waha if P&E glosses ʻau and analyses the word that way. Never link it to au.	Headword ʻauwaha: how does P&E analyse it? What is ʻau here, and is it the same ʻau as in ʻauwai and ʻauwaʻa? Is waha 'mouth' or a furrow-digging verb?	https://manoa.hawaii.edu/ihlrt/hna3/article.php?id=662					
auwaʻa	au·waʻa	A*	001	keep-pending	likely	ʻauwaʻa	corroborated	1	unresolved	waʻa	partial	a number of canoes	Andrews 1922 bracket [Au, a number, and waa, a canoe]	fleet of canoes	Andrews 1922; ʻŌlelo Noʻeau 1125 translation (Pukui 1983, via PVS)	hana	traditional	False		None.	A real traditional word, in a proverb. Only as a re-split ʻau·waʻa with a new root ʻau glossed from P&E. As split here (au 'era/current') it must not go in or link to any au stone.	Headword ʻauwaʻa: confirm the ʻokina. What is P&E's gloss for ʻau here, and is it the same ʻau as in ʻauwai/ʻauwaha? Is there a Lit.? If ʻau has no independent gloss, the word is opaque on its first stone.	https://archive.hokulea.com/ike/canoe_living/proverbs.html					
auwā	au·wā	A*	001	drop	no	auwā	inferred	unknown	unresolved	unresolved	opaque			to withhold, retain	Andrews 1922 (via aua)	naʻau	archaic/obscure	True	Its only gloss is 'a corruption of aua, to withhold', which teaches nothing about the two stones (§4.3, last rule).	None.	Andrews himself calls it a corruption of another word; no compound meaning; no modern attestation.	None needed.						
aʻahui	aʻa·hui	A*	001	doubtful	doubtful	aʻahui	inferred	unknown	aʻa#0	unresolved	transparent	aching vein	Andrews 1922 bracket	an aching vein	Andrews 1922	kanaka	archaic/obscure	False		Possible §4.3 concern, unverified: Andrews' sense 2, 'a desire for pleasure, attended with some sense of pain' ('ke aakoni oloko'), may be erotic longing. P&E should say. Wiktionary's aʻa#0 also lists 'womb, offspring'; this is not genital in the strict sense, but a kumu may want to know about it.	Single 19th-c. source; the second root's sense is missing from the homograph list; sense 2 may be sexual; the gloss teaches little.	Is aʻahui in P&E? Is its second sense sexual? Is hui 'ache' a separate homograph from hui 'club'?						
aʻakoko	aʻa·koko	A*	001	keep-pending	likely	aʻa koko	corroborated	2	aʻa#0	koko	transparent	blood vein	Andrews 1922 bracket	blood vessel, vein	Andrews 1922	kanaka	unknown	False		Blood (injury) is mild. Andrews' koko also lists '(Mod.) chocolate', a borrowing; the card must show only 'blood'. Wiktionary's aʻa#0 also lists 'womb, offspring'; this is not genital in the strict sense, but a kumu may want to know about it.	Andrews plus one modern two-word use. P&E is needed for the word break and for whether it is a sub-entry. Degree 9.	Is 'aʻa koko' a sub-entry under aʻa (two words)? Gloss 'blood vessel, vein, artery'?						
aʻalele	aʻa·lele	A*	001	keep-pending	likely	aʻalele	inferred	unknown	aʻa#0	lele	transparent	leaping vessel	Andrews 1922 bracket (aa, vein + lele, to jump)	artery	Andrews 1922	kanaka	unknown	False		Wiktionary's aʻa#0 also lists 'womb, offspring'; this is not genital in the strict sense, but a kumu may want to know about it.	Transparent and vivid, but only one source; spelling and word break unconfirmed. Highest degree in the batch (14), so check it first.	Headword aʻalele or aʻa lele? Gloss 'artery' and/or 'pulse'? Does P&E give 'Lit., leaping vein'?		y	keep-pending	aʻa lele	keep-pending	Both readers' spellings are inferred, so the question is which is likelier. Andrews joins all his vessel words (Aakoko, Aakoni, Aalele; OCR l.1923–1962). Modern sources write the siblings as two words: Wiktionary lists aʻa koni and aʻa lewalewa among aʻa's derived terms, and UH's OER anatomy text writes 'aʻa lewalewa'. ROOTS.md's POLLEX comparison found P&E splitting Andrews' joined noun + modifier compounds (wai puna, maka mua, lau hala). So 'aʻa lele' is the better working form, with the break still unconfirmed. I found no reputable attestation of either spelling, and snippets traceable to forbidden dictionary sites were not counted.
aʻalolo	aʻa·lolo	A*	001	keep-pending	likely	aʻalolo	inferred	unknown	aʻa#0	lolo	transparent	sinew of the brain	Andrews 1922 bracket (lolo, the brain) + Wiktionary aʻa#0 'sinew (nerve…)'	nerve	Andrews 1922	kanaka	unknown	False		Andrews' lolo also means 'palsied; crazy; insane', and lolo is colloquial for 'stupid', which is close to an insult, not a slur. Andrews' lolo n. 4–5 is the hog sacrificed at a canoe's completion (sacred). Wiktionary's aʻa#0 also lists 'womb, offspring'; this is not genital in the strict sense, but a kumu may want to know about it.	Transparent; one source; spelling unconfirmed. The flagged homograph is resolved: aʻa#0 includes 'nerve'.	Headword aʻalolo or aʻa lolo? Gloss 'nerve'? Lit.?						
haiao	hai·ao	A*	001	doubtful	doubtful	haiao	inferred	unknown	hai#0	ao#0	transparent	day offering	Andrews 1922 bracket (hai, sacrifice + ao, day)	a daytime sacrifice	Andrews 1922	naʻau	archaic/obscure	False		Temple ritual. A bare card reading 'daytime sacrifice' could read as careless about sacred practice. Andrews 1922 lists under the unmarked spelling 'hai' v. 6 'to act lasciviously', cross-referring to hoohai ('to carry one's self in such a way as to attract attention of one of opposite sex'), grouped with the proud/break senses that are probably modern haʻi; which modern root carries it is unverified. If P&E puts a sexual sense under hai (not haʻi), DESIGN §4.3 would exclude every hai· word.	Single 19th-c. source; obscure ritual sense; homographic in Andrews with the sermon word (modern haʻi aʻo); open question about a sense of hai.	Is haiao (daytime sacrifice; with haipō, night sacrifice) in P&E? Confirm the sermon word is haʻi aʻo. Does P&E list any sexual or flirting sense under hai (as opposed to haʻi)?	https://www.episcopalhawaii.org/uploads/2/5/4/8/25486559/hawaiian_translation_bcp_2023-04-02.pdf					
haipule	hai·pule	A*	001	keep-pending	yes	haipule	attested	1	hai#0	pule#0	transparent	offering prayer	Andrews 1922 bracket	devout, religious; to worship	Andrews 1922; hawwiki usage (religion)	naʻau	traditional	False		Religious and sacred. Andrews' examples include consecrating luakini ('heiau poo kanaka'); modern use covers Christianity and religion in general. Keep the gloss neutral between traditional and Christian worship. pule#0 also lists 'spell', but the word is not sorcery. Andrews 1922 lists under the unmarked spelling 'hai' v. 6 'to act lasciviously', cross-referring to hoohai ('to carry one's self in such a way as to attract attention of one of opposite sex'), grouped with the proud/break senses that are probably modern haʻi; which modern root carries it is unverified. If P&E puts a sexual sense under hai (not haʻi), DESIGN §4.3 would exclude every hai· word.	Andrews plus clear modern use; spelling attested; transparent. Pending only the check on Andrews' 'act lasciviously' sense of hai (probably haʻi). If that clears, keep.	Confirm the headword haipule and its glosses (pious, devout; worship). Confirm that the lascivious/flirting sense in Andrews' 'hai' belongs to haʻi or hoʻohaʻi, not to hai 'to offer'.						
haipō	hai·pō	A*	002	doubtful	likely	haipō	inferred	unknown	hai#0	pō	transparent	night sacrifice	Andrews 1922 bracket [Hai, a sacrifice, and po, night]	a sacrifice offered at night	Andrews 1922	naʻau	archaic/obscure	False		Temple ritual. A bare 'night sacrifice' card reads as careless about sacred practice. pō also carries 'realm of the gods, chaos' (POLLEX PCE *poo) and Andrews' 'place of departed spirits'. Andrews 1922 lists under the unmarked spelling 'hai' v. 6 'to act lasciviously' (cross-ref. hoohai), grouped with the break/tell/proud senses that are probably modern haʻi; which modern root carries it is unverified. If P&E puts a sexual sense under hai (not haʻi), DESIGN §4.3 would exclude every hai· word (same note as haiao/haipule in batch-001).	Single 19th-c. source, obscure ritual term with no modern use, sacred subject, and the open question about a sense of hai. Its pair haiao was also held doubtful.	Is haipō in P&E (with haiao, day sacrifice)? Exact spelling: haipō or haʻipō? Does P&E list any sexual or flirting sense under hai (as opposed to haʻi)?						
haiʻai	hai·ʻai	A*	002	doubtful	doubtful	haiʻai	inferred	unknown	hai#0	ʻai	partial	food offering	Andrews 1922 bracket [Hai, to sacrifice, and ai, edible fruit]	offering made for a good harvest	Andrews 1922 sense 1 (to sacrifice that the earth may bring forth food)	naʻau	archaic/obscure	False		Ritual offering. Andrews 1922 lists under the unmarked spelling 'hai' v. 6 'to act lasciviously' (cross-ref. hoohai), grouped with the break/tell/proud senses that are probably modern haʻi; which modern root carries it is unverified. If P&E puts a sexual sense under hai (not haʻi), DESIGN §4.3 would exclude every hai· word (same note as haiao/haipule in batch-001).	Single source whose two senses look like two different words; spelling (hai vs haʻi) unknown; obscure ritual term with no modern attestation. Degree 15 makes it worth one P&E lookup, no more.	Is there a headword haiʻai (or haʻiʻai)? Which sense does P&E give: offering for crops, or tying food in bunches? If both, are they one word or two?						
hakakau	haka·kau	A*	002	keep-pending	likely	hakakau	inferred	unknown	haka#0	kau#1	partial	mount a perch	Andrews 1922 bracket (haka, elevated resting place + kau, get upon, mount)	rack; to perch on slender footing	Andrews 1922 (n. 1 place to hang things upon; v. 2 stand with a slender footing)	hana	unknown	False		Andrews n. 2 'a thin, tall man' could read as teasing about someone's body. Do not show it.	Plausible, partly transparent compound of two well-founded roots, but a single 1922 source with an unconfirmed spelling. Degree 3, so low priority for P&E.	Is hakakau a headword, spelled exactly so (no ʻokina/kahakō)? Does P&E give 'to perch, as on a narrow footing' and/or 'rack for hanging things'? Any Lit. reading?		y	keep-pending	hakakau		
hakakē	haka·kē	A*	002	doubtful	doubtful	hakakē	inferred	unknown	haka#0	unresolved	opaque			to stand on stilts; jump onto	Andrews 1922 (senses 1–2)	hele	unknown	False			Single source; the 'push' root is not in the inventory, so sense_b cannot be resolved; senses scattered and opaque; spelling (ē vs e) unconfirmed.	Is there a headword hakakē or hakake? Its senses? Does P&E analyse it as haka + kē, and is there a kē 'to push'?						
hakamoa	haka·moa	A*	002	keep-pending	likely	hakamoa	corroborated	either	unresolved	moa	partial	fowl quarrel	Andrews 1922 bracket (haka, to quarrel + moa, fowl); holds only if haka is the 'quarrel' sense	one-leg wrestling game; cockfighting	KSBE Kaʻiwakīloumoku (one-arm, one-leg wrestling match); Andrews 1922 (cock-fighting; sparring)	kanaka	traditional	False		Cockfighting is illegal and a live controversy in Hawaiʻi today. Lead with the Makahiki game sense, as KSBE does, rather than 'cockfight' alone.	Real and in current Makahiki use (KSBE, UH), partly transparent. Held because the first stone's sense is unresolved: 'haka, to quarrel' is not a root in the inventory, and the 'roost' parse is equally available. Word break also needs settling.	Headword: hakamoa or haka moa? Senses (cockfighting; boxing/sparring; the Makahiki game)? Does P&E give a Lit. reading, and does it take haka as 'quarrel' (cf. hakakā) or 'perch, roost'?	https://kaiwakiloumoku.ksbe.edu/article/essays-makahiki-let-the-games-begin | https://www.hawaii.edu/kawaihapai/hana-list/%CA%BBaha-makahiki/					
hakaʻōlelo	haka·ʻōlelo	A*	002	doubtful	doubtful	hakaʻōlelo	inferred	unknown	unresolved	ʻōlelo	partial	quarrel words	Andrews 1922 bracket (haka, to quarrel + olelo, word)	to accuse vehemently; a chief's informer	Andrews 1922 (v. and n.)	naʻau	archaic/obscure	False		Accusation and informing on people to a chief: handle neutrally if kept.	Single source; first-root sense unresolved and outside the inventory; obscure historical role; no modern attestation.	Is hakaʻōlelo (or haka ʻōlelo) in P&E? Senses? Which haka does P&E take it from: quarrel or stare?						
hakuhale	haku·hale	A*	002	keep-pending	likely	hakuhale	inferred	unknown	haku#0	hale	transparent	master of the house	Andrews 1922 bracket and definition	master or owner of a house	Andrews 1922	kanaka	unknown	False			Transparent and plausible, but a single 1922 source, possibly a free phrase, word break unknown. Degree 10.	Is haku hale / hakuhale a headword or sub-entry (under haku or hale)? One word or two? Gloss (householder, landlord)?						
hakumele	haku·mele	A*	002	keep	yes	haku mele	attested	2	haku#2	mele#0	transparent	compose song	Andrews 1922 bracket [Haku, to compose, and mele, a song]	to compose songs; a composer	Andrews 1922; KSBE (haku mele = composers)	naʻau	traditional	False			Two independent sources plus heavy, consistent modern use; spelling attested; transparent; no exclusion concern. Only P&E's exact sub-entry is left to confirm. Degree 3 only.	Confirm the sub-entry 'haku mele' (two words) and its glosses (to compose songs; composer, poet).	https://www.ksbe.edu/article/n-hk-hanohano-nominees-perpetuate-haku-mele-tradition | https://scholarspace.manoa.hawaii.edu/server/api/core/bitstreams/6a03981c-e81b-4352-b3fa-eeb263c63dc4/content					
hakuone	haku·one	A*	002	keep-pending	likely	hakuone	corroborated	either	unresolved	one	opaque			plot farmed for the konohiki	Steele 2015; Farrant 2020 (after McGregor 2007); Andrews 1922 ('cultivated for the chief')	ʻāina	traditional	False		Tribute labour within the land-tenure system. Sources differ on whose plot it was: konohiki (Steele, Farrant) or chief (Andrews). Keep the gloss to the sources.	Well attested traditional land term (Andrews + two UH Mānoa works), but the first root's sense is unresolved: Andrews says haku 'lump' (haku#1); the meaning suggests haku 'lord' (haku#0); no source states it. Opaque under the only stated etymology. Word break split.	Headword spelling: hakuone or haku one? Gloss (land farmed for the konohiki vs for the chief)? Does P&E give a Lit. reading, and which haku (lord, or lump)?	https://scholarspace.manoa.hawaii.edu/bitstreams/af92adf9-1fe3-4603-8f59-d266e607e332/download | https://scholarspace.manoa.hawaii.edu/server/api/core/bitstreams/ccc3e123-e226-4506-b02d-cf7c71d6d301/content	y	keep-pending	hakuone		
hakuwahine	haku·wahine	A*	002	keep-pending	likely	haku wahine	corroborated	either	haku#0	wahine	transparent	female master	Andrews 1922 definition (bracket haku, lord + wahine, female)	female head; wife of a chief	Andrews 1922	kanaka	unknown	False		Andrews' English 'a mistress' (1922 sense: female master) must never reach the card: modern English 'mistress' carries a sexual sense.	Transparent, but a single 1922 source plus one translated-title hit; probably a free phrase. Word break unsettled.	Is 'haku wahine' a sub-entry (one word or two)? Gloss (female overseer, chiefess, lady of the house)? Is it treated as a unit or as haku + wahine?						
hakuʻāina	haku·ʻāina	A*	002	keep-pending	yes	haku ʻāina	corroborated	2	haku#0	ʻāina	transparent	lord of the land	Andrews 1922 bracket [Haku, lord, and aina, land]	land steward under a chief	Andrews 1922; Steele 2015 ('land stewards')	kanaka	traditional	False		Part of the land-tenure hierarchy, later reshaped into landlordism. Prefer 'land steward' (Steele, Andrews) over 'landlord'.	Two independent sources (Andrews; Steele with 19th-c. citations), transparent, no exclusion concern. Pending only P&E's headword form: one word or two.	Headword form: haku ʻāina (two words) or hakuʻāina? Gloss (landlord / land overseer under a chief)?	https://scholarspace.manoa.hawaii.edu/bitstreams/af92adf9-1fe3-4603-8f59-d266e607e332/download					
hakuʻōlelo	haku·ʻōlelo	A*	002	keep-pending	likely	haku ʻōlelo	corroborated	2	haku#2	ʻōlelo	transparent	put words together	Andrews 1922 bracket [Haku, to put together, and olelo, words]	one who composes words; a writer	Andrews 1922 n. 1; hawwiki usage	naʻau	unknown	False		Andrews' main verb sense is 'to defame, slander' (n. 2 'false accuser'). That is not a slur, but a reader may know it: show the neutral sense, and let a kumu decide whether the other sense makes the word awkward.	Andrews plus light modern use; transparent. Needs P&E to say whether the neutral 'compose words' sense is standard or the 'fabricate, slander' sense dominates, and to confirm the two-word form.	Is 'haku ʻōlelo' a sub-entry? Which senses: compose text, writer / fabricate, slander? One word or two?						
halealiʻi	hale·aliʻi	A*	002	keep	yes	hale aliʻi	attested	2	hale	aliʻi	transparent	chief's house	Andrews 1922 definition	chief's house; palace	Andrews 1922; hawwiki usage	hana	traditional	False		Royal. As a capitalised name (Hale Aliʻi, ʻIolani Palace) it touches the overthrow of 1893. Show it only as the common noun.	Andrews plus consistent, heavy modern use; spelling attested; transparent; degree 24.	Confirm the sub-entry 'hale aliʻi' (two words) and its gloss (chief's house, palace).						
halehau	hale·hau	A*	002	doubtful	doubtful	halehau	inferred	unknown	hale	unresolved	partial	house of hau wood	Andrews 1922 sense 1	hau-wood house for the gods	Andrews 1922 sense 1	hana	archaic/obscure	False		Sacred: a house where divine honours were paid, and a goddess's (Poliʻahu's) house in a moʻolelo. Sense 2 is close to a proper name (§4.3). DESIGN §8 keeps deity imagery off the page.	Single source; the hau root differs between the two senses, so the stone's identity is unresolved; sacred and near-proper-name content; no modern attestation. Degree 20, but the word is unsuited to the piece's tone.	Is halehau in P&E? With which hau (tree or ice)? Is the Poliʻahu house treated as a name?						
halekaua	hale·kaua	A*	002	keep-pending	likely	halekaua	inferred	unknown	hale	kaua	transparent	war house	Andrews 1922 bracket [Hale, house, and kaua, war]	fort; fortification	Andrews 1922	hana	unknown	False		War: mild.	Transparent and plausible, but a single 1922 source with no modern attestation; word break unknown. Degree 26 makes it worth checking early.	Is hale kaua / halekaua in P&E? One word or two? Gloss (fort, tower)? Is it marked as biblical?		y	keep-pending	halekaua		
halekaʻa	hale·kaʻa	A*	002	keep-pending	likely	hale kaʻa	corroborated	unknown	hale	kaʻa#0	transparent	carriage house	Andrews 1922 sense 3	carriage house; garage	Andrews 1922 sense 3	hana	19th-century coinage	False			Transparent, with a native root (kaʻa < PPN *taka 'roll') used for an introduced thing. A single dictionary source plus one unclear hit. Andrews' senses split between vehicle and building. Degree 23.	Is 'hale kaʻa' a sub-entry? Which sense: garage/carriage house or covered carriage? One word or two?						
halekia	hale·kia	A*	002	keep-pending	likely	halekia	inferred	unknown	hale	kia#0	transparent	pillar house	Andrews 1922 bracket and definition	pillared porch; veranda	Andrews 1922	hana	unknown	False		The root kia carries other senses in Andrews: n. 4 'a standing idol'; v. example 'do that man to death with a sorcerer's prayer'; snaring birds. They are not the sense shown here, but a kumu may want them noted. kia#2 'steer' and kia#3 'deer' are separate borrowed homographs and do not apply.	Transparent and plausible, but a single 1922 source with no modern attestation; word break unknown. Degree 20.	Is halekia / hale kia in P&E (portico, veranda)? One word or two? Is it marked biblical?						
halekula	hale·kula	A*	002	drop	yes	hale kula	attested	2	hale	kula#2	transparent	school house	Andrews 1922 bracket	schoolhouse	Andrews 1922	hana	19th-century coinage	True	Borrowing in the shown sense (§4.3): kula 'school' is kula#2, 'Borrowed from English school' (Wiktionary in dossier). The native kula#0 (plain, open country) is not the sense this compound uses.		A real, well-spelled word, but its second stone is the English loan 'school'. §4.3 excludes it, and a KULA stone here would also falsely link to kula 'open country'.	None needed for the piece. Optionally confirm 'hale kula' (two words), 'schoolhouse'.						
halelana	hale·lana	A*	002	keep-pending	yes	halelana	corroborated	1	hale	lana#0	transparent	floating house	Andrews 1922 definition (bracket hale, house + lana, to float)	the ark; a floating house	Andrews 1922; Hawaiian Bible, Genesis 6–8	hana	19th-century coinage	False		A Bible-translation coinage. It sits differently on a card whose quiet subject is words that crossed the Pacific; see DESIGN §10 q7 on coinages. lana#1 'frog' (a Latin loan) is a separate homograph and does not apply.	Real, transparent, attested in use (Bible) and in Andrews. Pending the modern word break and the project's decision on Bible coinages. Degree 24.	Headword halelana (one word) or hale lana? Gloss 'ark (Bib.)', 'floating house'?	http://kabaibalahemolele.blogspot.com/2014/					
halelepo	hale·lepo	A*	002	doubtful	likely	halelepo	inferred	unknown	hale	lepo	transparent	earth house	Andrews 1922 bracket [Hale, house, and lepo, earth]	mud-brick or adobe house	Andrews 1922	hana	unknown	True	Root lepo has an excretory sense in the dossier: Andrews 1922 lepo n. 2 'Dung; excrements' (Wiktionary: 'filth'). Under the task's either-root rule this flags the word, as alapiʻi was flagged in batch-000.	lepo is also the everyday word for dirt and soil. Whether the either-root rule should remove LEPO as a stone is a project decision, and it affects every lepo· compound.	On its merits a plausible keep-pending (transparent, degree 22), but held at doubtful by the excretory sense of lepo under the either-root rule, and it has only a single 1922 source.	Does P&E give lepo an excretory sense (excrement, feces)? Is hale lepo / halelepo a headword (adobe house)? One word or two?						
halelewa	hale·lewa	A*	003	keep-pending	likely	halelewa	inferred	unknown	hale	lewa	partial	swinging house	Andrews 1922 bracket [hale, house + lewa, swinging]	portable house; tent	Andrews 1922	hana	unknown	False		None for the compound. Andrews also gives lewa 'same as hoolewa, to carry for burial' (a funeral sense). It does not trigger §4.3.	One source, a plausible formation, and no modern attestation. The step from 'swinging/movable house' to 'tent' is reasonable but not literal. It competes with halelole, a synonym for the same thing. Needs P&E for existence, the word break and the gloss.	Is halelewa (or hale lewa) a P&E headword or sub-entry? One word or two? Gloss 'tent; portable house'? Any Lit. reading? Is it marked Biblical?		y	keep-pending	halelewa		
halelole	hale·lole	A*	003	keep-pending	likely	halelole	inferred	unknown	hale	lole	transparent	cloth house	Andrews 1922 bracket [hale, house + lole, cloth]	tent	Andrews 1922	hana	19th-century coinage	False		None. lole is native, not a loan (Wiktionary: likely from PPN *lole). Andrews glosses lole 'cloth, particularly foreign cloth', but the sense shown is just 'cloth'.	One source, transparent ('cloth house' = tent), and a clean root sense. No modern attestation, and the word break is unknown. Its register looks like mission-era Bible vocabulary (see reviewer_knowledge), which is fine but worth marking.	Headword: halelole or hale lole? Gloss 'tent'? Does P&E give Lit. 'cloth house'? Is it marked Biblical?						
halelua	hale·lua	A*	003	drop	likely	halelua	inferred	unknown	hale	lua#1	transparent	pit house; grave house	Andrews 1922 bracket [hale, house + lua, a pit or grave]	cave dwelling; tomb; grave	Andrews 1922	hana	unknown	True	Root lua#1 carries the sense 'toilet' in the dossier's Wiktionary senses (excretory). The task's either-root rule flags it. In Hawaiʻi English and Pidgin, 'lua' is the everyday word for a toilet, so a reader may take 'hale lua' as 'outhouse' (that last point is reviewer knowledge, unverified for the compound). | Two of Andrews' three senses are about burial (a house over a grave, a vault for the dead, a grave).	Burial places and iwi kūpuna are among the most sensitive subjects in Hawaiian culture, and burial caves are protected. Even apart from the toilet reading, a kumu would not want this word tumbling on a board. The lua#1 'toilet' flag reaches every lua 'pit' word, including DESIGN §4.5's own example luapō. That is a policy call for the team.	Andrews only, no modern use, and its senses are burial ones. The pit root also carries a toilet sense that a modern reader may well hear in 'hale lua'. It fails §4.3 under the either-root rule and fails the sensitivity read regardless.	Low priority. If checked: is 'hale lua' in P&E, and with which senses (cave dwelling / tomb / something modern)? For the root-level rule: does P&E's lua 'pit' entry include toilet or outhouse?						
halelāʻau	hale·lāʻau	A*	003	doubtful	yes	hale lāʻau	attested	2	hale	lāʻau	transparent	house of wood	Andrews 1922 bracket [hale, house + laau, wood, timber]	wooden house, not thatched	Andrews 1922 ('in distinction from a grass-covered house')	hana	19th-century coinage	True	Root lāʻau: POLLEX's Hawaiian gloss for PPN *raqa-kau 'wood' lists 'male erection' among its senses (dossier roots.lāʻau.pollex). The task's either-root rule flags it, as with piʻi in batch-000.	The compound itself is innocent and historically apt: the first frame houses, such as the 1821 Mission House. The flag rests on one sense in the root's gloss list. Applied strictly, it removes lāʻau (tree, wood, medicine) from every word on the board. Policy call for the team.	On its own merits this is a keep: two sources, attested two-word modern spelling, transparent, degree 25. It is held at doubtful only by the either-root sexual-sense rule applied to lāʻau. If the team rules that a secondary sense listed by POLLEX does not exclude a root this common, make it keep (and confirm it is a lexical item, not a free phrase). If the rule stands strict, drop.	Is 'hale lāʻau' a P&E sub-entry under hale, or only a free phrase? For the root-level exclusion call: does P&E's lāʻau entry carry the 'male erection' sense that POLLEX quotes?	https://historichawaii.org/article/the-oldest-surviving-wood-frame-structure-in-hawaii-reaches-its-bicentennial-milestone/					
halemalu	hale·malu	A*	003	keep-pending	likely	halemalu	inferred	unknown	hale	malu	transparent	shady house	Andrews 1922 bracket [hale, house + malu, cool; shady]	shaded house; shed	Andrews 1922	hana	unknown	False		None. Andrews also has a differently stressed malu (ma-lu') 'secret, unlawful', and POLLEX notes 'protected by taboo'. Neither is the sense used here.	One source, transparent, clean root sense, degree 18. No modern attestation, and the word break and even the exact form are unknown. Needs P&E.	Does P&E list hale malu at all, or only a reduplicated form (e.g. with malumalu)? One word or two? Gloss 'shed; shady house'?						
halemoe	hale·moe	A*	003	keep-pending	likely	hale moe	corroborated	2	hale	moe	transparent	sleeping house	Andrews 1922 bracket [hale, house + moe, to sleep]	sleeping house	Andrews 1922	hana	traditional	False		Wiktionary's moe senses include 'to marry' and 'to die'. Neither triggers §4.3. Check whether P&E gives moe a sexual sense ('to sleep with'), which would trigger the either-root rule for every moe word.	Real and transparent, and Andrews places it in the traditional kauhale. Modern sources prefer 'hale noa' for the family sleeping house, so P&E should confirm hale moe is a recognised term. The spelling rests on one building name.	Is 'hale moe' a P&E sub-entry under hale? How does P&E distinguish it from hale noa? For the root rule: does P&E's moe entry include a sexual sense?	https://npshistory.com/publications/hawaii/greene/glossary.htm | https://www.hawaiialive.org/resource/hale-pili					
halemākaʻi	hale·mākaʻi	W	003	keep	yes	hale mākaʻi	attested	either	hale	mākaʻi	transparent	police house	Wiktionary etymology: hale 'house' + mākaʻi 'police officer'	police station	Wiktionary; Kauaʻi Now Hawaiian Word of the Day	hana	unknown	False		None for §4.3. mākaʻi is native, not a loan (POLLEX: PPN *maata-ki 'visit, inspect'). The card quietly teaches mākaʻi (police) against makai (seaward), which Kauaʻi Now makes a point of. It is an institutional, modern-feeling word next to the older vocabulary.	Two sources (Wiktionary and modern use), the modern spelling is attested, transparent, no exclusion concern, degree 18. Only the one-word/two-word caption needs settling.	Headword spelling: hale mākaʻi (two words) or halemākaʻi? Is it in P&E, or only in Māmaka Kaiao?	https://kauainownews.com/2023/02/11/hawaiian-word-of-the-day-for-feb-11-maka%ca%bbi/ | https://hawaiipolice.gov/contact-us/police-stations	y	keep-pending	hale mākaʻi		
halepahu	hale·pahu	A*	003	doubtful	likely	hale pahu	corroborated	2	hale	pahu#0	partial	drum house	NPS Greene glossary ('drum house in courtyard of luakini'). Andrews' bracket would instead read 'box house'.	drum house of a luakini temple	NPS Greene glossary	hana	traditional	False		The better-documented sense is a structure on a luakini, the war temple that NPS notes was dedicated through human sacrifice. That is not sorcery or death-prayer under §4.3, but it is sacred, kapu architecture, and a kumu may not want it tumbling playfully. Andrews' sense, a refuge in war, is also a war word.	The meaning is unsettled: drum house of a heiau (NPS) or wartime refuge (Andrews, from a 'box' etymology). The two give different parts rows (pahu 'drum' or pahu 'box'), though both senses sit under pahu#0. The modern-attested sense belongs to luakini ritual architecture, which needs a sensitivity read.	Which sense does P&E give for hale pahu: drum house of a heiau, house of refuge in war, or both? One word or two? If drum house, is it specific to luakini?	https://npshistory.com/publications/hawaii/greene/glossary.htm					
halepiʻo	hale·piʻo	A*	003	keep-pending	likely	hale piʻo	corroborated	2	hale	piʻo	transparent	arched house	Andrews 1922 bracket [hale, house + pio, an arch]; Leong Leong project name 'Hale Pi'o (arched house)'	house framed with bent poles	Andrews 1922	hana	traditional	False		Andrews gives piʻo a second noun sense, 'an incestuous offspring'. That is a missionary framing of the piʻo chiefly rank, the offspring of a sibling union and of the highest kapu (rank detail is reviewer knowledge, unverified). I did not treat it as a sexual sense, but a strict reader might, so it is flagged for the P&E check.	Andrews plus one modern use of the exact phrase with the same meaning ('arched house'), by Kanaka Maoli builders. Transparent, clean root sense, degree 18. P&E should confirm it is a recognised house type and how it is written.	Is 'hale piʻo' in P&E (one word or two), glossed as a bent-pole/arched house? For the root rule: how does P&E word piʻo's chiefly-rank sense?	https://leong-leong.com/?p=3324					
halepule	hale·pule	A*	003	keep	yes	hale pule	attested	2	hale	pule#0	transparent	prayer house	Andrews 1922 ('A prayer house'; bracket [hale, house + pule, to pray])	church; house of worship	Hawaiʻi Public Radio Hawaiian Word of the Day; Andrews 1922	hana	unknown	False		Religious, plainly so. Wiktionary's pule#0 includes 'spell', but the compound uses prayer and worship. The root is not itself sorcery under §4.3.	Three independent attestations (Andrews, HPR, wide Hawaiian Wikipedia use), attested two-word spelling, transparent, no exclusion concern, degree 20. DESIGN §2 already cites it as a two-word compound.	Confirm the sub-entry 'hale pule' (two words) and its gloss (church; meeting house). Any Lit. reading?	https://www.hawaiipublicradio.org/hawaiian-word-of-the-day-august-5th					
halepāpaʻa	hale·pāpaʻa	A*	003	doubtful	doubtful	halepāpaʻa	inferred	unknown	hale	unresolved	partial	secure house	Andrews 1922 bracket [hale, house + papaa, secure]	storehouse	Andrews 1922	hana	unknown	False		None. pāpaʻa#0 includes 'scab', which does not trigger §4.3.	The second stone cannot be identified. Neither Wiktionary homograph of pāpaʻa means 'secure'. The spelling of the 'secure' word is unknown, and it may itself be pā- + paʻa (prefix-built, against ROOTS.md step 5).	Is the 'tight, secure (as an enclosure)' word spelled pāpaʻa or papaʻa? Does P&E list 'hale pāpaʻa' / 'hale papaʻa' = storehouse, one word or two? Is it marked Biblical?						
hamoʻula	hamo·ʻula	A*	003	keep-pending	likely	hamoʻula	inferred	unknown	hamo	ʻula#0	transparent	rubbed red	Andrews 1922 bracket [hamo, rubbed over + ula, red]	red-stained tapa; red dye	Andrews 1922	hana	traditional	False		None. Wiktionary's hamo includes 'to stroke, to caress' and 'to butter up, flatter'. Neither is sexual as given.	One source, transparent, a kapa-craft word that fits the hana field. The spelling, the word break, and whether P&E gives the same sense all need checking.	Headword: hamoʻula (one word, ʻokina on ʻula)? Does P&E confirm the red-tapa / red-dye sense? (A search snippet from an unvetted glossary claimed a different sense, red fishing bait. It was not counted, but check it.)						
hanahiō	hana·hiō	A*	003	drop	doubtful	hanahiō	inferred	unknown	hana#0	hiō	transparent			to slant; cut at an angle	Andrews 1922	hana	unknown	True	Possible excretory root sense: Andrews' noun Hio (hi'-o) sense 3 is 'a passage of wind from the bowels'. Andrews stresses it differently from hiō 'lean' (hi-o'), so it may be a separate word (hio, no kahakō) and not touch the HIŌ stone. Unconfirmed. | Andrews itself labels the word not idiomatic, so it is effectively not a Hawaiian word.	None beyond the possible root homograph above.	The only source flags it as not idiomatic, and it is a verb phrase ('make lean'), not a compound. Degree 3 adds little.	Low priority. Only for the root: is the 'wind from the bowels' word P&E's hio (short vowel) or hiō? That decides whether the HIŌ stone is affected elsewhere.		y	drop	hanahiō	drop	Drop on lexical grounds. Andrews marks both entries '(Not idiomatic.)', it is hana + verb used as a causative phrase, and nothing else attests it. But no §4.3 exclusion applies. 'A passage of wind from the bowels' is sense 3 of Andrews' Hio (hi'-o) n., stressed on the first syllable, i.e. short vowels. Its senses 1–2 ('downward wind', 'inside corner of a house') are exactly P&E's hio 'blow in gusts, inside corners of house' (POLLEX, PNP *fio 'whistle'). Hiō 'lean' is Andrews' Hio (hio') v. / (hi-o') adj., stressed on a long final vowel. That is a different root, a different modern spelling and a different stone. The first reader's other exclusion reason, 'not idiomatic', is a reason for is_compound doubtful / verdict drop, not a §4.3 rule.
hanamana	hana·mana	A*	003	keep	yes	hana mana	attested	2	hana#0	mana#0	transparent	work of divine power	Andrews 1922 bracket [hana + mana, super-natural power] and sense 1 'a work of the gods'	miracle; a work of the gods	Andrews 1922	naʻau	traditional	False		mana is a weighty spiritual concept. Andrews' sense 1 ties it to the gods and to chiefs revered as gods. Modern use is largely the Christian 'miracle' (Andrews marks that sense Biblical). Gloss it plainly, without 'mystical' colouring (DESIGN §8). Not sorcery.	Two attestations in Andrews plus clear modern use, attested two-word spelling, transparent, and the root senses are unambiguous. Degree 4 is low but usable with the lowered deal bound.	Confirm the sub-entry 'hana mana' (two words, under hana or mana) and its gloss (miracle; to work miracles). Any Lit.?						
hanawale	hana·wale	A*	003	drop	no	hana wale	corroborated	2	hana#0	unresolved	transparent	work only	Andrews 1922 bracket [hana + wale, only]	work done for nothing	Andrews 1922	hana	unknown	True	Grammatical (§4.3): wale here is a postposed particle ('only, just, without cause'). | The only wale homograph in the dossier is 'any bodily secretion or mucus including phlegm, saliva', which is at least borderline excretory. That is the sense a WALE stone's card would carry.	None beyond the above.	A verb plus a grammatical particle, not root + root. The listed sense of the wale stone is bodily secretion, so the parts row would be wrong or unpleasant either way.	None needed.						
hanupau	hanu·pau	A*	003	doubtful	likely	hanupau	inferred	unknown	hanu	pau	transparent	breath finished	Andrews 1922 bracket [hanu, to breathe + pau, to finish]	last gasp of the dying	Andrews 1922	kanaka	unknown	False		About dying: the death gasp, the giving up of the spirit. Not death-prayer under §4.3, but a kumu might want it handled with care, or not tumbling into and out of lighter words on an art board.	One source, no modern use, and Andrews' example may be a descriptive phrase rather than a fixed word. Degree 2 gives it almost no board value, and the subject is heavy for the piece's tone. Not worth a P&E lookup ahead of other words.	Low priority. Is hanupau / hanu pau in P&E, and with what sense?						
hanupaʻa	hanu·paʻa	A*	003	keep-pending	likely	hanupaʻa	inferred	unknown	hanu	paʻa	partial	tight breath	Andrews 1922 bracket [hanu + paa, tight]; hanu 'breath' from Andrews' hanu entry	a head cold; catarrh	Andrews 1922	kanaka	unknown	False		Illness, but mild (a cold). Introduced respiratory epidemics are a painful history, though nothing here points to them.	One source, a reasonable formation ('tight breath' for a stuffed-up cold), degree 18. The spelling, the word break and the modern sense all need P&E.	Is it hanupaʻa or hanu paʻa? Is P&E's sense 'a cold / catarrh', or something else (e.g. asthma, or holding one's breath)?	https://scholarspace.manoa.hawaii.edu/items/0ee38c90-4a02-4d2a-afe8-e2eade193460/full					
haomanamana	hao·manamana	A*	003	keep-pending	likely	haomanamana	inferred	unknown	hao#0	manamana#1	transparent	branching iron	Andrews 1922 bracket [hao, iron + manamana, divided] and 'so called from the divided irons'	gridiron	Andrews 1922	hana	19th-century coinage	False		None.	One source, transparent, and Andrews explains the naming. A name for an introduced iron utensil. Obscure today, low degree (4). Needs P&E for existence and spelling.	Headword haomanamana or hao manamana? Gloss 'gridiron'? Is manamana here 'branching/divided' rather than 'finger'?						
haowaha	hao·waha	A*	003	keep-pending	likely	haowaha	inferred	unknown	hao#0	waha#0	transparent	mouth iron	Andrews 1922 bracket [hao, iron + waha, mouth]	bridle bit	Andrews 1922	hana	19th-century coinage	False		None.	One source, transparent, a name for introduced horse tack. Wiktionary's hao#0 already includes 'a bit', so haowaha is the specific term. Degree 5. Needs P&E.	Headword haowaha or hao waha? Gloss 'bridle bit'?		y	keep-pending	haowaha		
haowale	hao·wale	A*	003	drop	no	haowale	inferred	unknown	hao#1	unresolved	transparent	robbing without cause	Andrews 1922 bracket [hao, to rob + wale, without cause]	robbery; ruthless plunder	Andrews 1922	naʻau	unknown	True	Grammatical (§4.3): wale here is a postposed particle ('without cause'). | The only wale homograph in the dossier is 'any bodily secretion or mucus including phlegm, saliva', which is borderline excretory and would be the WALE stone's card sense.	Plunder. Andrews' hao entry recalls chiefs despoiling commoners ('Hao ke Koolau'). Not excluded on that alone.	A verb plus a grammatical particle, not root + root. Same problem as hanawale.	None needed.						
haupia	hau·pia	W	004	keep-pending	likely	haupia	attested	1	hau#0	pia#0	partial		No source gives a literal reading. The parts are hau 'ice, dew' + pia 'arrowroot' (Wiktionary etymology). 'Ice/dew arrowroot' doesn't add up to coconut pudding, so leave the parts row unread until Pukui & Elbert is checked.	pudding of coconut cream and starch	Wiktionary: 'traditional pudding made with starch and coconut cream'; Andrews–Parker: 'Arrow-root and coconut milk mixed together and baked for food'.	ulu	traditional	False	None for the sense shown. pia#1 'beer' is an English loan homograph and pia#2 'stork' is unrelated; neither is the root used, but the PIA stone must link only with pia#0 (arrowroot) words.		Every speaker knows the word and the spelling is certain. But the hau stone's identity rests only on Wiktionary's 'ice, dew'. If that is a folk etymology, the HAU stone would wrongly link haupia to hau 'dew' words.	Does P&E give an etymology or 'Lit.' for haupia? If it does, which hau: 'cool', 'dew/ice', or another? If it gives none, treat haupia as opaque (no parts row, no hau link).						
hauʻeli	hau·ʻeli	A*	004	keep-pending	likely	hauʻeli	inferred	unknown	hau#0	ʻeli	partial	dug-up frost	Andrews–Parker 1922 bracket: 'Hau, frost, snow, ice, and eli, to dig'.	a salt dug from cave rocks	Andrews–Parker: 'The native Glauber salts which are dug up out of caverns in the rocks on the island of Hawaii.'	ʻāina	archaic/obscure	False		Glauber's salt (sodium sulphate) is known in Western medicine as a purgative. If P&E records a medicinal or purgative use for hauʻeli, re-screen it under the excretory rule. Andrews gives no use.	Plausible single-source compound with an inferred spelling and an obscure referent. Keep only if P&E lists it. If P&E lacks it, drop.	Is hauʻeli a P&E headword (ʻokina on eli? one word?)? Same meaning (native Glauber salt / mineral salt dug in caves)? Lit. 'dug frost' or similar? Any medicinal note?	https://www.researchgate.net/publication/267261635_Secondary_Minerals_in_Volcanic_Caves_Data_from_Hawai%27i					
hauʻole	hau·ʻole	A*	004	doubtful	doubtful	hauʻole	inferred	unknown	hau#0	ʻole	transparent	without dew	Andrews–Parker 1922 bracket ('Hau, frost, dew, etc., and ole, not') and its definition 'Without dew'.	dewless, as barren ground	Andrews–Parker: 'Without dew, as a barren place.'	ʻāina	unknown	True	Second element is the negator ʻole (Andrews: 'A word used in denial; no, not'). Functionally it is grammatical (DESIGN §4.3 particles). Whether X-ʻole words count is a project-level decision, and it affects the whole high-degree ʻole family. | The gloss teaches almost nothing beyond its parts ('without dew').		Likely a free phrase, not a lexeme. Andrews-only, spelling inferred, built on a negator. Its degree of 10 is inflated by the productive ʻole family.	Does P&E list hauʻole (or hau ʻole) as a headword or sub-entry, or only as a phrase? If listed: one word or two?						
hauʻoli	hau·ʻoli	W	004	keep-pending	likely	hauʻoli	attested	1	unresolved	ʻoli	partial		No reliable literal reading. Wiktionary's hau 'temperament' is unsupported elsewhere, and Andrews reads the second part as oli 'to sing'.	happy, glad; joy	Wiktionary: 'happiness, joy; happy'; Andrews–Parker: 'Joyous; glad', 'Joy; rejoicing; gladness'.	naʻau	traditional	False			The word is beyond question: common, attested and transparent in its ʻoli half. What blocks a keep is that the HAU stone cannot be identified. Linking it to hau 'dew' or 'hibiscus' would contradict the card. It needs either its own glossary line (hau 'temperament') confirmed by P&E, or display without a parts row.	Does P&E give an etymology or Lit. for hauʻoli? Is there a hau entry meaning 'temperament, mood', or is hau here unexplained? Confirm the second part is ʻoli 'joy', not oli 'chant'.						
haʻiinoa	haʻi·inoa	A	004	doubtful	likely	haʻiinoa	attested	1	unresolved	inoa	transparent	declaring a name	Andrews–Parker 1922 bracket: 'Hai, to declare, and inoa, name'.	noun (in grammar)	Andrews–Parker: 'A noun'; Wiktionary: 'noun'.	naʻau	19th-century coinage	True	The root sense needed (haʻi 'to tell, declare'; Andrews hai v. 3 'to narrate; to tell') sits in the same Andrews entry as sense 6 'To act lasciviously'. Under §4.3 a sexual sense of the spelling removes the word. Hold until P&E shows whether any haʻi carries that sense. | Metalinguistic gloss ('noun') teaches little on a card.	Same caution applies to every haʻi word in the list.	Degree 1. Its meaning is unstable (noun in 1922, apparently pronoun in the one modern use). The root sense 'tell' is missing from the dossier's homographs, so the HAʻI stone can't be identified. There is also a possible exclusion through haʻi.	Is haʻiinoa a P&E headword; one word or two? Does it mean 'noun' or 'pronoun'? Does P&E give haʻi 'to tell' and haʻi 'to break' as separate entries, and does any haʻi have a sexual sense (Andrews: 'to act lasciviously')?		y	drop	haʻiinoa		
haʻiʻole	haʻi·ʻole	A*	004	drop	doubtful	haʻiʻole	inferred	unknown	haʻi	ʻole	opaque		Andrews gives parts only ('to break' + 'not'), and they don't yield the sense 'wilful'.	wilful, disobedient	Andrews–Parker: 'Wilful; impudent; disobedient'.	naʻau	archaic/obscure	True	haʻi in Andrews–Parker carries 'To act lasciviously' (v. 6) under the same entry (see haʻiinoa). This is pending P&E. | Second element is the negator ʻole (functionally grammatical; project-level decision).	The gloss 'impudent' is a character judgement. Harmless, but it reads as an insult word.	Three independent problems: it is opaque (fails the transparent-compound rule in ROOTS.md), it is single-source with OCR noise and an inferred spelling, and it carries the haʻi and ʻole concerns. Degree 8 doesn't rescue it.	Only if a recheck is wanted: does P&E list haʻiʻole 'stubborn, disobedient', and with what Lit. or which haʻi?						
heiheinalu	heihei·nalu	A*	004	keep-pending	likely	heiheinalu	inferred	unknown	heihei	nalu#0	transparent	racing the surf	Andrews–Parker 1922 bracket: 'Heihei, to run, and nalu, surf'. Wiktionary root heihei: 'race; to race'.	to race on surfboards	Andrews–Parker sense 2: 'To race on surf-boards'.	kai	unknown	False		nalu has a separate homograph for birth fluids (Andrews–Parker: 'the slimy liquid on the body of a new born infant'; POLLEX PPN *ranu 'amnion, amniotic fluid; meconium'). It is a different root from nalu 'wave', but the NALU stone is spelled the same; flag for the kumu read.	Transparent, unproblematic and attested in 1922. Spelling and word break are unconfirmed, and its degree of 1 gives it little board value.	Is it in P&E as heihei nalu (two words) or heiheinalu? Gloss 'surfing race / to race on surfboards'?						
helekū	hele·kū	W	004	keep-pending	likely	helekū	attested	1	hele	kū#0	transparent	walk standing	Wiktionary etymology: hele ('to walk') + kū ('to stand').	to walk upright	Wiktionary: 'to walk upright'.	hele	unknown	False	None. kū#1 'stew' is an English loan homograph, not the root used.		Clean and transparent, with degree 7, but its only source is crowd-edited and it has no use in any text found. It needs P&E or Māmaka Kaiao to confirm it exists and to set its register.	Is helekū in P&E? If not, is it in Māmaka Kaiao (e.g. for 'bipedal')? If so, mark it a modern coinage. Confirm one word and the kahakō on kū.						
helewale	hele·wale	A*	004	drop	doubtful	hele wale	inferred	either	hele	unresolved	partial	going in one's natural state	Andrews–Parker 1922 bracket: 'Hele, to go, and wale, in the condition one is in naturally'.	to go about aimlessly	Andrews–Parker sense 3: 'To go or be anywhere without any fixed purpose'.	hele	unknown	True	The second element is the grammatical particle wale (DESIGN §4.3: particles). | The only wale root in the dossier is 'any bodily secretion or mucus including phlegm, saliva'. A WALE stone would be read that way (bodily secretion, borderline excretory). | Compound sense 1 is 'to go about destitute of clothing; to be naked'.	Nakedness and poverty senses ('to be poor; to be in need').	A free phrase built on a grammatical particle, as Andrews itself notes. Its degree of 13 comes only from the bogus wale link.	None needed. If anything, confirm P&E treats hele wale as a phrase.						
heluhōʻike	helu·hōʻike	A*	004	doubtful	doubtful	heluhōʻike	inferred	unknown	helu#0	hōʻike	transparent	counting-show	Andrews–Parker 1922 bracket: 'Helu, to count, and hoike, to show'.	abacus	Andrews–Parker: 'An abacus, a frame with strings of counters, used as an aid in solving questions in arithmetic'.	hele	19th-century coinage	False			Degree 1 and three morphemes (hō- is a prefix, the thing DESIGN keeps off the stones). It names an introduced object, and modern use of the phrase means something else. Register is inferred from the referent.	Is heluhōʻike (abacus) in P&E? One word or two? Is 'helu hōʻike' listed with a different sense?						
heʻenalu	heʻe·nalu	W+A	004	keep	yes	heʻe nalu	attested	2	heʻe#1	nalu#0	transparent	wave sliding	Wiktionary etymology: heʻe ('to slide, to surf') + nalu ('wave'). Kumukahi: 'Sliding across the face of a wave'.	surfing; to ride a surfboard	Andrews–Parker: 'Surfing, the ancient and modern pastime of riding on a surf-board'; 'To ride on a surf-board'. Wiktionary: 'surf'.	kai	traditional	False		Andrews–Parker lists 'The menses' (n. 2) among the senses of hee. Wiktionary and POLLEX don't. That is a §4.3 question (genital/bodily) for the kumu read and P&E check, not an exclusion on the dossier's evidence. nalu has a separate homograph for birth fluids (Andrews–Parker: 'the slimy liquid on the body of a new born infant'; POLLEX PPN *ranu 'amnion, amniotic fluid; meconium'). It is a different root from nalu 'wave', but the NALU stone is spelled the same; flag for the kumu read. The HEʻE stone must not link with heʻe#0 'octopus'.	Two independent analyses, attested modern two-word spelling, transparent, and a central cultural word. The only open items are the root-homograph cautions in the sensitivity note, which affect the stones rather than this word.	Confirm headword 'heʻe nalu' (two words) and the sense 'to surf; surfing'. Does P&E give heʻe a 'menses / menstruate' sense (Andrews n. 2)? If so, decide §4.3 for every heʻe word.	https://www.hawaii.edu/kawaihapai/hana-list/he%CA%BBe-nalu/ | https://kumukahi.org/units/na-kanaka/mauli-ola/hee-nalu	y	keep	heʻe nalu		
heʻewale	heʻe·wale	A*	004	drop	doubtful	heʻewale	inferred	unknown	heʻe#1	unresolved	partial	merely flowing	Andrews–Parker 1922 bracket: 'Hee, to run, flow, and wale, only'.	to flee in cowardice	Andrews–Parker v. 2: 'To flee, as a coward in time of danger'.	hele	unknown	True	The second element is the grammatical particle wale. | Compound senses include 'a miscarriage; a premature birth' and 'to bring forth young prematurely' (Andrews). Reproductive loss. | A WALE stone would be read as the dossier's wale 'bodily secretion, mucus'.	Miscarriage sense; cowardice. heʻe 'menses' (Andrews), as in heʻe nalu.	Verb + grammatical particle, with a miscarriage sense. Its degree of 13 comes only from the false wale link.	None needed.						
hikiana	hiki·ana	A*	004	drop	no	hiki ana	inferred	2	hiki	unresolved	partial	the sun's coming	Andrews–Parker: 'ka hiki ana (a ka la), the coming (of the sun)'.	the east, where the sun rises	Andrews–Parker: 'the east; the place of the sun's rising'.	lani	unknown	True	The second element is a grammatical particle (participial/nominalising ana). DESIGN §4.3.		Not a compound: a verb plus a grammatical particle, as the source says. Its degree of 15 comes from a false match with ana 'cave/measure'.	None needed.						
hikilele	hiki·lele	A*	004	keep-pending	likely	hikilele	corroborated	1	unresolved	lele	partial		Andrews glosses only lele ('to jump; to fly'). hiki's contribution isn't given anywhere, so there's no literal reading.	startled; to jump with fright	Andrews–Parker: 'To jump or start suddenly from surprise or fear'; Kamehameha Schools translation: 'startled'.	naʻau	traditional	False			The word, its meaning and its spelling are corroborated by reputable sources, and its degree of 14 makes it valuable. But hiki's sense in it is unknown. Linking the HIKI stone to hiki 'arrive / be able' words (hikimoe, hikiwale…) may be false.	Confirm the headword hikilele (one word, no ʻokina or kahakō). Does P&E give a Lit. or etymology? What does hiki contribute: the same hiki as 'arrive, reach', or something else?	https://kaiwakiloumoku.ksbe.edu/article/mele-nani-ka-huila-o-kilauea | https://manoa.hawaii.edu/ihlrt/hna3/article.php?id=132					
hikimoe	hiki·moe	A*	004	keep-pending	likely	hikimoe	inferred	unknown	hiki	moe	partial	arriving to lie down	Andrews–Parker 1922 bracket ('Hiki and moe, to lie down'); hiki 'to reach, arrive' from the Wiktionary root.	the west, where sun sets (poetic)	Andrews–Parker: '(Poetical only.) The west; place where the sun sets.'	lani	archaic/obscure	False		moe also means 'to die' and 'to marry' (Wiktionary). If P&E gives moe a 'sleep with / mate' sense, §4.3 would catch every moe word. The dossier shows none.	Plausible and evocative single-source poetic word, but spelling inferred and no modern literary use found.	Is hikimoe in P&E (poetic 'west; sunset')? One word? Lit.? Separately: does P&E give moe a sexual sense ('to sleep with')?	https://www.yelp.com/biz/hikimoe-center-waipahu					
hikiwale	hiki·wale	A*	004	drop	doubtful	hiki wale	inferred	either	hiki	unresolved	partial	merely arriving	Andrews–Parker 1922 bracket: 'Hiki and wale, merely'.	by chance, accidentally	Andrews–Parker: 'Accidentally; without design; by chance'.	hele	unknown	True	The second element is the grammatical particle wale. | A WALE stone would be read as the dossier's wale 'bodily secretion, mucus'.		Verb + grammatical particle. Its degree of 15 comes from the false wale link.	None needed.						
hinamoe	hina·moe	A*	004	drop	doubtful	hinamoe	inferred	unknown	hina#1	moe	partial	falling and lying down	Andrews–Parker 1922 bracket: 'Hina, to fall, and moe, to lie down'.	a place of death	Andrews–Parker sense 1: 'A place of death (often applied to volcanoes)'.	ʻāina	archaic/obscure	True	Mainly a proper or storied place: Pele's smoke at the foot of the sacred mountain Kamohoaliʻi (DESIGN §4.3 proper names). | Its only other sense is 'a place of death'. Sacred and death matter, which a card can't carry lightly.	Death. Pele and Kamohoaliʻi are akua, and the Kamohoaliʻi pali at Kīlauea is regarded as sacred.	Single-source, sacred and mythological place reference, plus a death sense.	None needed.	https://www.hawaii.edu/kawaihapai/akua-list/kamohoali%CA%BBi/	y	doubtful	hinamoe		
hiʻilani	hiʻi·lani	A*	004	keep-pending	likely	hiʻilani	inferred	unknown	hiʻi	lani	transparent	lifting on high	Andrews–Parker 1922 bracket: 'Hii, to lift up, and lani, on high'.	to exalt, praise, admire	Andrews–Parker sense 2: 'To exalt; to praise; to admire'.	naʻau	traditional	False		Today it is common mainly as a personal name. If P&E has no common-word entry, it becomes 'mainly a proper name' (§4.3). Chiefly connotation: 'as an infant chief'.	Transparent and warm, with degree 6. But it is single-source, the spelling is inferred, and modern use is mainly as a name.	Is hiʻilani a P&E headword as a verb or noun ('to hold in esteem, exalt'), not only a name? One word? Lit. 'lifted to heaven' or similar?						
hiʻipoi	hiʻi·poi	A*	004	keep-pending	likely	hiʻipoi	attested	1	hiʻi	unresolved	partial	hold and protect	Andrews–Parker 1922 bracket ('Hii and poi, to protect'), with hii 'to lift up and hold or carry in the arms' from Andrews' hii entry.	to tend and cherish	Andrews–Parker: 'To tend and feed, as a young child'; UH News: 'Cherish'; ScholarSpace: 'tend'.	kanaka	traditional	False			Word, spelling and meaning are attested. The POI stone can't be identified: Andrews makes it 'to cover, protect', a root missing from the dossier, while a popular reading would make it poi the food. Degree 1, so little board value.	Does P&E give an etymology or Lit. for hiʻipoi, and which poi: 'to cover, protect' or poi the food? Confirm one word.	https://www.hawaii.edu/news/2022/03/31/edith-kanakaole-to-be-minted-on-quarter/ | https://scholarspace.manoa.hawaii.edu/server/api/core/bitstreams/a7d558dd-b5b8-4659-a45f-7ac79a0fca5e/content					
hiʻumālolo	hiʻu·mālolo	A*	004	drop	doubtful	hiʻu mālolo	inferred	unknown	hiʻu	mālolo	transparent	flying-fish tail	Andrews–Parker 1922 bracket and definition.	a flying fish's tail fin	Andrews–Parker: 'The caudal fin of the flying-fish'.	kai	unknown	True	mālolo's Wiktionary senses include 'fickle person who leaps from mate to mate' (a sexual-conduct sense of the same word, §4.3). | The gloss teaches nothing beyond its parts.		A free noun phrase with degree 0, and the mālolo stone carries a sexual-conduct sense.	None needed. Separately, for the root list: does P&E give mālolo the 'fickle lover' sense? That affects every mālolo word.						
hoaaloha	hoa·aloha	A*	005	keep	yes	hoaaloha	attested	1	hoa#0	aloha	transparent	beloved companion	Andrews–Parker 1922: sense 2 "a beloved companion"; bracket [Hoa, companion, and aloha, to love]	friend	Andrews–Parker 1922 sense 1 "a friend"; Kamehameha Schools usage ("he mau hoaaloha lāua", they were friends)	kanaka	traditional	False			Andrews analyses it as these two roots, and modern use is strong and mostly one word. Both roots are unambiguous in this sense (hoa companion, aloha love). Nothing to exclude.	Headword spelling: hoaaloha (one word) or hoa aloha? Confirm the sense "friend" and whether P&E gives a Lit. reading such as "beloved companion". Note whether P&E treats hoaloha as its contraction (a possible duplicate on the board).	https://kaiwakiloumoku.ksbe.edu/article/moolelo-kona-aloha					
hoahana	hoa·hana	A*	005	keep	yes	hoa hana	attested	2	hoa#0	hana#0	transparent	companion in work	Andrews–Parker 1922 bracket [Hoa, companion, and hana, to work]	fellow worker; helper	Andrews–Parker 1922 senses 1 "a fellow laborer" and 2 "one that helps"	hana	traditional	False			Andrews headword plus consistent modern two-word use in the same sense. hana#0 ("work") is clearly the sense, not hana#1 ("warm").	Is "hoa hana" a sub-entry under hoa (two words)? Confirm the sense fellow worker or colleague.						
hoahanauna	hoa·hanauna	A*	005	keep-pending	likely	hoahanauna	inferred	unknown	hoa#0	hanauna	transparent	companion in kin	Andrews–Parker 1922 bracket [Hoa, companion, and hanauna, relations]	relatives of one's own people	Andrews–Parker 1922: "relatives of one's own clan, tribe or nation"	kanaka	unknown	False			A plausible, transparent compound, but Andrews is the only source and there is no modern trace. It nearly duplicates hoahānau in meaning. Low priority for the P&E check.	Is hoahanauna (or hoa hanauna) in P&E at all? If so, the spelling (hanauna with a short a?), the word break, and the sense "relatives of one's own people". Drop if absent.		y	keep-pending	hoahanauna		
hoahele	hoa·hele	A*	005	keep-pending	likely	hoa hele	inferred	unknown	hoa#0	hele	transparent	companion in going	Andrews–Parker 1922 bracket [Hoa and hele, to go]	fellow traveler	Andrews–Parker 1922 sense 1 "a fellow traveler"; Andrews s.v. hoa: "hoahele, a traveling companion"	hele	unknown	False			Transparent and plausible, but Andrews is the only real source. The word break is unknown. The flagged homograph is resolved to hoa#0 by Andrews' gloss "fellow traveler".	Listed as hoa hele or hoahele? Sense "traveling companion"?						
hoahānau	hoa·hānau	A*	005	keep	yes	hoahānau	attested	1	hoa#0	hānau	transparent	companion by birth	Andrews–Parker 1922 bracket [Hoa, companion, and hanau, to be born]	cousin; kinsman of one's generation	Hawaii News Now Word of the Day: "cousin or close relative of your generation"; Andrews–Parker 1922 "a kinsman; a blood relative"	kanaka	traditional	False		The modern church sense (fellow church member, "brother or sister") also exists. The card should show the kin sense.	Andrews analysis, plus reputable modern use with the kahakō attested (HNN, Ka Wai Ola). Transparent. hānau "to be born, birth" is not a sexual sense.	Headword hoahānau (one word, kahakō on the second a)? Senses: cousin, relative of the same generation, fellow church member. Is there a Lit. reading ("birth companion")?	https://www.hawaiinewsnow.com/2018/12/14/hawaiian-word-day-hoahnau/ | https://kawaiola.news/kaiaulu/halia-aloha/halia-aloha-april-2025/		keep-pending	hoahānau		
hoakaua	hoa·kaua	A*	005	keep-pending	likely	hoa kaua	corroborated	unknown	hoa#0	kaua	transparent	companion in war	Andrews–Parker 1922 bracket [Hoa, companion, and kaua, war]	fellow soldier; adversary in war	Andrews–Parker 1922 senses 1 "a fellow soldier" and 3 "an antagonist"; P&E must decide which to show	kanaka	unknown	False		War and enmity. Mild. The game seller claims "in Hawaiian there is no word for enemy", which is not a source but shows the sense is contested in popular framing.	Andrews only, and its senses contradict each other (fellow soldier vs opponent). P&E has to say which sense the card shows. It overlaps hoapaio and hoakoa.	Listed as hoa kaua? Which sense does P&E give: enemy or opponent (like hoa paio), or fellow soldier or ally? Andrews gives both. Is it one word or two?	https://nameahawaii.com/products/nmh-hoa-kaua-hawaiian-game-of-war					
hoakipa	hoa·kipa	W	005	keep-pending	likely	hoakipa	attested	1	hoa#0	kipa#0	transparent	visiting friend	Wiktionary etymology: hoa ("friend") + kipa ("to visit")	visitor	Wiktionary hoakipa: "visitor"	hele	unknown	False			Only one crowd-edited source, with no Andrews entry and no usage. It could be a recent or nonce coinage. Note on kipa: Wiktionary splits kipa#0 "visit" from kipa#1 "turn aside" (PPN *tipa), but its own note calls #0 "possibly an extension" of #1, and Andrews treats them as one verb. For linking they are probably one root.	Is hoakipa in P&E or Māmaka Kaiao at all? Drop if absent. If present: the spelling, and the sense visitor or guest. Also: are kipa "visit" and kipa "turn aside" one headword in P&E? That decides whether they are one stone.						
hoakoa	hoa·koa	A*	005	keep-pending	likely	hoakoa	inferred	unknown	hoa#0	koa#1	transparent	soldier companion	Andrews–Parker 1922 bracket [Hoa, companion, and koa, soldier]	fellow soldier	Andrews–Parker 1922 "a fellow soldier; one under the same leader"	kanaka	unknown	False			Transparent, but Andrews is the only source and there is no modern trace. It nearly duplicates hoakaua. The sense choice for koa: Wiktionary's koa#0 lumps "warrior" with the koa tree (from *toa), but POLLEX (P&E-sourced) assigns Hawaiian "brave" to PPN *toqa "courageous, warrior", and *toa to the tree. So the warrior or soldier sense belongs with koa#1. The root glossary should move "warrior" from koa#0 to koa#1.	Listed as hoa koa or hoakoa? Sense "fellow soldier"? Confirm that koa "warrior" sits with koa "brave" (PPN *toqa) and not with the tree.						
hoalawaiʻa	hoa·lawaiʻa	A*	005	keep-pending	likely	hoalawaiʻa	inferred	unknown	hoa#0	lawaiʻa	transparent	fisherman companion	Andrews–Parker 1922 bracket [Hoa, companion and lawaia, a fisherman]	fellow fisherman	Andrews–Parker 1922 "a fellow fisherman"	kai	unknown	False			Transparent, Andrews only, no modern trace. The spelling of the second root is solid; the break is not.	Listed? Spelling hoa lawaiʻa or hoalawaiʻa? Sense "fellow fisherman".		y	keep-pending	hoalawaiʻa		
hoalawe	hoa·lawe	A*	005	drop	no	hoalawe	inferred	unknown	hoa#0	lawe	partial		none		none (Andrews' "partner in labor" belongs to the three-part hoalawepu)	hana	unknown	False			An extraction artefact. The real word is hoalawepu (hoa + lawe + pū), three parts, so it is out of scope for two-stone words.	Nothing needed. Optionally confirm that P&E has no headword hoalawe.						
hoapaio	hoa·paio	A*	005	keep	yes	hoa paio	attested	2	hoa#0	paio	transparent	companion in contending	Andrews–Parker 1922 bracket [Hoa, companion, and paio, to contend]; Wiktionary etymology hoa ("friend") + paio ("to fight")	opponent, adversary	Wiktionary "hoa paio": "opponent, adversary; enemy"; Andrews–Parker 1922 "an opponent in wrestling or fighting"	kanaka	traditional	False			Andrews and Wiktionary agree, and modern use is consistent as two words. Transparent, with the gentle irony of "companion" in "opponent", which suits a card. Nothing to exclude.	Confirm "hoa paio" (two words) as a sub-entry, with the sense opponent or adversary. Is there a Lit. reading?						
hoauna	hoa·una	A*	005	drop	doubtful	hoauna	inferred	unknown	hoa#0	unresolved	partial		none (the bracket's "una, to send" matches no listed una sense)	one who accompanies a messenger	Andrews–Parker 1922 Hoauna (n.)	hele	unknown	False			The root sense cannot be matched (the dossier would print "una: turtle shell"). It collides with a ho-prefixed homograph, the meaning is obscure, and there is no modern use. Not worth a P&E lookup slot.	Optional: is there a P&E hoa ʻuna or hoauna, and a free una "to send"? If not, the drop stands.						
hoaʻai	hoa·ʻai	A*	005	keep-pending	likely	hoaʻai	inferred	unknown	hoa#0	ʻai	transparent	eating companion	Andrews–Parker 1922 bracket [Hoa, companion, and ai, to eat]	table companion; guest at a meal	Andrews–Parker 1922 "one who eats with another in a friendly way; a guest at a meal"	ulu	unknown	False			A transparent, warm word, but Andrews is the only source and there is no modern trace. High degree (26), so worth the P&E lookup.	Listed? Spelling hoa ʻai or hoaʻai? Sense: table companion, guest at a meal.						
hoaʻāina	hoa·ʻāina	A*	005	keep	yes	hoaʻāina	attested	1	hoa#0	ʻāina	partial		none printed. Andrews' bracket leaves hoa unglossed. "Land companion" would be the reading if P&E gives it.	native tenant; tiller of the land	Kumu Pono Associates: "hoaʻāina (native tenants)"; Andrews–Parker 1922 "a husbandman; a tiller of the ground"	ʻāina	traditional	False		A term at the heart of the Māhele and the Kuleana Act, and so of land loss. Native-tenant rights are still argued in court. A kumu would want the gloss to read as dignified (tenant and caretaker of the land), not as "serf" or "peasant".	Andrews headword plus consistent use by a reputable historian, with the ʻokina and kahakō attested. Partial transparency (companion + land leads to a land-tenure status). hoa is resolved to hoa#0 "companion" by Andrews' general hoa entry ("found in many compounds"); a P&E Lit. would confirm it.	Headword hoaʻāina (one word)? Does P&E give a Lit. reading (e.g. "land companion") confirming hoa = companion rather than hoa "to tie"? Senses: tenant, caretaker of land.	https://www.kumupono.com/mahele-aina/					
hoaʻōlelo	hoa·ʻōlelo	A*	005	keep-pending	likely	hoaʻōlelo	inferred	unknown	hoa#0	ʻōlelo	transparent	companion in words	Andrews–Parker 1922 bracket [Hoa, companion, and olelo, word]	conversation partner; counsellor	Andrews–Parker 1922 senses 1 "a companion with whom one converses" and 3 "a counsellor"	naʻau	traditional	False			Transparent, and Andrews cites usage, but there is no second source. High degree (25), so worth the P&E lookup.	Listed? Spelling hoa ʻōlelo or hoaʻōlelo? Senses: conversation partner, counsellor.		y	keep-pending	hoaʻōlelo		
hoeuli	hoe·uli	A*	005	keep	yes	hoe uli	attested	2	hoe	uli#1	transparent	steering paddle	Andrews–Parker 1922 bracket [Hoe, a paddle, and uli, to steer]	steering paddle	PVS "center steering paddle"; Andrews–Parker 1922 "a rudder"	hana	traditional	False		Andrews' uli entry also lists Uli as "a class of gods worshiped by sorcerers" (the sorcery deity). That is a separate sense, and the stone here is uli "to steer" (uli#1), but the root glossary must never show the deity or sorcery sense.	Andrews and PVS agree, with the modern two-word spelling attested by PVS. Transparent and central to voyaging. Degree is only 1, so it rarely turns, but it is a strong word.	Confirm "hoe uli" (two words, uli with no ʻokina) and the sense steering paddle. Is there a Lit. reading?	https://archive.hokulea.com/ike/kalai_waa/parts.html					
hoewaʻa	hoe·waʻa	A*	005	keep	yes	hoe waʻa	attested	2	hoe	waʻa	transparent	paddle the canoe	Andrews–Parker 1922 bracket [Hoe, paddle, and waa, canoe]	to paddle a canoe; paddler	Andrews–Parker 1922 v. "to paddle a canoe", n. "one who ... paddles a canoe"	hana	traditional	False			Andrews headword plus consistent modern use. Transparent. The only question is whether P&E lists it as a sub-entry rather than leaving it a free phrase.	Is "hoe waʻa" listed as a sub-entry (under hoe or waʻa)? Senses: to paddle a canoe, paddler, canoe paddling.						
holoholoana	holoholo·ana	A*	006	drop	no	holoholoana	inferred	unknown	holoholo	unresolved	partial	a running about	Andrews–Parker 1922 bracket	four-footed beast; domestic animals	Andrews–Parker 1922 senses 1 and 2	ʻāina	unknown	True	Grammatical: the second element is the particle or suffix -ana, not a root (DESIGN §4.3).		This is not root plus root: ana is the participial or nominalising particle, and the candidate mapped it wrongly to ana cave.	Nothing needed for this split. If wanted, confirm that P&E has holoholona (animal) and how it analyses the word.						
holokai	holo·kai	A*	005	keep	yes	holokai	attested	1	holo#0	kai	transparent	riding the sea	Andrews–Parker 1922 definition "one who rides on the sea"; bracket [Holo and kai, sea]	seafarer; seafaring	Andrews–Parker 1922 "a seaman; seafaring men"; PCC "the soul of the seafarer"; PVS "Holokai: Voyages"	kai	traditional	False			Andrews headword plus reputable modern use (PVS, PCC) as one word. Transparent. The flagged holo homograph resolves to holo#0 (go, sail, ride), not holo#1 (settled; noose).	Headword holokai (one word)? Senses: seafarer, sailor, seafaring. Is there a Lit. reading?	https://archive.hokulea.com/holokai/1976/ben_finney.html | https://legacy.polynesia.com/the-soul-of-the-seafarer-and-mark-lee/					
holokaʻa	holo·kaʻa	A*	005	drop	doubtful	holo kaʻa	corroborated	2	holo#0	kaʻa#0	transparent	ride a vehicle	Andrews–Parker 1922 bracket [Holo, to go fast, and kaa, a vehicle on wheels]	to ride in a carriage	Andrews–Parker 1922 "to ride about in a carriage"	hele	19th-century coinage	True	Root kaʻa: Andrews–Parker kaa v. sense 5 "to take effect as a cathartic. Syn: naha" is an excretory sense. DESIGN §4.3's "any sense" rule would remove every kaʻa word. Marginal: it is a project-level decision for the root kaʻa, not just for this word.		Probably a free phrase rather than a lexical compound, Andrews only, with no modern lexical use, plus the kaʻa exclusion question. The vehicle sense of kaʻa is a native word extended to introduced carriages, not a loan.	Is "holo kaʻa" listed? Separately, for the root: does P&E give kaʻa "to take effect, as a laxative or cathartic"? If so, decide the "any sense" rule for all kaʻa words.						
hololio	holo·lio	A*	005	keep	yes	holo lio	attested	2	holo#0	lio	transparent	ride horse	Andrews–Parker 1922 bracket [Holo, to ride, and lio, horse]	horseback riding; horse rider	Ka Wai Ola "Pāʻū Holo Lio: Horse Riding Tradition"; Andrews–Parker 1922 "a rider of a horse"	hele	19th-century coinage	False			Andrews headword plus reputable modern use as an established term (pāʻū holo lio). Transparent. lio "horse" is not an English loan: Wiktionary cites Schütz deriving it from ʻīlio extended to quadrupeds. The word belongs to the paniolo era (horses arrived in 1803).	Is "holo lio" listed (a sub-entry under holo)? Senses: horseback riding, to ride horseback, horse rider. Does P&E agree that lio is native (not marked as from English)?	https://kawaiola.news/columns/lamaku-hookipa/pau-holo-lio-horse-riding-tradition-and-innovation/ | https://www.hawaiisenatemajority.com/press-release/2019/09/12/saturday-is-n%E1%BE%B1-wahine-holo-lio-old-hawai-i-on-horseback-day	y	keep	holo lio		
holomoku	holo·moku	A*	006	keep	yes	holomoku	attested	1	holo#0	moku	transparent	sail by ship	Andrews–Parker 1922 bracket [Holo and moku, ship] with sense v. 1, to sail on a ship	sailor; to sail on a ship	Andrews–Parker 1922 (n. 1, v. 1); PVS voyaging glossary	hele	unknown	False			Two independent sources (the Andrews–Parker analysis and the PVS / Bishop Museum glossary). It is transparent, the modern spelling is attested, and there is no exclusion concern. moku is used in the ship sense. Andrews says ships were given that name when first seen, so the word is probably post-contact. Wiktionary gives moku one etymology (cut off > island > ship), so this MOKU stone is the same root as in mokupuni. Do not show Andrews sense 2 (a rushing torrent).	Headword spelling: holomoku as one word, or holo moku? Are the senses sailor and to sail on a ship there? Is there a Lit. reading?	https://archive.hokulea.com/ike/canoe_living/terms_and_phrases.html					
holowaʻa	holo·waʻa	A*	006	keep-pending	likely	holowaʻa	inferred	unknown	unresolved	waʻa	partial			trough; chest; oblong box	Andrews–Parker 1922, Holowaa senses 1 and 3	hana	unknown	False		Andrews lists coffin among the senses. Do not show it; a kumu may want the card kept to trough or chest.	One explicit source with a clear meaning. But the Andrews bracket gives no sense for holo: neither holo#0 (go, run, sail) nor holo#1 (decided; noose) obviously yields a box or trough. So the parts row cannot be written from a source. waʻa as an oblong, canoe-like vessel is plausible but is reviewer inference. Degree 8 assumes HOLO is the go/run root; if holo here is another homograph, the real degree is lower.	Is holowaʻa a P&E headword (spelling, ʻokina on waʻa, one word)? Which senses does it give (trough, chest, box, coffin, net)? Does P&E give a Lit. reading or say what holo means here? If holo is unexplained, mark it opaque.						
holowā	holo·wā	A*	006	drop	doubtful	holowā	inferred	unknown	unresolved	wā#1	partial	a thrusting through a cleft	Andrews–Parker 1922 definition of Holowa	Bible-translation word for war engines	Andrews–Parker 1922 note on Holowa	hana	19th-century coinage	False		Warfare (a siege engine).	Andrews himself calls it a coinage by the Bible translators for a Hebrew war engine. It is obscure, not in modern use, and the holo sense (to thrust) is not in the root glossary. A card would teach almost nothing about Hawaiian.	Low priority: does P&E list holowā at all? If it does, is it marked as a Bible word?						
holoʻai	holo·ʻai	A*	006	keep-pending	likely	holo ʻai	inferred	either	unresolved	ʻai	transparent	food bundle	Andrews–Parker 1922 bracket [Holo, bundle, and ai, food]	bundle of baked food	Andrews–Parker 1922, Holoai sense 1 (POLLEX: holo, a long bundle, as of hard poi)	ulu	traditional	False			Transparent, with well-supported parts. But holo bundle is a separate homograph that is missing from the glossary (the dossier lists only holo#0 go/run and holo#1 decided/noose), so the word needs a new holo id (holo bundle, PNP *solo). Its degree of 18 was counted with HOLO as one root. As holo bundle it will not link to holomoku and the like, and its real degree will be far lower. P&E needs to settle the spelling and word break.	Headword: holo ʻai (two words) or holoʻai? Is the sense a food bundle, especially a ti-leaf bundle of hard poi? Is holo bundle a separate entry from holo to run?						
honoʻāʻī	hono·ʻāʻī	A*	006	doubtful	likely	honoʻāʻī	inferred	unknown	unresolved	ʻāʻī	partial			back of the neck	Andrews–Parker 1922, Honoai	kanaka	unknown	False			One source, and the hono sense is unresolved between nape and join. Neither sense is in the root glossary: the dossier has only hono harbor/bay. The second Andrews entry (same as honowai) muddies the headword. Its degree was already 0, and with the hono sense split out it can never turn.	Low priority (degree 0). Does P&E have honoʻāʻī (spelling and word break)? Does it give hono the sense back of the neck, and a Lit. reading?						
hopepoʻo	hope·poʻo	A*	006	keep	yes	hope poʻo	attested	2	hope	poʻo	transparent	the head after; next head	Andrews–Parker 1922 bracket [Hope, rear, and poo, the head]; Wiktionary hope: subsequent, next	deputy or associate head	Andrews–Parker 1922 sense 2; Kamehameha Schools usage (hope poʻo kula, associate head of school)	kanaka	unknown	False		The POLLEX Hawaiian gloss for hope, and its PEP etymon *sope, include buttocks, posterior. That is not an exclusion category, but the card should gloss HOPE as after, next, rear.	Andrews analyses it so, and there is clear modern use by a reputable Hawaiian institution, with the two-word spelling attested. It is transparent (the next head after the head). Show the deputy-head sense; the Andrews back-of-the-head sense is secondary. Note that hope + title is a productive pattern (deputy X), so P&E should confirm that hope poʻo is listed as a unit.	Is hope poʻo a headword or sub-entry, two words? Is its sense acting or deputy head? Does P&E keep the Andrews back-of-the-head sense? Is there a Lit. reading?	https://www.ksbe.edu/article/de-sa-named-ks-hawaii-hope-poo-kula	y	keep-pending	hope poʻo		
hoʻihope	hoʻi·hope	A*	006	keep-pending	likely	hoʻi hope	inferred	unknown	hoʻi	hope	transparent	return backward	Andrews–Parker 1922 bracket [Hoi, to return, and hope, backwards]	to turn back, retreat	Andrews–Parker 1922 sense 1 (to go back after an advance; to turn back)	hele	unknown	False		Andrews sense 2 (relapse after a reformation) carries missionary framing. Show sense 1 only.	One source and plausible. The open question is whether it is a lexical item or only the free phrase verb + hope (backward): compare PVS huli hope, turn back. Degree 2.	Is hoʻi hope a P&E entry or sub-entry, one word or two? Or does it appear only as a phrase under hoʻi? Is the sense to turn back or retreat?	https://archive.hokulea.com/ike/canoe_living/terms_and_phrases.html					
hoʻihou	hoʻi·hou	A*	006	doubtful	doubtful	hoʻi hou	attested	2	hoʻi	hou	transparent	return again	Andrews–Parker 1922 bracket	to return again	Andrews–Parker 1922	hele	unknown	False			A free verb phrase rather than a lexical compound: hou here is the post-verbal again, close to a particle, and Andrews lists it beside hoʻi mai, hoʻi aku and the like. The only lexicalised sense is a 19th-century music-notation noun (repeat sign). A card reading to return again would teach little beyond its parts.	Does P&E list hoʻi hou as its own entry or sub-entry (for example the music repeat sense), or only as an example under hoʻi? If only an example, drop it.						
hoʻohalalā	hoʻohala·lā	A*	006	doubtful	doubtful	hoʻohala lā	inferred	unknown	hoʻohala	lā#2	transparent	to cause the day to pass	Andrews–Parker 1922 (its own Lit.)	to spend the day; get by	Andrews–Parker 1922 senses 1 and 2	hele	unknown	False		The Andrews examples are of the sick lingering before death and of the hungry. Handle with care if it is ever shown.	It has three parts, and the first stone HOʻOHALA is prefix-built. First stone is a hoʻo- causative derivative, not a single root. DESIGN §2 and ROOTS.md step 5 keep hoʻo- off the stones; a derived stem as a stone is the same problem one level down. Design decision. It may also be a free phrase (hoʻohala + a time word). Degree 2.	Does P&E list hoʻohala lā / hoʻohalalā as a unit, or only hoʻohala with examples? What spelling and word break?						
hoʻokolohua	hoʻokolo·hua	W	006	keep-pending	yes	hoʻokolohua	attested	1	hoʻokolo	hua	transparent	tracing the result	Wiktionary etymology: hoʻokolo (to trace to a source) + hua (fruit, result)	experiment; to experiment	Wiktionary	naʻau	modern coinage	True	ROOT-LEVEL, needs a design decision: hua has an attested sense testicle (Andrews–Parker 1922 hua n. 5; POLLEX lists a Hawaiian reflex of PPN *fua glossed Testicles). Under the rule as briefed (any sense of either root) this excludes every hua compound. The project screen let hua through only because Wiktionary hua lists just fruit, egg, seed, result. Decide once for the whole family: exempt hua (a very common root whose main senses are fruit, egg, seed, word) or drop it.		Lexically a keep: Wiktionary analysis plus clear modern use, and the spelling is attested. It is held only by two design questions: (1) hua under the root-level exclusion rule; (2) First stone is a hoʻo- causative derivative, not a single root. DESIGN §2 and ROOTS.md step 5 keep hoʻo- off the stones; a derived stem as a stone is the same problem one level down. Design decision. It is a modern scientific coinage, so it sits with kinopaʻa and kinowai (ROOTS.md point 4). Andrews 1922 does not have it.	Check Māmaka Kaiao, not P&E: is hoʻokolohua (experiment) a headword, one word? Confirm P&E lacks it, which would make it a modern coinage.	https://nautiluslive.org/blog/2022/01/10/na-hua-olelo-no-ka-huakai-nautilus					
hoʻoleiwale	hoʻolei·wale	A*	006	drop	no	hoʻolei wale	inferred	unknown	hoʻolei	unresolved	transparent	merely throw away	Andrews–Parker 1922 bracket	to throw away as worthless	Andrews–Parker 1922 sense 1	hana	unknown	True	Grammatical: wale here is the postposed particle only, merely (DESIGN §4.3). | Borderline: the homograph the candidate mapped to, wale (any bodily secretion: mucus, phlegm, saliva), is close to the excretory category if a WALE stone were ever shown in that sense.		Verb + particle, not root + root. The first stone is also prefix-built (hoʻo- + lei).	None needed.						
hoʻoluʻuʻili	hoʻoluʻu·ʻili	A*	006	doubtful	likely	hoʻoluʻu ʻili	inferred	unknown	hoʻoluʻu	ʻili	transparent	immerse the hide	Andrews–Parker 1922 bracket	to tan hides	Andrews–Parker 1922	hana	unknown	False			One source, an OCR-only entry, and a prefix-built first stone. First stone is a hoʻo- causative derivative, not a single root. DESIGN §2 and ROOTS.md step 5 keep hoʻo- off the stones; a derived stem as a stone is the same problem one level down. Design decision. It is probably a 19th-century term for an introduced craft (reviewer inference). It may be a free verb + object phrase rather than a lexical item.	Does P&E list hoʻoluʻu ʻili (tan hides) as a unit? What spelling and word break?		y	drop	hoʻoluʻuʻili		
hoʻomanakiʻi	hoʻomana·kiʻi	A*	006	drop	likely	hoʻomana kiʻi	inferred	unknown	hoʻomana#0	kiʻi#0	transparent	worship of images	Andrews–Parker 1922 bracket	idolatry	Andrews–Parker 1922 (n. 1)	naʻau	19th-century coinage	True	A sense of the compound is sexual: Andrews n. 1 and 2, whoredom (figurative, Scriptural). | Missionary vocabulary that frames Hawaiian religious practice as idolatry (worship any god except Jehovah). A kumu would wince.	Sacred: kiʻi akua; condemnation of Hawaiian religion.	Excluded under §4.3 for the whoredom sense, and it is culturally loaded missionary vocabulary. The first stone is also prefix-built (hoʻo- + mana).	None needed.						
huahāʻule	hua·hāʻule	A*	006	drop	likely	hua hāʻule	inferred	unknown	hua	hāʻule	transparent	fallen fruit	Andrews–Parker 1922 (its own Lit.: seed or fruit fallen)	orphan; one without support	Andrews–Parker 1922 (n. 1; adj. 2)	kanaka	unknown	True	A sense of the compound is a birth-status insult: Andrews adj. 3 bastard; n. 2 illegitimate child. | ROOT-LEVEL, needs a design decision: hua has an attested sense testicle (Andrews–Parker 1922 hua n. 5; POLLEX lists a Hawaiian reflex of PPN *fua glossed Testicles). Under the rule as briefed (any sense of either root) this excludes every hua compound. The project screen let hua through only because Wiktionary hua lists just fruit, egg, seed, result. Decide once for the whole family: exempt hua (a very common root whose main senses are fruit, egg, seed, word) or drop it.	Premature birth, orphanhood, illegitimacy.	A beautiful image (fallen fruit for the unsupported), but one of its senses is bastard or illegitimate child. Under §4.3 the whole word goes.	None needed, unless a kumu wants to reconsider. If so, confirm the spelling and whether P&E keeps the illegitimate sense.						
huakaʻi	hua·kaʻi	A	006	doubtful	doubtful	huakaʻi	attested	1	unresolved	kaʻi	partial			trip, journey; procession	Wiktionary (trip, journey); Andrews–Parker 1922 (a large company traveling together); Hawaiʻi Public Radio (procession, parade)	hele	traditional	True	ROOT-LEVEL, needs a design decision: hua has an attested sense testicle (Andrews–Parker 1922 hua n. 5; POLLEX lists a Hawaiian reflex of PPN *fua glossed Testicles). Under the rule as briefed (any sense of either root) this excludes every hua compound. The project screen let hua through only because Wiktionary hua lists just fruit, egg, seed, result. Decide once for the whole family: exempt hua (a very common root whose main senses are fruit, egg, seed, word) or drop it.		An excellent, common word, but the split is unsupported. The A code is a false match (the Andrews analysis is of huakai, sea foam). The KS reading is interpretive, and no source gives hua a sense here. As a hua·kaʻi stone pair, the parts row would invent an etymology. It is worth rescuing if P&E gives one. Otherwise it could only appear without a parts row (ROOTS.md point 3). It is also caught by the hua root-level question.	Does P&E give an etymology or Lit. reading for huakaʻi (hua + kaʻi?), and which hua? Confirm that P&E keeps huakai (sea foam) as a separate entry, so the Andrews bracket is not used for huakaʻi.	https://www.hawaiipublicradio.org/hawaiian-word-of-the-day-january-12th | https://www.hawaii.edu/news/2025/03/25/hawaiian-word-of-the-week-huakai/ | https://www.ksbe.edu/assets/research/ka_huakai/2021_KaHuakai_Introduction.pdf					
hualele	hua·lele	A*	006	drop	likely	hualele	inferred	unknown	hua	lele	transparent	flying seed	Andrews–Parker 1922 bracket	seeds of the laulele plant	Andrews–Parker 1922 sense 1	ulu	unknown	True	A sense of the compound is hernia (Andrews sense 2). Reviewer knowledge, unverified: this is a scrotal hernia read with hua as testicle, which would make it genital. | ROOT-LEVEL, needs a design decision: hua has an attested sense testicle (Andrews–Parker 1922 hua n. 5; POLLEX lists a Hawaiian reflex of PPN *fua glossed Testicles). Under the rule as briefed (any sense of either root) this excludes every hua compound. The project screen let hua through only because Wiktionary hua lists just fruit, egg, seed, result. Decide once for the whole family: exempt hua (a very common root whose main senses are fruit, egg, seed, word) or drop it.	Disease or injury (hernia).	The hernia sense very likely puts it in the genital category, and the remaining sense (seeds of one weed) is obscure.	If anyone wants to reconsider: does P&E give hernia with a Lit. reading involving testicle? If it does, drop is confirmed.						
hualili	hua·lili	A*	006	doubtful	doubtful	hualili	inferred	unknown	hua	unresolved	partial	withered fruit	Andrews–Parker 1922 bracket (lili as contraction of malili, withered)	blasted fruit that never ripens	Andrews–Parker 1922	ulu	unknown	True	ROOT-LEVEL, needs a design decision: hua has an attested sense testicle (Andrews–Parker 1922 hua n. 5; POLLEX lists a Hawaiian reflex of PPN *fua glossed Testicles). Under the rule as briefed (any sense of either root) this excludes every hua compound. The project screen let hua through only because Wiktionary hua lists just fruit, egg, seed, result. Decide once for the whole family: exempt hua (a very common root whose main senses are fruit, egg, seed, word) or drop it.		One source, and the second root rests on a claimed contraction (malili > lili) that no other source supports. A LILI stone would read as jealous, which is wrong for this word.	Does P&E have hualili (blasted or immature fruit)? Does it derive lili from malili, or give a lili meaning withered?						
hualiʻi	hua·liʻi	A*	006	keep-pending	likely	hualiʻi	inferred	unknown	hua	liʻi#0	transparent	little fruit	Andrews–Parker 1922 bracket	small fruit left after harvest	Andrews–Parker 1922 (adj.)	ulu	unknown	True	ROOT-LEVEL, needs a design decision: hua has an attested sense testicle (Andrews–Parker 1922 hua n. 5; POLLEX lists a Hawaiian reflex of PPN *fua glossed Testicles). Under the rule as briefed (any sense of either root) this excludes every hua compound. The project screen let hua through only because Wiktionary hua lists just fruit, egg, seed, result. Decide once for the whole family: exempt hua (a very common root whose main senses are fruit, egg, seed, word) or drop it.	Andrews also gives n. runt. If it is applied to people it could read as an insult, so keep the card to the fruit sense.	Lexically keep-pending: one source, transparent, and both roots are solid. P&E needs to confirm the spelling and word break, and that it is a unit rather than a free phrase (hua + liʻi). It is otherwise held only by the hua root-level question.	Is hualiʻi (or hua liʻi) a headword? What spelling and word break? Is the sense small leftover fruit or runt? Is there a Lit. reading?		y	drop	hualiʻi		
hualole	hua·lole	A*	006	doubtful	doubtful	hualole	inferred	unknown	unresolved	lole	partial	cloth border	Andrews–Parker 1922: hua v. 2 (to make a border or trimming) + lole n. 1 (cloth)	trimmings or border of a garment	Andrews–Parker 1922	hana	unknown	True	ROOT-LEVEL, needs a design decision: hua has an attested sense testicle (Andrews–Parker 1922 hua n. 5; POLLEX lists a Hawaiian reflex of PPN *fua glossed Testicles). Under the rule as briefed (any sense of either root) this excludes every hua compound. The project screen let hua through only because Wiktionary hua lists just fruit, egg, seed, result. Decide once for the whole family: exempt hua (a very common root whose main senses are fruit, egg, seed, word) or drop it. (Applies if the stone is read as hua; here the sense is a different Andrews hua, border or trimming, that is not in the glossary.)	Andrews glosses lole as particularly foreign cloth, so the sense may be post-contact. Wiktionary gives lole a native etymology (PPN *lole).	The headword is OCR-recovered, the hua sense (border or trimming) is not in the root glossary, and the word is obscure. A HUA stone would be misread as fruit or egg.	Does P&E have hualole (garment trimming)? Is the first element hua or huʻa? Is there a separate hua or huʻa sense border, trimming?						
huamele	hua·mele	A*	007	keep-pending	yes	hua mele	attested	2	unresolved	mele#0	partial	song letter	Andrews–Parker 1922 bracket [Hua, letter, and mele, to sing]	musical note	Andrews–Parker 1922 'The notes in music'; Hawaiian Wikipedia music-notation usage ('hua mele hapahā', quarter note)	naʻau	19th-century coinage	False		Root hua: Andrews–Parker lists 'Testicle' (n. 5) inside the same Hua entry as fruit and egg, and POLLEX gives a Hawaiian hua 'testicles' (PEC *fua, separate from PPN *fua 'fruit'). The compound does not use that sense and no reader would take it so, so it is not flagged here. But if the project applies §4.3 to root stones, the whole HUA family is affected: decide it once for the root. This is the same class of question as heʻe 'menses' in batch-004. mele#1 'to be yellow' is an unrelated homograph and is not used.	The compound is solid and the modern two-word spelling is consistent. But the HUA stone's identity is unresolved. Andrews glosses hua here as 'letter', a sense the dossier's single hua homograph (fruit, egg, seed, result) lacks, and POLLEX puts Hawaiian hua 'word, letter, figure' under a different etymon (*sua). Linking HUA here to HUA in hua moa (egg) may join two different roots. POLLEX also lists Hawaiian hua 'word, letter, figure, watchword, speak' under a different etymon, PPN *sua ('commence a chant or song'), not *fua 'fruit'. So hua 'letter/word' may be a separate root from hua 'fruit/egg', and the dossier lists only one hua homograph.	Headword: hua mele (two words), and sense 'musical note'? Is hua 'letter, figure, word' listed under the same hua entry as 'fruit, egg', or as a separate hua? (This decides whether hua mele and huaʻōlelo share a stone with hua moa and huaʻai.) Any Lit. reading?						
huamoa	hua·moa	A*	007	keep	yes	hua moa	attested	2	hua	moa	transparent	egg of the fowl	Andrews–Parker 1922 bracket [Hua, egg, and moa, a fowl]	hen's egg	Andrews–Parker 1922 sense 1 'A hen's egg'; Hawaiian Wikipedia food usage	ulu	traditional	False		Root hua: Andrews–Parker lists 'Testicle' (n. 5) inside the same Hua entry as fruit and egg, and POLLEX gives a Hawaiian hua 'testicles' (PEC *fua, separate from PPN *fua 'fruit'). The compound does not use that sense and no reader would take it so, so it is not flagged here. But if the project applies §4.3 to root stones, the whole HUA family is affected: decide it once for the root. This is the same class of question as heʻe 'menses' in batch-004. moa: Andrews also lists the moa game and the plant moa (Psilotum), whose tea is cathartic. Neither is used here, and the cathartic note is not a §4.3 sense of the word.	Andrews analyses it as egg + fowl, it has lexicalised extra senses, and modern use is consistent as two words. Both root senses are clear and nothing triggers an exclusion. The root-polysemy note on hua is a project-level question, not specific to this word.	Headword spelling: hua moa (two words) or huamoa? Does P&E keep Andrews' extra senses (hip-joint ball, sweet-potato variety)? Any Lit. reading?						
huanoni	hua·noni	A*	007	doubtful	doubtful	hua noni	corroborated	2	hua	noni	transparent	fruit of the noni	Andrews–Parker 1922 bracket [Hua, fruit, and noni, a shrub, Morinda citrifolia]	noni fruit	Andrews–Parker 1922 'The fruit or the apple of the noni'; Bishop Museum Ethnobotany Database	ulu	traditional	False		Root hua: Andrews–Parker lists 'Testicle' (n. 5) inside the same Hua entry as fruit and egg, and POLLEX gives a Hawaiian hua 'testicles' (PEC *fua, separate from PPN *fua 'fruit'). The compound does not use that sense and no reader would take it so, so it is not flagged here. But if the project applies §4.3 to root stones, the whole HUA family is affected: decide it once for the root. This is the same class of question as heʻe 'menses' in batch-004. Noni is a lāʻau lapaʻau (medicinal) plant. Describe it plainly, with no health claims.	Probably a free phrase ('fruit of the noni') rather than a headword. Admitting it would admit every 'hua + plant' phrase. Keep it only if P&E lists hua noni as a headword or sub-entry.	Is 'hua noni' (or huanoni) a P&E headword or sub-entry under hua or noni, or only an example phrase? If listed: exact spelling and word break.	https://data.bishopmuseum.org/ethnobotanydb/ethnobotany.php?b=d&ID=noni | https://health.hawaii.gov/physical-activity-nutrition/files/2023/08/ECE-Wellness_HAW.pdf					
huaʻai	hua·ʻai	A*	007	keep-pending	yes	huaʻai	attested	either	hua	ʻai	transparent	fruit to eat	Andrews–Parker 1922 definition 'Fruit to eat' and bracket [Hua, fruit, and ai, to eat]	fruit, edible fruit	Andrews–Parker 1922 'any fruit that may be eaten as food'; Ka Wai Ola and State DOH usage ('fruit')	ulu	unknown	False		Root hua: Andrews–Parker lists 'Testicle' (n. 5) inside the same Hua entry as fruit and egg, and POLLEX gives a Hawaiian hua 'testicles' (PEC *fua, separate from PPN *fua 'fruit'). The compound does not use that sense and no reader would take it so, so it is not flagged here. But if the project applies §4.3 to root stones, the whole HUA family is affected: decide it once for the root. This is the same class of question as heʻe 'menses' in batch-004. The ʻai homograph in the dossier also carries 'ruler; to rule' and 'score'. This compound uses 'food; to eat'.	The compound is solid and modern reputable use (OHA, State DOH) is one word. But Wiktionary's two-word form conflicts, and the caption must follow P&E's spelling. High degree (24), so worth settling first.	Headword spelling: huaʻai (one word) or hua ʻai (two)? Sense 'fruit (edible)'? Does P&E give a Lit. reading such as 'food fruit'?	https://kawaiola.news/columns/malama-i-kou-kino/hoomaemae-he-ano-kuuna-e-hemo-ai-na-mea-awahia-o-ke-kino/ | https://health.hawaii.gov/physical-activity-nutrition/files/2023/08/ECE-Wellness_HAW.pdf					
huaʻale	hua·ʻale	A*	007	keep-pending	likely	huaʻale	inferred	unknown	hua	unresolved	partial	seed to swallow	Andrews–Parker 1922 bracket [Hua, seed, and ale, to swallow]	pill	Andrews–Parker 1922 'A pill; a medicine in the form of a little ball, to be swallowed whole'	kanaka	unknown	False		Root hua: Andrews–Parker lists 'Testicle' (n. 5) inside the same Hua entry as fruit and egg, and POLLEX gives a Hawaiian hua 'testicles' (PEC *fua, separate from PPN *fua 'fruit'). The compound does not use that sense and no reader would take it so, so it is not flagged here. But if the project applies §4.3 to root stones, the whole HUA family is affected: decide it once for the root. This is the same class of question as heʻe 'menses' in batch-004.	Plausible and transparent (seed + swallow → pill), but Andrews is the only source. The second root's sense ('to swallow') is not one of the dossier's ʻale senses, so the stone would wrongly link to ʻALE 'wave' words. Its ʻokina is unconfirmed. Probably names an introduced thing (pills); register unknown.	Headword: huaʻale, huaale or hua ʻale, and is the sense 'pill, tablet'? Is 'to swallow' spelled ʻale or ale in P&E, and is it the same entry as ʻale 'wave'? Any Lit. reading?		y	drop	huaale		
huaʻole	hua·ʻole	A*	007	doubtful	doubtful	huaʻole	inferred	unknown	hua	ʻole	transparent	without fruit	Andrews–Parker 1922 bracket [Hua, fruit, and ole, to be not]	fruitless; worthless	Andrews–Parker 1922 'Fruitless; worthless; of no account'	naʻau	unknown	True	The second stone, ʻole, is the negator: Andrews 'a word used in denial; no, not'; POLLEX 'Negative used with verbal particle' (PEP *kore). §4.3 excludes the grammatical. As a stone it would tie every X-ʻole word together with lines meaning only 'both negated', the reason ROOTS.md gives for dropping hoʻo-. Project-level decision for the ʻOLE stone (degree 19 here).	Root hua: Andrews–Parker lists 'Testicle' (n. 5) inside the same Hua entry as fruit and egg, and POLLEX gives a Hawaiian hua 'testicles' (PEC *fua, separate from PPN *fua 'fruit'). The compound does not use that sense and no reader would take it so, so it is not flagged here. But if the project applies §4.3 to root stones, the whole HUA family is affected: decide it once for the root. This is the same class of question as heʻe 'menses' in batch-004. Sense 'worthless; without character, applied to persons' is a put-down of people: an insult, not a slur.	Probably a free privative phrase, Andrews-only, with a put-down sense for people. It also needs a project ruling on whether ʻole may be a stone at all. Drop if ʻole is ruled grammatical.	Is huaʻole / hua ʻole a P&E headword, and with what senses (fruitless? worthless person?)? Does P&E treat X-ʻole forms as compounds or phrases?						
huaʻōlelo	hua·ʻōlelo	W	007	keep	yes	huaʻōlelo	attested	1	hua	ʻōlelo	transparent	seed of language	Wiktionary etymology: hua ('seed, fruit') + ʻōlelo ('language')	word	Wiktionary 'word'; Andrews–Parker 1922 'A single word'; UH News 'Huaʻōlelo (Word)'	naʻau	unknown	False		Root hua: Andrews–Parker lists 'Testicle' (n. 5) inside the same Hua entry as fruit and egg, and POLLEX gives a Hawaiian hua 'testicles' (PEC *fua, separate from PPN *fua 'fruit'). The compound does not use that sense and no reader would take it so, so it is not flagged here. But if the project applies §4.3 to root stones, the whole HUA family is affected: decide it once for the root. This is the same class of question as heʻe 'menses' in batch-004.	Wiktionary and Andrews agree it is a word and modern use is overwhelming and one word. It is the design's own title-plate candidate. The HUA stone is assigned to the dossier's single hua id, following Wiktionary's 'seed, fruit' reading. POLLEX also lists Hawaiian hua 'word, letter, figure, watchword, speak' under a different etymon, PPN *sua ('commence a chant or song'), not *fua 'fruit'. So hua 'letter/word' may be a separate root from hua 'fruit/egg', and the dossier lists only one hua homograph. If P&E separates them, this word's HUA stone moves to the 'word/letter' root, with hua mele.	Headword spelling huaʻōlelo (one word), sense 'word'? Is hua 'word, letter' a separate entry from hua 'fruit, egg' in P&E? Does P&E give a Lit. reading (e.g. 'fruit of speech')?	https://www.hawaii.edu/news/2025/12/16/2025-huaolelo-o-ka-makahiki/		drop	huaʻōlelo	keep-pending	On the language side the word is certain. Wiktionary has both huaʻōlelo and hua ʻōlelo as headwords ('word'), Andrews has Huaolelo 'a single word', and Hawaiian Wikipedia has it 149 times as one word to 3 as two. UH News (UH Hilo College of Hawaiian Language) writes 'Huaʻōlelo o ka Makahiki' in its headline but 'ka hua ʻōlelo o kēia makahiki' in its Hawaiian paragraph. So the break is 'either', with one word dominant. The first reader cited that page only for the one-word form. On the sense, Wiktionary takes hua 'seed, fruit' (the dossier's only hua id), but POLLEX files hua 'word, letter, figure' under PPN *sua, apart from hua 'fruit' (*fua). So: unresolved. On exclusion, the concern is real and must be flagged (the task's rule covers a root's senses). Treating it as decided either way is premature. 'keep' ignores a recorded concern; 'drop' treats an open root-identity question as settled. Keep-pending with the flag matches how the first reader itself handled hoʻokolohua and hualiʻi in batch-006.
huewai	hue·wai	A*	007	keep	yes	huewai	attested	1	hue	wai#0	transparent	water gourd	Andrews–Parker 1922 bracket [Hue, a gourd, and wai, water]; Kamehameha Publishing translation 'water gourd'	water gourd	Andrews–Parker 1922 'A water calabash'; Kamehameha Publishing 'water gourd'	hana	traditional	False		The Kamehameha example is an ʻōlelo noʻeau naming Kāne. Do not reuse it as card text. Andrews' hue also has unrelated entries ('thievish; skilled at deception'; 'to unload'), not in the dossier's gourd homograph.	Andrews analyses it as gourd + water and Kamehameha Publishing uses the same one-word form today. It is transparent, traditional, and has nothing to exclude. Degree 22.	Headword spelling huewai (one word)? Sense 'water gourd'? Does P&E note Andrews' Lānaʻi variant huawai? Any Lit. reading?	https://kumukahi.org/units/ka-honua/ao/wai					
hueʻili	hue·ʻili	A*	007	keep-pending	likely	hue ʻili	inferred	either	hue	ʻili	transparent	skin calabash	Andrews–Parker 1922 bracket [Hue, calabash, and ili, skin]	skin bottle	Andrews–Parker 1922 'A skin bottle'	hana	19th-century coinage	False		ʻili also names a land division (subdivision of an ahupuaʻa) in the same Wiktionary homograph. Not used here and not sensitive.	Transparent and plausible, but Andrews is the only source. It names a foreign object ('such as Asiatics used'), probably a Bible-translation word for wineskins (reviewer inference). Low degree (4).	Is hue ʻili / hueʻili a P&E headword or only a sub-entry under hue? One word or two? Is it marked biblical? Any Lit. reading?						
huhukū	huhu·kū	A*	007	doubtful	doubtful	huhukū	inferred	unknown	huhu	unresolved	partial	borers standing thick	Andrews–Parker 1922 bracket [Huhu, borer insect, and ku, contraction of kuku, standing thickly together]	riddled with borer holes	Andrews–Parker 1922 'Full of borers; full of holes made by the… borer insect'	ulu	archaic/obscure	False		Andrews' separate huhu 'angry; anger' (P&E huhū, reviewer knowledge) is a different word. Don't let a card mix them. The dossier's kū homographs include kū#1 'stew', an English borrowing, which is not used.	Andrews-only. His own bracket contradicts the split: the second part is kuku 'standing thick', not kū. The kahakō is unconfirmed. No modern use.	Is huhukū / huhuku a P&E headword? Spelling (kahakō on the final u?), and does P&E derive it from kū or kuku? Sense 'full of borer holes'?						
huiana	hui·ana	A*	007	drop	no	huina	inferred	1	hui	unresolved	opaque			sum; angle; meeting point	Andrews–Parker 1922 Huina: 'the sum of several numbers… an angle; the place where two roads meet'	hele	unknown	True	The second element is the nominalising suffix -ana/-na (grammatical, §4.3), not a root. Neither dossier homograph (ana#0 cave, ana#1 measure) applies. | The candidate spelling 'huiana' is not a word: it is an OCR-repair artifact of 'huina'.		Built from a misread. The word is huina, hui plus a grammatical suffix, so it is not two roots. Its degree (14) is inflated by linking to unrelated ANA stones (cave, measure).	None needed for this row. (Optional: if huina is wanted as a one-stone word or a base for huinakolu etc., that is a different design question.)		y	drop	huina		
huikala	hui·kala	A*	007	keep	yes	huikala	attested	1	hui	kala#2	partial	join + loosen	Andrews–Parker 1922 bracket [Hui, to join, and kala, to loosen; to forgive]	forgiveness; to purify	Kamehameha Schools 'our word for forgiveness is kala or huikala'; Andrews–Parker 1922 'To cleanse… to purify'; n. 'Pardon'	naʻau	unknown	False		Spiritual and ceremonial: Andrews gives 'to sanctify one's self', 'to cleanse ceremonially', 'water of purification'. Modern use appears in church settings (Kamehameha Schools Advent devotional) and in writing on hoʻoponopono. Show it as forgiveness/purifying, plainly, with no ritual framing. kala has other homographs (kala#0 spike/surgeonfish, kala#1 proclaim) and a borrowed sense, 'dollar, silver'; none is used.	Andrews analyses it as hui + kala, Kamehameha Schools uses the same one-word form for 'forgiveness', and the root senses are clear (kala#2 untie, forgive). No exclusion. Low degree (2), so it adds little connectivity.	Headword huikala (one word)? Senses: forgive, pardon, cleanse/purify? Is the first part hui 'join' or an intensifying use? Any Lit. reading?	https://www.ksbe.edu/article/advent-week-3-huikala-a-hookuu-forgiveness-is-extending-grace					
huiuna	hui·una	A*	007	doubtful	doubtful	huiuna	inferred	unknown	hui	unresolved	partial			a seam	Andrews–Parker 1922 'A seam; a uniting by a specific method of stitching'	hana	archaic/obscure	False			Andrews-only. The second root's sense ('to pry') is unattested elsewhere in the dossier, and the parts don't compose cleanly into 'seam'. Possibly a 19th-century sewing term. Low degree (3).	Is huiuna a P&E headword? Spelling, sense 'seam', and what una means in it (pry? something else)? Any Lit. reading?						
hukiheʻe	huki·heʻe	A*	007	doubtful	doubtful	hukiheʻe	inferred	unknown	huki	heʻe#1	partial	pull + slip	Andrews–Parker 1922 bracket [Huki, to pull, and hee, to slip]	gliding along; a net for fry	Andrews–Parker 1922 senses 1 and 3	hele	archaic/obscure	False		Andrews–Parker lists 'The menses' (n. 2) among the senses of hee. Not used here, and the same §4.3 question was raised for heʻenalu in batch-004. huki's Wiktionary homograph also carries 'any fit: convulsion, stroke, spasm'.	Andrews-only. The senses don't compose from the parts and may conflate two words. No modern use, low degree (2).	Is hukiheʻe a P&E headword? Spelling, and which sense(s): a gliding gait, a net for fry, or something else? Is the etymology huki + heʻe?						
hukiwai	huki·wai	A*	007	keep-pending	likely	hukiwai	inferred	unknown	huki	wai#0	transparent	draw water	Andrews–Parker 1922 bracket [Huki, to draw, and wai, water]	to draw water	Andrews–Parker 1922 'To draw water, as from a well'	hana	unknown	False		huki's Wiktionary homograph also carries 'any fit: convulsion, stroke, spasm'. Not used here.	Transparent and plausible, with a lexicalised agent noun in Andrews. But Andrews is the only source, it could be a free verb + object phrase, and the word break is unknown. Degree 22, so worth the lookup.	Is hukiwai a P&E headword (one word), or only the phrase huki wai? Senses: to draw water / a water-drawer?						
hulilua	huli·lua	A*	007	keep-pending	likely	hulilua	inferred	unknown	huli#0	lua#0	transparent	turning two ways	Andrews–Parker 1922 sense 1 and bracket [Huli, to turn and lua, two; double]	turning two ways; shifting	Andrews–Parker 1922 'Turning two ways; blowing two ways, as the wind… shifting'	hele	traditional	False		Sense 3 'two-faced' is a mild put-down. Prefer the wind/turning sense on a card. lua#1 'pit; toilet' is a separate homograph, not used. Wiktionary's lua#0 also lists 'a traditional Hawaiian type of fighting', and Andrews files that bone-breaking art under lua 'pit'. Neither is used here.	Transparent, the root senses are clear (huli#0 turn, lua#0 two), and a mele quoted in Andrews supports it. But Andrews is the only source and the word break is unknown.	Is hulilua a P&E headword, one word or two (huli lua)? Senses: turning two ways (wind), changeable, two-faced? Any Lit. reading?						
hulipoepoe	huli·poepoe	W	007	keep	yes	hulipoepoe	attested	1	huli#0	poepoe	transparent	turning sphere	Wiktionary etymology, 'literally "turning sphere"'	globe; the world	Wiktionary 'globe (model of the Earth)'; Palapala usage 'ka hulipoepoe nei' (this globe, the world)	hele	19th-century coinage	False			Wiktionary analyses it as these two roots and a UH Hawaiian-language journal uses it today, both as one word. It is transparent with nothing to exclude. Probably a mission-school coinage (1841 title, per an unread snippet). That is fine, but the card should treat it as an introduced-knowledge word. Field could be ʻāina (the world) rather than hele (turning). Low degree (4).	Headword hulipoepoe (one word), sense 'globe'? Is poepoe spelled without kahakō? Does P&E give Lit. 'turning sphere'?	https://scholarspace.manoa.hawaii.edu/server/api/core/bitstreams/7b1b8c2e-845e-4bb4-b295-a69672ff2ab0/content | https://www.researchgate.net/publication/258172098_The_Life_of_the_Land_Missionary_Geography_in_the_Hawaiian_Islands	y	keep	hulipoepoe		
huluʻiʻiwi	hulu·ʻiʻiwi	A*	007	keep-pending	likely	huluʻiʻiwi	inferred	unknown	hulu#0	ʻiʻiwi	transparent	feather of the ʻiʻiwi	Andrews–Parker 1922 bracket [Hulu, feather, and iiwi, a small red bird]	ʻiʻiwi feathers, for cloaks	Andrews–Parker 1922 'The feathers from which the ahuula or feather cloaks were made… obtained from the iiwi'	hana	traditional	False		ʻAhuʻula were chiefly regalia. Mention them plainly, with no ornamental use of featherwork imagery (DESIGN §8). The ʻiʻiwi is now a threatened species.	Transparent and traditional, but Andrews is the only source, it may be a free phrase, and the word break is unknown. Degree 1: it can barely turn, so it adds almost nothing to the board.	Is huluʻiʻiwi a P&E headword or sub-entry (one word or hulu ʻiʻiwi)? Sense 'ʻiʻiwi feathers used in featherwork'?						
huluʻānai	hulu·ʻānai	A*	007	doubtful	likely	huluʻānai	inferred	unknown	hulu#0	ʻānai	transparent	rubbing bristles	Andrews–Parker 1922 bracket [Hulu, bristles, and anai, to rub]	paintbrush; whitewash brush	Andrews–Parker 1922 'A brush for painting; especially for whitewashing'	hana	19th-century coinage	False		The dossier's single ʻānai homograph also carries 'to curse' and 'to destroy' (Wiktionary), and Andrews has 'to blot out; to lay waste… to nullify one's character'. If P&E shows the curse sense to be a sorcery or death curse, §4.3 would exclude the ʻĀNAI stone. Ask the kumu read about it.	Transparent, but Andrews-only. It names an introduced practice (whitewashing). Its second root carries a curse sense that may fall under §4.3, and it has degree 1, so it adds risk for no board value.	Is huluʻānai a P&E headword? Spelling and word break. Separately, for the root ʻānai: is the 'curse' sense a sorcery or death curse in P&E (a §4.3 question)?						
hunakai	huna·kai	A*	007	keep	yes	hunakai	attested	1	huna#0	kai	transparent	fine bits of sea	Andrews–Parker 1922 bracket [Huna, small, and kai, sea]; Hawaiʻi Public Radio 'means "sea foam"'	sea foam; the sanderling	Andrews–Parker 1922 senses 1–3 (spray, sea foam, sanderling); DLNR and Hawaiʻi Public Radio	kai	traditional	False		Andrews' Huna n. 3 '[Huna, to hide] … the private parts; genitals; kahi huna' sits under the hide etymology, which is huna#1, not the huna#0 'particle, small' used here. Under §2's 'a stone is a root in sense' the stone is unaffected, but the kumu read should know a HUNA stone has that homograph.	Andrews analyses it as small + sea, and State DLNR and HPR use the same one-word form today (the bird, named for sea foam). It is transparent and traditional, and its root sense is clear (huna#0). Fields could be kai (spray/foam) or lani (bird); kai fits the primary sense.	Headword hunakai (one word)? Senses: sea spray / sea foam / sanderling? Does P&E give Lit. 'sea particle' or similar?	https://dlnr.hawaii.gov/wildlife/birds/hunakai/ | https://www.hawaiipublicradio.org/podcast/manu-minute/2022-02-10/manu-minute-sanderlings-in-the-sea-foam					
hunakaua	huna·kaua	A*	008	keep-pending	likely	hunakaua	inferred	unknown	huna#0	kaua	partial	small part of war	Andrews–Parker 1922 bracket [Huna, small part of, and kaua, war]	a single fighter in an army	Andrews–Parker 1922 ('the individual units or single persons in a war host'). kaua is 'an army drawn up for battle' in Andrews' kaua n.	kanaka	archaic/obscure	True	ROOT-LEVEL, needs a design decision: Andrews–Parker 1922 lists under the noun huna, sense 3, '[Huna, to hide.] That which is concealed; the private parts; genitals; kahi huna'. That sense belongs to the other homograph (huna#1 'hidden, secret'), and it reads as a euphemism ('the hidden part'; kahi huna 'hidden place'). It is not a plain sense of huna#0 'particle'. Under the rule as briefed (any sense of either root, because a reader sees the letters) it flags every huna word, so decide once for HUNA. This is weaker than the hua case in batch-006, because Wiktionary and POLLEX give huna no such sense.	War and killing. 'Huna' is also the name of a 20th-century New Age system sold as ancient Hawaiian teaching (sites such as ancienthuna.com came up in searches). A kumu may not want HUNA stones to call it to mind.	Andrews' analysis is explicit and the parts compose (small part of an army, so one fighter). But it rests on one 1922 source with no modern trace, it is probably archaic, and the HUNA root decision is still open. Degree 11, so it is worth the lookup.	Is hunakaua (or huna kaua) a headword, or a sub-entry under huna? Note the spelling, the word break, the sense 'individual soldier(s) of an army', and any Lit. reading. Once for the HUNA family: does P&E give huna a genital sense, or only through kahi huna?						
hunalepo	huna·lepo	A*	008	doubtful	yes	hunalepo	corroborated	either	huna#0	lepo	transparent	particle of dust	Andrews–Parker 1922 bracket [Huna, small part, and lepo, dust]	dust mote; fine dust	Andrews–Parker 1922 ('Dust; very small particles of matter'); UH Mānoa CBR 2023 ('dust mote')	ʻāina	unknown	True	Root lepo has an excretory sense in the dossier: Andrews–Parker 1922 lepo n. 2 'Dung; excrements' (Wiktionary has 'filth'). Under the either-root rule this flags the word, as halelepo was flagged in batch-002. | ROOT-LEVEL, needs a design decision: Andrews–Parker 1922 lists under the noun huna, sense 3, '[Huna, to hide.] That which is concealed; the private parts; genitals; kahi huna'. That sense belongs to the other homograph (huna#1 'hidden, secret'), and it reads as a euphemism ('the hidden part'; kahi huna 'hidden place'). It is not a plain sense of huna#0 'particle'. Under the rule as briefed (any sense of either root, because a reader sees the letters) it flags every huna word, so decide once for HUNA. This is weaker than the hua case in batch-006, because Wiktionary and POLLEX give huna no such sense.	lepo is also the everyday word for soil, earth and dirt. Whether LEPO can be a stone is a project decision that affects every lepo word. 'Huna' is also the name of a 20th-century New Age system sold as ancient Hawaiian teaching (sites such as ancienthuna.com came up in searches). A kumu may not want HUNA stones to call it to mind.	On its own merits this is a good word: transparent, two sources, modern use. It is held back only by the LEPO root (Andrews' excretory sense) under the either-root rule, consistent with halelepo in batch-002, and by the open HUNA decision. If the project exempts lepo and huna, it becomes keep-pending (spelling and word break).	hunalepo or huna lepo? Is the sense 'dust; mote of dust'? Is there a Lit. reading? For the LEPO family: does P&E list an excrement sense for lepo?	https://manoa.hawaii.edu/cbr/2023/01/26/brown-bag-biography-spring-2023/					
hunawai	huna·wai	A*	008	keep-pending	yes	huna wai	attested	2	huna#0	wai#0	transparent	particle of water	Andrews–Parker 1922 sense 1 ('a particle of water'), with its bracket [Huna, small part, and wai, water]	drop of water; spray, mist	UH SOEST list (2022) and Kamehameha Schools list (1980), both quoting Pukui & Elbert; Andrews–Parker 1922 ('spray; mist')	ʻāina	traditional	True	ROOT-LEVEL, needs a design decision: Andrews–Parker 1922 lists under the noun huna, sense 3, '[Huna, to hide.] That which is concealed; the private parts; genitals; kahi huna'. That sense belongs to the other homograph (huna#1 'hidden, secret'), and it reads as a euphemism ('the hidden part'; kahi huna 'hidden place'). It is not a plain sense of huna#0 'particle'. Under the rule as briefed (any sense of either root, because a reader sees the letters) it flags every huna word, so decide once for HUNA. This is weaker than the hua case in batch-006, because Wiktionary and POLLEX give huna no such sense.	'Huna' is also the name of a 20th-century New Age system sold as ancient Hawaiian teaching (sites such as ancienthuna.com came up in searches). A kumu may not want HUNA stones to call it to mind.	The strongest word in the batch (degree 24). It is transparent, three sources agree on the sense, and the two-word form is corroborated by two reputable lists quoting P&E. Only two things keep it from 'keep': the project-level HUNA decision (Andrews' genital euphemism under the other homograph) and confirming the P&E headword. The same lists give huna kai 'sea spray, sea foam' and huna wailele 'spray from a waterfall', possible members of the same family that are not in this batch.	Confirm the headword 'huna wai' (two words) and the sense 'drop of water, spray, mist'. Is there a Lit. reading? Once for HUNA: does P&E carry a genital sense of huna, and under which homograph?	https://www.soest.hawaii.edu/met/NewPDFs/HawaiianWeatherTerms.pdf | https://blogs.ksbe.edu/kekuiapoiwa/files/2013/12/KA-UA.pdf	y	keep-pending	hunawai		
huʻahuʻanana	huʻahuʻa·nana	A*	008	drop	doubtful	huʻahuʻanana	inferred	unknown	huʻahuʻa	unresolved	partial	floating froth	Andrews–Parker 1922 ('Lit. Floating froth')	reproaching with scornful epithets	Andrews–Parker 1922 ('making use of reproachful epithets')	naʻau	archaic/obscure	False		The only sense is an insult: 'calling one an ignorant nothing'. It is not a slur, but it is a word for belittling someone.	Single 1922 source, degree 0, three morphemes. The second stone is unresolved: Andrews treats nana as a variant of lana 'float', and no NANA root with that sense is in the glossary. The only sense is insulting someone.	Low priority (degree 0). If looked up: is huʻahuʻanana a headword? Is nana here a variant of lana 'float'?						
hāipu	hā·ipu	A*	008	keep-pending	likely	hāipu	inferred	unknown	hā#2	ipu	transparent	gourd-leaf stalk	Andrews–Parker 1922 bracket [Ha, the stem of a leaf, and ipu, a gourd]	gourd leaf stalk, used medicinally	Andrews–Parker 1922	ulu	unknown	False		Lāʻau lapaʻau (medicinal) knowledge. The card should not read as a remedy.	Transparent and correctly analysed: HĀ is the leaf-stalk root, the same stone as in hāniu and hākō. But there is one source, the spelling and word break are inferred, and at degree 2 it is low priority.	hāipu, hā ipu, or not listed? Is there a sub-entry hā ipu under hā 'leaf stalk'? Is the sense 'gourd leaf stem (medicinal)'?						
hākui	hā·kui	A*	008	drop	no	hākui	inferred	unknown	unresolved	unresolved	partial			to echo, reverberate	Andrews–Parker 1922 (v. 1–2)	naʻau	archaic/obscure	False			Prefix-built (DESIGN §2; ROOTS.md method step 5): hā- here is a formative, not one of the three hā roots. Both root senses are unresolved (the kui needed is 'to resound', which is not in the glossary). There are four homographous headwords and one source.	Low priority. If checked: does P&E analyse hākui as hā- + kui 'to resound', and with what spelling? If hā- is a prefix, the drop is confirmed.						
hākō	hā·kō	A*	008	keep-pending	likely	hākō	inferred	unknown	hā#2	kō#0	transparent	leaf of sugar cane	Andrews–Parker 1922 bracket [Ha, the leaf of, and ko, sugar-cane]	sugar-cane leaf	Andrews–Parker 1922	ulu	unknown	False		kō has a homograph kō#1 'to become pregnant; to come to pass'. That is not sexual in itself and not an exclusion. The card's parts row must use kō#0 'sugar cane'.	Transparent, with HĀ as the leaf-stalk root and KŌ as sugar cane, both PPN roots. But there is one source, the spelling is in real doubt (hā or ha), and the word break is unknown.	Spelling: hākō, hakō or hā kō? Is the sense 'sugar-cane leaf'? Is it a sub-entry of hā 'leaf stalk' or of kō?						
hālana	hā·lana	A	008	drop	no	hālana	attested	1	unresolved	lana#0	partial			to overflow, flood	Wiktionary ('to overflow'); Andrews–Parker 1922 ('to overflow, as water; to flood'); Harangody et al. 2022	ʻāina	unknown	False			A real, attested word, but not two roots. The first element is the prefix hā- (Andrews: 'participle'), so a HĀ stone would carry a sense no source gives it. Drop it as prefix-built, as DESIGN drops pā-, kā- and hoʻo- words. Its degree of 9 comes from the wrong hā mapping.	Check only if the project reconsiders prefix words: P&E's etymology for hālana (hā- + lana?). Otherwise no check is needed.	https://ecologyandsociety.org/vol27/iss4/art21/					
hāliʻikuli	hāliʻi·kuli	A*	008	keep-pending	likely	hāliʻikuli	inferred	unknown	hāliʻi	kuli#1	partial	spread knees	Andrews–Parker 1922 bracket [Halii, to spread, and kuli, knee or knees]	stingy; one who guards the food	Andrews–Parker 1922 (senses 1–2)	naʻau	archaic/obscure	False		A character judgement (stinginess). Mild. kuli also has homographs 'deaf' (kuli#0) and, in Andrews, 'a bribe to secure silence'. The parts row must use 'knee'.	A vivid compound you can picture, with sound PPN roots: the body image composes into the value judgement. But there is one source and the spelling is inferred. At degree 1 it is the lowest priority in the batch.	hāliʻikuli or hāliʻi kuli? Are the senses 'one who spreads the knees at a meal; stingy'? Is there a Lit. reading?		y	keep-pending	hāliʻikuli		
hānaukahi	hānau·kahi	A*	008	keep-pending	likely	hānaukahi	inferred	unknown	hānau	kahi#0	transparent	born one	Andrews–Parker 1922 bracket [Hanau, born, and kahi, one]	an only child	Andrews–Parker 1922	kanaka	unknown	False			Transparent and gentle, and it pairs with hānau mua. But there is one source, no modern trace was found, and the spelling and word break are inferred. It may be a free phrase rather than a lexical item, which P&E would show.	Is hānaukahi, or hānau kahi, in P&E at all? Is the sense 'only child'? If it is absent, treat it as a free phrase and drop it.						
hānaumua	hānau·mua	A*	008	keep-pending	yes	hānau mua	corroborated	2	hānau	mua	transparent	first born	Andrews–Parker 1922 bracket [Hanau and mua, the first]	first-born child	Andrews–Parker 1922	kanaka	unknown	False		Birth order carries genealogical weight (hiapo). Nothing to exclude. mua also means the men's eating house, which was tabu to women (Andrews). The parts row must use 'first'.	Transparent, with one source plus modern use. P&E needs to confirm that it is a headword and not just a phrase (the usual word is hiapo, as HPR's word of the day shows), and to confirm the two-word spelling.	Is 'hānau mua' a P&E headword or sub-entry, written as two words? Is the sense 'first-born'? If it appears only as a phrase under hānau, mark it as a phrase.	https://www.hawaiipublicradio.org/hawaiian-word-of-the-day-december-22nd					
hāneʻe	hā·neʻe	A*	008	drop	no	hāneʻe	inferred	unknown	unresolved	neʻe	partial			to slide down, as a cliff	Andrews–Parker 1922 (sense 2 and its pali example)	ʻāina	unknown	False			Prefix-built (DESIGN §2; ROOTS.md method step 5): hā- here is a formative, not one of the three hā roots. One source, and the spelling of the first vowel is unconfirmed.	Low priority. If checked: is the spelling hāneʻe or haneʻe, and does P&E treat hā- here as a prefix?						
hāniu	hā·niu	A*	008	keep-pending	likely	hāniu	inferred	unknown	hā#2	niu#0	transparent	stalk of the coconut leaf	Andrews–Parker 1922 bracket [Ha, butt-end or stem of a leaf, and niu, a cocoanut]	butt end of a coconut frond	Andrews–Parker 1922 ('the heavy end or stem of a cocoanut leaf')	ulu	unknown	False			Transparent and correctly analysed, and it shares the leaf-stalk HĀ and the coconut NIU with other words. But there is one source, the spelling and word break are inferred, and the degree is 3.	hāniu or hā niu? Is the sense 'heavy butt end of a coconut frond'? (niu here is the coconut, not niu 'spinning'.)						
hāpale	hā·pale	A*	008	doubtful	doubtful	hāpale	inferred	unknown	unresolved	pale#1	partial			a device for carrying things off	Andrews–Parker 1922 ('a contrivance for carrying off or removing anything')	hana	archaic/obscure	False		Andrews ties it to kopala 'shovel'. If that is the English loan, the word is entangled with a borrowing. The shown sense would have to stay native.	One source, the hā 'trough' root is not in the glossary, the gloss is vague, and Andrews' own etymology leans on a probable loanword. Degree 3.	Is hāpale a headword? What is hā here (does P&E have hā 'trough')? Is it related to kopalā 'shovel'?						
hāʻawiana	hāʻawi·ana	A*	008	drop	no	hāʻawiana	inferred	unknown	hāʻawi	unresolved	partial			a giving; a portion; a lesson	Andrews–Parker 1922	hana	unknown	True	Grammatical (DESIGN §4.3, particles): the second element is the particle ana, not a root.		Verb plus grammatical particle, not two roots. Its degree of 12 comes from mapping ana to 'cave'.	No check needed.		y	drop	haʻawina		
hēʻahā	hē·ʻahā	A*	008	drop	no	he aha	inferred	unknown	unresolved	unresolved	transparent	a what?	Andrews–Parker 1922 bracket ('A what?')	what? (question word)	Andrews–Parker 1922	naʻau	traditional	True	Grammatical (DESIGN §4.3): an article plus an interrogative. | Neither stone is the root the candidate assumed (hē 'caterpillar', ʻahā 'four'). On the board the gloss would teach nothing about either stone.		An article plus an interrogative, and both root mappings are wrong.	No check needed.						
hōkūao	hōkū·ao	A*	008	keep-pending	yes	Hōkūao	attested	1	hōkū	ao#0	transparent	dawn star; daylight star	Andrews–Parker 1922 bracket [Hoku, star, and ao, light]; Ke Ola Magazine ('dawn star or day star')	Venus as the morning star	Andrews–Parker 1922; Ke Ola Magazine	lani	traditional	True	Proper name: a star or planet name (Venus). DESIGN §4.3 leaves star names open and proposes to allow them and nothing else. Clear this flag if that proposal is adopted; drop the word if it is not.	Note the ao homographs: the parts row must use ao#0 'daylight, dawn', not ao#2 'cloud' or ao#1 'world'.	A yes on the evidence: two independent sources, an attested modern spelling, and a transparent compound that fits the compass field and turns with Hōkūloa (both are Venus). It is held only on the star-name policy, plus a P&E confirmation of the Lit. reading.	Is the headword Hōkūao (or Hōkū-ao)? Is the sense 'Venus as morning star'? Does P&E give a Lit. reading ('dawn star' or 'daylight star')?	https://keolamagazine.com/hawaii-island/h2017-1/almanac-in-the-sky/					
hōkūhele	hōkū·hele	A	008	keep	yes	hōkū hele	attested	2	hōkū	hele	transparent	traveling star	Ke Ola Magazine ('hōkū hele, traveling star'); Andrews–Parker 1922 bracket (hele, to move)	planet	Andrews–Parker 1922 ('a planet'); Ke Ola Magazine; Hawaiian Wikipedia usage	lani	traditional	False			Three independent sources (Andrews, Wiktionary, Ke Ola), heavy modern use, an attested two-word spelling, and a transparent meaning. There is no exclusion concern, and a common noun needs no star-name policy. Degree 10. A fine card: the wanderers among the fixed stars.	Confirm the headword 'hōkū hele' (two words), the sense 'planet', and the Lit. reading ('traveling star' or 'moving star').	https://keolamagazine.com/hawaii-island/h2017-1/almanac-in-the-sky/					
hōkūlele	hōkū·lele	A*	008	keep-pending	likely	hōkūlele	inferred	either	hōkū	lele	transparent	flying star	Andrews–Parker 1922 ('literally, a flying star')	meteor; shooting star	Andrews–Parker 1922 ('a meteor')	lani	traditional	False		Meteors were read as omens (the tourism-site lead says so, and so does reviewer knowledge, unverified). The near neighbour akualele, a fireball sent in sorcery, was dropped in batch-000. The card must say meteor and nothing about omens. If P&E links hōkū lele to death or sorcery, re-screen it.	Transparent, and Andrews gives the Lit. reading himself. Degree 16, so it is valuable. But there is one source, the spelling and word break are open, and the sense is unsettled even within Andrews (meteor in one place, comet in another).	hōkū lele or hōkūlele? Meteor, shooting star, or comet? Does P&E give the Lit. 'flying star'? Does it note any omen, death or sorcery association?	https://www.lovebigisland.com/meteor-shower-guide/meteors-hawaiian-culture/					
hōkūloa	hōkū·loa	A*	008	keep-pending	yes	Hōkūloa	attested	1	hōkū	loa	partial	great star (or: long-staying star)	Andrews–Parker 1922 bracket (loa, great) and Makemson 1939 ('great star'); Ke Ola Magazine ('long [staying] star')	Venus; the morning star	Andrews–Parker 1922; Makemson 1939; Hawaiian Wikipedia	lani	traditional	True	Proper name: a star or planet name (Venus). DESIGN §4.3 leaves star names open and proposes to allow them and nothing else. Clear this flag if that proposal is adopted; drop the word if it is not.	Reviewer knowledge, unverified: Hōkūloa is also the name of a historic church (Puakō), and 'morning star' has Christian uses. Neither is a reason to exclude it. Andrews' loa n. 2, 'a receptacle of filth', was noted in batch-000 and not flagged.	A yes on the evidence: four sources, an attested spelling, and DESIGN's own example of a star name. It is held on the star-name policy, and on which loa it holds. 'Great' (Andrews, Makemson) is closer to the intensive loa, which POLLEX lists as a postposed particle. 'Long [staying]' (Yuen) is the glossary's loa 'long, distance'. That decides whether the LOA stone links here. Degree 13.	Is the headword Hōkūloa? Are the senses Venus and morning (and evening) star? Which Lit. does P&E give, 'great star' or 'long star'? That decides which loa sense the stone carries.	http://archive.hokulea.com/pdfs/Hawaiian_astronomy_II.pdf | https://keolamagazine.com/hawaii-island/h2017-1/almanac-in-the-sky/ | https://www.maunakeaobservatories.org/stories/hawaiian-skies-ikuwa-2025		keep-pending	Hōkūloa		
hōkūnaʻi	hōkū·naʻi	W	009	keep	yes	hōkūnaʻi	attested	1	hōkū	naʻi#0	partial	conquering star	Wiktionary etymology ('literally "conquering star"')	asteroid	Wiktionary 'asteroid'; ʻImiloa usage for Kamoʻoalewa (2016 HO3) and Kaʻepaokaʻāwela	lani	modern coinage	False			Sound modern coinage: Wiktionary analysis plus consistent modern use by Hawaiian Wikipedia and ʻImiloa. Root senses are clear (hōkū 'star', naʻi#0 'to conquer'). Transparency is only partial: the parts give 'conquering star' but not why that means 'asteroid'. The card should show the literal reading as given and not invent a story for it.	Probably absent from P&E (modern term); check Māmaka Kaiao. Headword hōkūnaʻi, sense 'asteroid'. Does Māmaka Kaiao give a literal reading or naming note?	https://imiloahawaii.org/articles/a-hua-he-inoa-8e3ax	y	keep	hōkūnaʻi		
hōkūʻaeʻa	hōkū·ʻaeʻa	A*	009	keep	yes	hōkū ʻaeʻa	attested	either	hōkū	ʻaeʻa	transparent	wandering star	Andrews–Parker 1922 bracket [Hoku, star, and aea, wandering]; Johnson 2008 '"wandering" or "vagabond" stars'	planet	Andrews–Parker 1922 'A planet'; Wiktionary 'planet'; Johnson 2008	lani	traditional	False		Root ʻaeʻa also carries 'vagabond; outcast; fugitives' for people (Andrews Aea n.; Ke Ola 'shiftless … vagrant'). That is a mild put-down, not a slur, and the compound does not use it. Choose ʻaeʻa's root gloss as 'to wander', not 'vagrant'.	Two independent written sources (Andrews; Johnson) and a Wiktionary headword agree on 'planet = wandering star'. Fully transparent, a navigation word, and pairs naturally with hōkū paʻa / hōkū hele. Only the word break is open. Majority spelling is two words, which a two-stone caption shows the same way.	Headword 'hōkū ʻaeʻa' (two words) or 'hōkūʻaeʻa'? Is the sense 'planet', and is there a Lit. 'wandering star'? Confirm ʻaeʻa has ʻokina at both positions and no kahakō.	https://www.hawaiifreepress.com/Portals/0/Article%20Attachments/Astronomy%20in%20Hawai'i%20RKJ.pdf | https://keolamagazine.com/hawaii-island/h2017-1/almanac-in-the-sky/					
hōʻakakeʻa	hōʻaka·keʻa	A*	009	doubtful	doubtful	hoakakeʻa	inferred	unknown	unresolved	keʻa#0	partial	arch cross-piece	Andrews–Parker 1922: Hoaka n. 3 'the arch or lintel over a door' + bracket 'kea, a cross'	lintel over a door	Andrews–Parker 1922 'The arch over a door; a lintel'	hana	archaic/obscure	True	Borderline, root-level: keʻa has a homograph 'male animal reserved for breeding, virile male' (POLLEX, Hawaiian reflex of PEP *teka 'penis'; Andrews Kea n. 1). §4.3 drops a word if any sense is sexual. The compound does not use that sense, but the KEʻA stone as a whole needs one project ruling, as hua 'testicle' (batch-007) and heʻe (batch-004) did.	Hoaka is also a kapu night ('One of the tabu days; the second day of the moon') and, in Hawaiian Wikipedia, a chief's kapu radiance ('Ua kapu pū kāna hoaka i nā makaʻāinana'). If a HOAKA stone is ever made, gloss it with care.	Andrews-only, degree 2. The first root is misidentified in the dossier. Its real modern form (Hoaka) is a root outside the 476, and would wrongly link to hōʻaka 'provoke laughter' if left as is. The compound is near-redundant with hoaka alone, and keʻa carries a borderline homograph. Low value for the board even if P&E confirms it.	Is there a headword hoakakeʻa (or hoaka keʻa), 'lintel'? How does P&E spell hoaka 'arch, lintel; crescent; 2nd night' (ʻokina? kahakō?)? Is keʻa 'breeding male' a separate entry from keʻa 'cross-piece'?						
hōʻoiaʻio	hōʻoia·ʻio	A*	009	drop	no	hōʻoiaʻiʻo	attested	1	hōʻoia	unresolved	opaque			to prove, verify	Andrews–Parker 1922 'To prove; to substantiate as a fact'; Hawaiian Wikipedia usage	naʻau	unknown	False			Mis-split: the second part is ʻiʻo/ʻoiaʻiʻo 'true', not ʻio 'hawk'. The word is prefix-built (hō- causative) on ʻoiaʻiʻo. Under ROOTS.md step 5 it is not a root + root compound, and an ʻIO (hawk) stone here would link it to bird words.	Confirm the headword hōʻoiaʻiʻo is analysed as hō- + ʻoiaʻiʻo, then drop. Nothing else needed.	http://aokaiapuni.weebly.com/uploads/2/7/0/1/27011744/ccss_pilihelu_papa9-12.pdf					
hōʻolemana	hōʻole·mana	A*	009	doubtful	doubtful	hōʻolemana	inferred	unknown	hōʻole	mana#0	transparent	deny power	Andrews–Parker 1922 bracket [Hoole, to deny, and mana, power; authority]	to deny the authority of someone	Andrews–Parker 1922 'To deny one's power or authority'	naʻau	19th-century coinage	False		Andrews defines it by the 1819 overthrow of the kapu system: people denying 'the authority of the priests and the ancient gods'. It also cites the Jews denying Jesus. mana is a sacred concept. A kumu would want this handled with care, and the gloss can't be given without that history.	One 1922 source and no modern use. It looks like a free verb–object phrase. The first stone, HŌʻOLE, is a derived verb (hō- + the negator ʻole), not a root. The meaning is tied to a charged religious-historical episode.	Does P&E have hōʻolemana (or hōʻole mana) as an entry at all? If so, spelling and sense. Is hōʻole treated as a root or as hō- + ʻole?						
hōʻolepule	hōʻole·pule	A*	009	doubtful	doubtful	hōʻolepule	inferred	unknown	hōʻole	pule#0	partial	deny prayer	Andrews–Parker 1922 bracket [Hoole, to deny, and pule, prayer; religion]	to deny priestly authority	Andrews–Parker 1922 'To deny one's authority to act as priest'	naʻau	19th-century coinage	False		Like hōʻolemana, it is defined by the 1819 breaking of the kapu (priests, the old religion), which is religiously and historically charged. Root pule: Wiktionary pule#0 includes 'spell' as well as 'prayer'. The compound doesn't use 'spell', but the PULE stone should be glossed 'prayer'. halepule (batch-003) set the precedent.	Andrews-only, no modern use, probably a phrase. Its one sense is narrow and historical (it would teach little beyond that one episode) and religiously sensitive. The first stone is the derived verb hōʻole. Leans drop.	Is hōʻolepule in P&E at all? If so, spelling and sense, and is it marked archaic?						
hūhonua	hū·honua	A*	009	doubtful	doubtful	hūhonua	inferred	unknown	hū#0	unresolved	opaque			to rise for the common good	Andrews–Parker 1922 'To rise in action that shall result in the general welfare'	naʻau	archaic/obscure	False		Root hū: the dossier's hū#0 is a merged Wiktionary entry ('to rise, swell; to leaven; to surge, overflow; to depart, stray; gum; alternative form of hui; commoners'). The rise/overflow/leaven/ooze senses, which these hū- compounds use, hang together. 'Commoners' and 'stray off course' may be separate roots, and P&E should settle that for the HŪ stone as a whole. Every hū- compound in this batch is A*: its kahakō on hū is pieced together, not seen.	One 1922 source with a guessed bracket and an obscure example. The honua sense is unresolved, and a card reading 'rise + earth' would mislead. Not worth a stone link without P&E.	Is hūhonua a P&E headword? Spelling (hū or hu)? What sense does P&E give, and which honua does it use?		y	doubtful	hūhonua		
hūkai	hū·kai	A*	009	keep-pending	likely	hūkai	inferred	unknown	hū#0	kai	partial	salt water oozing	Andrews–Parker 1922 bracket [Hu, to ooze, and kai, salt water]	brackish; tasteless	Andrews–Parker 1922 'Brackish; insipid; tasteless'	kai	unknown	False		Root hū: the dossier's hū#0 is a merged Wiktionary entry ('to rise, swell; to leaven; to surge, overflow; to depart, stray; gum; alternative form of hui; commoners'). The rise/overflow/leaven/ooze senses, which these hū- compounds use, hang together. 'Commoners' and 'stray off course' may be separate roots, and P&E should settle that for the HŪ stone as a whole. Every hū- compound in this batch is A*: its kahakō on hū is pieced together, not seen.	Plausible and high-value (degree 15), but Andrews-only and pieced together. The hū/kai split is uncertain given hukakai/hukahukai, and kai alone means 'brackish'. P&E must confirm it exists, how it is spelled, and that hū is the root here.	Is hūkai (or hukai) a P&E headword meaning 'brackish'? Kahakō on hū? Are hukakai / hukahukai listed, and does P&E analyse any of them as hū + kai?						
hūkaʻa	hū·kaʻa	A*	009	doubtful	doubtful	hūkaʻa	inferred	unknown	hū#0	unresolved	partial	what oozes from timber	Andrews–Parker 1922 bracket [Hu, to ooze out of, and kaa, foreign timber …]	pitch, resin, tree gum	Andrews–Parker 1922 'Pitch, resin or gum from a tree'	ulu	unknown	False		Root hū: the dossier's hū#0 is a merged Wiktionary entry ('to rise, swell; to leaven; to surge, overflow; to depart, stray; gum; alternative form of hui; commoners'). The rise/overflow/leaven/ooze senses, which these hū- compounds use, hang together. 'Commoners' and 'stray off course' may be separate roots, and P&E should settle that for the HŪ stone as a whole. Every hū- compound in this batch is A*: its kahakō on hū is pieced together, not seen.	Andrews-only. Its second root is a 'foreign timber' sense of kaa that no modern source in the dossier carries, so a KAʻA stone here would wrongly link to kaʻa 'roll; car'. Spelling unconfirmed.	Is hūkaʻa a P&E headword ('pitch, resin; NW-coast driftwood')? Exact spelling? Does P&E give kaʻa 'foreign timber' as a sense, and is it the same entry as kaʻa 'to roll'?						
hūlani	hū·lani	A*	009	keep-pending	likely	hūlani	inferred	unknown	hū#0	lani	partial	rising to heaven	Andrews–Parker 1922 bracket [Hu, to rise, and lani, heaven]	to praise highly, exalt	Andrews–Parker 1922 '1. To praise; to exalt'	naʻau	unknown	False		Root hū: the dossier's hū#0 is a merged Wiktionary entry ('to rise, swell; to leaven; to surge, overflow; to depart, stray; gum; alternative form of hui; commoners'). The rise/overflow/leaven/ooze senses, which these hū- compounds use, hang together. 'Commoners' and 'stray off course' may be separate roots, and P&E should settle that for the HŪ stone as a whole. Every hū- compound in this batch is A*: its kahakō on hū is pieced together, not seen. Hūlani / Hulani is also a common personal name, but that is not this word's main sense. Sense 2, 'to flatter, gush', is mildly pejorative, so prefer sense 1 on the card.	Plausible, transparent-enough compound with a high degree (11), on one 1922 source. P&E needs to confirm the headword, the kahakō on hū, and which hū it is: 'rise' (Andrews) or perhaps hū#1 'to call out, hum' (reviewer's alternative).	Is hūlani a P&E headword, and with what sense ('to praise extravagantly'?) and spelling? Lit. reading? Which hū: 'rise' or 'to make a noise, call out'?						
hūpuna	hū·puna	A*	009	keep-pending	likely	hūpuna	inferred	unknown	hū#0	puna#0	transparent	overflowing spring	Andrews–Parker 1922 bracket [Hu, to overflow and puna, a spring]	pool of overflowing spring water	Andrews–Parker 1922 'A collection or overflow of spring water in a hollow place'	ʻāina	unknown	False		Root hū: the dossier's hū#0 is a merged Wiktionary entry ('to rise, swell; to leaven; to surge, overflow; to depart, stray; gum; alternative form of hui; commoners'). The rise/overflow/leaven/ooze senses, which these hū- compounds use, hang together. 'Commoners' and 'stray off course' may be separate roots, and P&E should settle that for the HŪ stone as a whole. Every hū- compound in this batch is A*: its kahakō on hū is pieced together, not seen. Root puna: Andrews lists 'Contraction of punalua' (a co-spouse relationship) under Puna v. That is not this sense, but note it once for the PUNA stone.	Transparent, fits the fresh-water field, degree 8. But it rests on one 1922 source and the spelling is pieced together.	Is hūpuna (or hupuna) a P&E headword, 'overflow of spring water in a hollow'? Spelling and word break?						
hūʻalu	hū·ʻalu	A*	009	doubtful	doubtful	hūʻalu	inferred	unknown	unresolved	ʻalu	opaque			film over the eye	Andrews–Parker 1922 'A slight viscous membrane that affects the eye'	kanaka	archaic/obscure	False		An eye ailment (disease). Root hū: the dossier's hū#0 is a merged Wiktionary entry ('to rise, swell; to leaven; to surge, overflow; to depart, stray; gum; alternative form of hui; commoners'). The rise/overflow/leaven/ooze senses, which these hū- compounds use, hang together. 'Commoners' and 'stray off course' may be separate roots, and P&E should settle that for the HŪ stone as a whole. Every hū- compound in this batch is A*: its kahakō on hū is pieced together, not seen.	Andrews-only. The first part is unglossed, so sense_a is unresolved, and the meaning is ʻalu's own. Not a demonstrable two-root compound.	Is there a P&E headword hūʻalu / huʻalu / hualu meaning 'membrane over the eye'? Spelling, and any analysis?						
hūʻole	hū·ʻole	A*	009	doubtful	doubtful	hū ʻole	corroborated	2	hū#0	ʻole	transparent	without leaven	Andrews–Parker 1922 bracket [Hu, leaven, and ole, none]	unleavened; unfermented	Andrews–Parker 1922 'Unfermented … Without leaven; unleavened'	ulu	19th-century coinage	True	The second stone is the negator ʻole (Andrews 'a word used in denial; no, not'; POLLEX PEP *kore 'Negative'). §4.3 excludes the grammatical. Same project-level ruling as for the ʻOLE stone in batches 004 and 007.	Christian sacramental context: unleavened bread for communion (Andrews 'berena huole'; Hawaiian Wikipedia church text). Root hū: the dossier's hū#0 is a merged Wiktionary entry ('to rise, swell; to leaven; to surge, overflow; to depart, stray; gum; alternative form of hui; commoners'). The rise/overflow/leaven/ooze senses, which these hū- compounds use, hang together. 'Commoners' and 'stray off course' may be separate roots, and P&E should settle that for the HŪ stone as a whole. Every hū- compound in this batch is A*: its kahakō on hū is pieced together, not seen.	Very likely a free privative phrase, and its second stone is grammatical. Drop if ʻole is ruled out as a stone.	Is hūʻole / hū ʻole a P&E entry or only a phrase (e.g. under hū or palena)? Does P&E treat X-ʻole as compounds?		y	drop	hū ʻole		
hūʻē	hū·ʻē	A*	009	drop	doubtful	huʻe	corroborated	1	unresolved	unresolved	opaque			to remove; unload a ship	Andrews–Parker 1922 'To cause to flow out; to unload, as a ship. To remove'	hana	traditional	True	Per Andrews' own bracket, the second element is the directional 'e, from/away', a grammatical particle (§4.3).	In modern use huʻe often describes the disturbance or exhumation of iwi kūpuna (burials), which is a grave matter. Andrews' homograph 'Hue, adj.' also means 'skillful at deception; thievish', a put-down but not a slur.	Not a compound of hū + ʻē. The modern word is huʻe, a single verb with a different spelling. Andrews' second part is a grammatical directional, and neither dossier ʻē sense fits. Keeping it would put HŪ and ʻĒ stones on a word that contains neither.	Confirm the headword huʻe 'to remove, unload, uncover' and that P&E gives no hū + ʻē analysis, then drop.	https://www.civilbeat.org/2026/04/%CA%BBa%CA%BBe-%CA%BBia-ka-pono-iwi-kupuna-ma-ka-wa-ho%CA%BBoma%CA%BBema%CA%BBe-no-ka-holapu-ahi-o-lahaina-wahi-a-kahi-ho%CA%BBopi%CA%BBi-%CA%BBana					
iwikū	iwi·kū	A*	009	keep-pending	likely	iwikū	inferred	unknown	iwi	kū#0	partial	standing bone	Andrews–Parker 1922 bracket [Iwi and ku, to stand]	a bone of the lower leg	Andrews–Parker 1922 'One of the bones of the lower leg'	kanaka	unknown	False		iwi (bones) carry sacred weight (iwi kūpuna). An anatomical sense is fine, but the IWI stone's gloss should be plain 'bone'.	Transparent-enough, body field, degree 7. It rests on one 1922 source, and Andrews does not say which lower-leg bone. P&E must confirm it exists and how it is spelled.	Is iwikū (or iwi kū) a P&E headword? Which bone (shin bone / tibia? fibula?)? Lit. reading?						
iwipona	iwi·pona	A*	009	keep-pending	likely	iwipona	inferred	unknown	iwi	pona	transparent	bone joint	Andrews–Parker 1922 bracket [Iwi, bone, and pona, joint]	a joint of the bones	Andrews–Parker 1922 '1. A joint'	kanaka	archaic/obscure	False		Sense 2 describes a person's bones scattered and jumbled together. Its example is about weeping ('hai pu ka iwipona i ka uwe'). Human remains are sacred (iwi kūpuna), so show only sense 1 if kept.	Transparent but Andrews-only, possibly a phrase, and degree 1, so it barely helps the board. Sense 2 needs care.	Is iwipona (or iwi pona) a P&E headword? Is the sense 'joint', and is the 'jumbled bones' sense listed?						
kahahānai	kaha·hānai	A	009	keep-pending	likely	kahahānai	attested	1	unresolved	hānai	opaque			radius of a circle	Wiktionary 'radius'; Andrews–Parker 1922 '[Mod.] The radius of a circle'; Hawaiian CCSS 9–12 translation	hele	19th-century coinage	False			A real, attested word, but its parts row would mislead. 'kaha line + hānai foster child = radius' adds up to nothing. The true parts seem to be a cord of a calabash hanger: Andrews' hānai n. 1 and kahahānai sense 1. If P&E lists hānai 'calabash-hanger cords' as a separate entry, this HĀNAI stone must not link to makua hānai. Show without a parts row, or settle the root senses first. The radius sense is marked [Mod.] by Andrews; the cord sense is older.	Headword kahahānai: senses (calabash-net cord; radius)? Any Lit. reading? Which kaha (Andrews says 'a knot')? Is hānai 'strings of a hanging calabash' the same entry as hānai 'to feed, foster'?	http://aokaiapuni.weebly.com/uploads/2/7/0/1/27011744/ccss_pilihelu_papa9-12.pdf					
kahakai	kaha·kai	A	009	keep	yes	kahakai	attested	1	kaha#1	kai	transparent	sea place	Wiktionary etymology, surface analysis kaha ('place') + kai ('sea'); supported by Andrews' Kaha n. 3 'a strip of land along the shore'	seashore, beach	Wiktionary 'seashore, seaside, coast; sandy shore, beach'; Andrews–Parker 1922 'The seashore'	kai	traditional	False			Inherited compound (PNP *tafa-tai), analysed by two sources, in heavy modern use, fully transparent. Use kaha#1 'place' (PPN *tafa 'side, edge'), not Andrews' 'mark': Andrews' bracket is the 19th-century reading, and his own Kaha n. 3 supports the place sense. This word decides that KAHA 'place' and KAHA 'line, mark' are separate stones.	Headword kahakai; does P&E give Lit. 'sea place'? Confirm P&E's kaha 'place' is a separate entry from kaha 'to scratch, mark'.	https://www.nps.gov/alka/index.htm					
kahaone	kaha·one	W	009	keep-pending	likely	kahaone	attested	either	kaha#1	one	transparent	sand place	Wiktionary etymology kaha ('place') + one ('sand')	sandy beach	Wiktionary 'a beach covered with sand'	kai	unknown	False			Transparent and a natural partner for kahakai, but only Wiktionary analyses it, and the word break is unsettled. The one modern use is two words in a lyric, where it may be a phrase.	Headword kahaone or kaha one? Sense 'sandy beach'? Lit. 'sand place'?		y	keep	kahaone		
kahapili	kaha·pili	A*	009	keep-pending	yes	kahapili	corroborated	1	kaha#0	pili	transparent	touching line	Andrews–Parker 1922 bracket [Kaha, a mark, and pili, to touch], with Andrews' Kaha n. 2 'In mathematics, a line'	tangent to a circle	Andrews–Parker 1922 'In geometry, a tangent of a circle'; Hawaiian CCSS 9–12 translation	hele	19th-century coinage	False			A real technical compound, transparent ('touching line'), with two independent sources. Spelling is only corroborated by one modern document, so P&E or Māmaka Kaiao should confirm the headword. Uses kaha#0 'line, mark', not kaha#1 'place', so it must not share a stone with kahakai.	Headword kahapili (one word), 'tangent (geometry)'? Is it in P&E or Māmaka Kaiao? Lit. 'touching line'?	http://aokaiapuni.weebly.com/uploads/2/7/0/1/27011744/ccss_pilihelu_papa9-12.pdf					
kahapoʻohiwi	kaha·poʻohiwi	A*	010	doubtful	doubtful	kahapoʻohiwi	inferred	unknown	unresolved	poʻohiwi	partial	shoulder fat	Andrews–Parker 1922 bracket [Kaha, fat, and poohiwi, shoulder]	fat or muscle on shoulder blade	Andrews–Parker 1922: 'The fat or muscle on the shoulder-blade.'	kanaka	archaic/obscure	False			One 1922 source. The first root's sense ('fat') isn't in any modern source in the dossier, and the spelling is entirely inferred. An obscure anatomical term.	Is there a headword kahapoʻohiwi / kaha poʻohiwi? Does P&E have a kaha meaning 'fat, plumpness', and how is it spelled (kaha or kahā)? Gloss 'fat or muscle on the shoulder blade'?						
kahapōʻai	kaha·pōʻai	A*	010	keep-pending	likely	kahapōʻai	inferred	unknown	kaha#0	pōʻai	transparent	encircling line	Andrews–Parker 1922 bracket [Kaha, a mark, and poai, to surround]; kaha#0 'line, stripe; to mark' (Wiktionary)	circumference of a circle	Andrews–Parker 1922	hele	19th-century coinage	False			Plausible, transparent geometry term with one source. Spelling and word break need P&E. Register is inferred: Andrews gives both roots mission-school maths/geography senses (kaha 'in mathematics, a line'; pōʻai waena 'equinoctial line'), but doesn't mark this word [Mod.].	Headword kahapōʻai or kaha pōʻai? Gloss 'circumference'? Does Māmaka Kaiao use a different modern word for circumference (which would make this the 19th-c. term)?						
kahawai	kaha·wai	W+A	010	keep	yes	kahawai	attested	1	kaha#1	wai#0	transparent	water place	Wiktionary etymology: kaha ('place') + wai ('water'). Andrews–Parker instead brackets kaha 'cut' (a channel cut by water).	stream, creek; ravine, gulch	Wiktionary; Andrews–Parker 1922 ('a brook … 2. A ravine, wet or dry')	ʻāina	traditional	False			Certain word, attested spelling, no exclusion concern. One open point: which kaha. Wiktionary says kaha#1 'place' (links with kahakai); Andrews says kaha#0 'cut'. Set the link sense from P&E's Lit. before KAHA stones link across these families.	Does P&E give a Lit. for kahawai, and is it 'water place' (kaha 'place') or something built on kaha 'cut/mark'? This decides whether kahawai's KAHA stone links with kahakai's.	https://dlnr.hawaii.gov/dar/habitat/about-streams/cultural-importance/		keep	kahawai	keep	The word is certain: Wiktionary, Andrews, 111 one-word uses to 1 on Hawaiian Wikipedia, and State DLNR. The sources split on kaha. Wiktionary says 'place' (kaha#1, PPN *tafa 'side, edge'). Andrews says 'cut', with his kaha n. 4 'channel of a stream. See kahawai' (kaha#0). Hawaii News Now's Hawaiian Word of the Day (2020) also reads kaha 'to mark or carve' (kaha#0). The first reader's kaha#1 rests on Wiktionary alone, with no tie-breaker and no P&E Lit. Leaving the sense unresolved keeps kahawai from linking to kahakai and kahaone until P&E settles it. DESIGN §2's KAHA·KAI → KAHA·WAI → KAHA·ONE example depends on this. The verdict stays 'keep': both candidate senses are KAHA roots in the dossier, so the word is certainly kaha + wai. Only the link is withheld.
kahikolu	kahi·kolu	W	010	drop	yes	kahikolu	attested	1	kahi#0	kolu	transparent	one-three (three in one)	Wiktionary etymology; Andrews–Parker 'three in one'	three-in-one; the Trinity	Wiktionary ('three-in-one'); Andrews–Parker 1922	naʻau	19th-century coinage	True	mainly a proper name of a deity: the Trinity. Andrews says 'used only in the Scriptural sense', and every hawwiki use is the Trinity	Christian theological term from the mission era.	A real compound, but in practice it names the Christian Godhead (§4.3 proper name / deity). Degree 2 also means it could never open a deal.	Only if the exclusion is reconsidered: does P&E give any non-religious sense ('threefold') beyond the Trinity?						
kahimoe	kahi·moe	A*	010	doubtful	doubtful	kahi moe	inferred	unknown	kahi#2	moe	transparent	place of sleeping	Andrews–Parker 1922 bracket [Kahi, place, and moe, to sleep]	sleeping place; bedstead	Andrews–Parker 1922	hana	unknown	False		moe's senses in the dossier include 'to die' and 'to marry'. If P&E's moe also carries a mating sense, §4.3 ('any sense … sexual') would reach every moe word, which is a call for the design owner.	Most likely a free phrase built on kahi (= ka + wahi, so it contains the article) rather than a lexicalised compound. One 1922 source, no modern use found.	Is kahimoe / kahi moe a P&E headword or sub-entry, or only a phrase? If listed, spelling and gloss. Also: does P&E's moe include a sexual/mating sense (affects all moe words)?		y	doubtful	kahimoe		
kahuahale	kahua·hale	A*	010	keep-pending	likely	kahua hale	corroborated	either	kahua	hale	transparent	house foundation	Andrews–Parker 1922 bracket and definition ('the foundation of a house')	house foundation; house site	Andrews–Parker 1922; Wiktionary kahua 'platform (of a house); site'	hana	traditional	False			Transparent, with some modern use. Word break is unsettled, and it may be a phrase rather than a P&E entry.	Is 'kahua hale' a P&E entry or sub-entry (under kahua)? One word or two? Is the 'village' sense there?						
kahuahi	kahu·ahi	A*	010	keep-pending	likely	kahu ahi	inferred	2	unresolved	ahi	transparent	keeper of the fire	Andrews–Parker 1922 ('one who has the care of the fire'; bracket kahu 'servant')	fire tender; to tend a fire	Andrews–Parker 1922	hana	unknown	False			Plausible and transparent, but the kahu sense is unresolved. Andrews' bracket picks kahu#0 'servant/keeper', yet the verb senses ('build/tend a fire') fit kahu#1 'to tend/build an oven fire' (PPN *tafu 'light a fire') at least as well. Spelling is inferred.	Headword kahu ahi / kahuahi? Is it under kahu 'keeper' or kahu 'to tend an oven fire'? (This decides which KAHU stone it uses.) Noun, verb or both?						
kahuakua	kahu·akua	A*	010	keep-pending	likely	kahu akua	corroborated	2	kahu#0	akua	transparent	keeper of a god	Andrews–Parker 1922 bracket [Kahu, a guardian or caretaker, and akua, a god]	keeper of a god; priest	Andrews–Parker 1922	naʻau	traditional	False		A sacred office of the old religion. The dossier's POLLEX row for this kahu is PEP *tafu 'perform ritual, sorcery' (Hawaiian gloss includes 'keeper of ʻunihipili bones'), and search snippets point to Beckwith's chapter on sorcery gods discussing a god's kahu. A kumu should decide whether the keeper-of-a-god sense sits too close to sorcery (§4.3).	Likely compound, spelling corroborated by Wiktionary's list only. The sense needs P&E, and the word needs a kumu read for sorcery adjacency before it is shown.	Headword 'kahu akua'? Gloss: keeper of a god / priest? Does P&E tie it to sorcery (e.g. keepers of akua such as sorcery gods)? If so, drop under §4.3.	https://evols.library.manoa.hawaii.edu/server/api/core/bitstreams/e1fdedc1-2e4e-4646-9be5-ee7369cf86f0/content | https://sacred-texts.com/pac/hm/hm10.htm					
kahuana	kahu·ana	A*	010	drop	no	kahuna	attested	1	unresolved	unresolved	opaque			expert in a craft; priest	Andrews–Parker 1922 (under kahuna)	naʻau	traditional	False		kahuna is a sacred and often misused office. Andrews' next entry is kahuna anaana ('one who prays a person to death'). If kahuna were ever proposed separately, it needs a kumu read for the sorcery sense.	Artifact of OCR repair. The form doesn't exist, and the word it stands for (kahuna) isn't transparently kahu + ana.	None needed for this row. (If kahuna is proposed on its own later: does P&E list 'sorcerer' among kahuna's glosses?)						
kahuapaʻa	kahua·paʻa	W	010	doubtful	likely	kahuapaʻa	attested	either	kahua	paʻa	partial	firm foundation	Wiktionary etymology (kahua 'foundation, ground' + paʻa 'solid, firm')	website; web page	Wiktionary (kahuapaʻa). It conflicts with hawwiki's computer-platform use and with Wiktionary's kahua paʻa 'terra firma'.	hana	modern coinage	False			Modern computing coinage whose meaning varies by source (website / homescreen / hardware platform / terra firma). No stable gloss can be shown. On a card about inherited words, a web term also teaches little.	Check Māmaka Kaiao (not P&E): what does kahua paʻa / kahuapaʻa officially mean (hardware? website? homescreen?), and one word or two?	https://www.westhawaiitoday.com/2018/05/21/north-hawaii-news/kahua-paa-mua-plans-to-expand-youth-farming-programs-seeks-additional-funding/					
kahuaʻole	kahua·ʻole	A*	010	drop	doubtful	kahua ʻole	inferred	2	kahua	ʻole	transparent	without foundation	Andrews–Parker 1922 bracket [Kahua, foundation, and ole, not]	one without foundation or character	Andrews–Parker 1922	naʻau	unknown	True	second root ʻole is the negator, a grammatical word (ROOTS step 4 screens compounds with grammatical parts; Wiktionary's verb/noun/num tags let it through) | main sense is an insult ('a good for nothing person')	Insult (calling someone worthless).	Free phrase with a grammatical negator, and its first sense is an insult. An ʻOLE stone would also link words only by 'both negated', the same problem as hoʻo-.	Only if kept: is 'kahua ʻole' a P&E entry, and is its first sense the insult?		y	doubtful	kahuaʻole		
kahumoku	kahu·moku	A*	010	doubtful	likely	kahu moku	corroborated	2	kahu#0	moku	partial	ship's keeper	Andrews–Parker 1922 bracket [Kahu and moku, a ship]; kahu 'keeper' (Andrews, Wiktionary)	ship's mate	Andrews–Parker 1922 ('a mate of a ship; specifically, the second mate')	hana	19th-century coinage	False		Kahumoku is a prominent Hawaiian family name today (e.g. slack-key musician George Kahumoku Jr.), so the word reads first as a surname.	It names a rank on Western ships: moku 'ship' is contact-era (Andrews: 'so called from the supposition when first seen that they were islands'). Today it is mainly a surname, and kahu moku could also read 'district keeper' (moku = district). Teaches little, and sits close to the proper-name rule.	Is 'kahu moku' a P&E entry, and is the sense 'ship's mate' or something else (e.g. keeper of a district/island)?	https://en.wikipedia.org/wiki/George_Kahumoku_Jr.					
kahupuaʻa	kahu·puaʻa	A*	010	keep-pending	likely	kahu puaʻa	inferred	2	kahu#0	puaʻa	transparent	pig keeper	Andrews–Parker 1922 bracket [Kahu and puaa, swine]; kahu 'keeper' (Wiktionary kahu#0)	swineherd	Andrews–Parker 1922	hana	unknown	False			Transparent and follows an established pattern, but one source and an inferred spelling. It may be a free phrase rather than a P&E entry.	Is 'kahu puaʻa' a P&E entry or sub-entry (under kahu or puaʻa)? Spelling and gloss 'swineherd'.						
kahuwai	kahu·wai	A*	010	keep-pending	likely	kahu wai	corroborated	2	kahu#0	wai#0	transparent	water keeper	Andrews–Parker 1922 bracket [Kahu and wai, water] and definition	overseer of water distribution	Andrews–Parker 1922	ʻāina	traditional	False			Likely compound with a corroborated spelling. But Andrews' sense 2 ('See kahawai') treats the joined form as a variant of kahawai 'stream', which P&E should settle.	Headword 'kahu wai'? Gloss 'water overseer' (vs luna wai)? Is the joined kahuwai = kahawai variant in P&E? If so, it may clash with kahawai on the board.						
kahuʻai	kahu·ʻai	A*	010	doubtful	doubtful	kahu ʻai	inferred	unknown	kahu#1	ʻai	transparent	bake food	Andrews–Parker 1922 bracket [Kahu, to bake, and ai, food]	to bake food in the ground	Andrews–Parker 1922	ulu	unknown	False		The ʻokina has to be right. Andrews can't tell ʻai 'food' from ai, which (reviewer knowledge) is a separate sexual word in P&E.	Verb + object free phrase with one source. The kahu sense is clear (kahu#1, to tend an oven), but lexical status is doubtful.	Is kahuʻai / kahu ʻai a P&E entry at all, or only a phrase? Confirm ʻai with ʻokina.						
kahuʻāina	kahu·ʻāina	A*	010	keep-pending	yes	kahu ʻāina	corroborated	either	kahu#0	ʻāina	transparent	keeper of the land	Andrews–Parker 1922 bracket [Kahu and aina, land]; kahu 'keeper, guardian' (Wiktionary kahu#0)	steward of the land	Modern use (HTA Kahu ʻĀina stewardship programme; Ka Wai Ola). Andrews' older sense: 'head man of a division of land'.	ʻāina	traditional	False		Also used as a personal name, and as a title in present-day stewardship and land movements. Fine as the common noun.	Compound confirmed by Andrews plus clear modern use. Word break (one or two words) and which sense P&E gives (headman vs steward) still need P&E.	Headword 'kahu ʻāina' or 'kahuʻāina'? Does P&E gloss it as land-division headman (Andrews), land steward, or both?	https://www.hawaiitourismauthority.org/what-we-do/destination-stewardship-programs/visitor-experiences/kahu-%CA%BB%C4%81ina-natural-resource-conservation-program/ | https://kawaiola.news/aina/kulana-kahuaina-a-living-ethical-code-of-conduct-for-wahi-kupuna-stewardship/					
kaiau	kai·au	A*	010	keep	yes	kai au	attested	2	kai	au	transparent	current sea	Andrews–Parker 1922 bracket [Kai, sea, and au, current]	sea where a current is visible	UH SOEST list quoting P&E; Andrews–Parker 1922	kai	traditional	False			Two sources (Andrews and P&E via the UH list), transparent, spelling given. The au here is 'current' (PPN *qau), not ʻau 'swim' and not the pronoun au.	Confirm sub-entry 'kai au' under kai: no ʻokina, two words, 'sea where a moving current is visible'. Make sure it isn't confused with 'kai ʻau' (too deep to stand).	https://www.soest.hawaii.edu/met/NewPDFs/HawaiianWeatherTerms.pdf	y	keep	kai au		
kaiea	kai·ea	A*	010	keep	yes	kai ea	attested	2	kai	ea	transparent	rising sea	P&E 'Lit. rising sea', as quoted in the UH SOEST list; Andrews bracket 'ea, to rise'	rising tide, washing high on land	UH SOEST list quoting P&E; Andrews–Parker 1922	kai	traditional	False			Two sources agree on parts and sense, with a P&E Lit. (via the UH list). EA is Wiktionary's single ea root (rise; breath; sovereignty), so its links are honest.	Confirm sub-entry 'kai ea' under kai, two words, with 'Lit. rising sea'.	https://www.soest.hawaii.edu/met/NewPDFs/HawaiianWeatherTerms.pdf					
kaieʻe	kai·eʻe	A*	010	keep	yes	kai eʻe	attested	2	kai	eʻe	transparent	mounting sea	Andrews–Parker bracket (ee, 'to get upon') + Wiktionary eʻe 'to climb on, to mount'; Wiktionary's 'kai hoʻēʻe' (causative of eʻe), also 'tidal wave', supports this reading	tsunami; tidal wave	Wiktionary; UH SOEST list quoting P&E; State of Hawaiʻi tsunami booklet	kai	traditional	False		Tsunamis have killed people in Hawaiʻi; the State booklet notes the deaths. Present it plainly. Separately, Andrews' joined spelling 'Kaiee' is also 'the purgative bean, also called kaee'. That is a different word under the old spelling, but P&E should confirm the bean isn't listed under 'kai eʻe'.	Four independent sources plus modern official use. Attested two-word spelling, transparent, with no exclusion concern under the modern spelling.	Confirm 'kai eʻe' as a sub-entry with ʻokina, two words, 'tidal wave'. Is there a Lit. ('mounting/climbing sea')? Confirm the purgative bean is spelled differently (e.g. kāʻeʻe) and not under kai eʻe.	https://www.soest.hawaii.edu/met/NewPDFs/HawaiianWeatherTerms.pdf | https://www.weather.gov/media/itic-car/hawaii_safety_information/htsb_final_smfile.pdf					
kaiheʻenalu	kai·heʻenalu	A*	010	drop	doubtful	kai heʻe nalu	corroborated	unknown	kai	heʻenalu	transparent	surf-sliding sea	Andrews–Parker 1922 bracket ('A surf-sliding sea')	sea good for surfing	Andrews–Parker 1922 ('a place where the sea is favorable for surf-riding')	kai	traditional	False			Three roots (kai + heʻe + nalu), modern spelling three words. The HEʻENALU stone would be a compound, not a root, which breaks §2's 'a stone is a root'. The word break enum can't express three words, hence 'unknown'.	Only if compound stones are ever allowed: is 'kai heʻe nalu' a P&E sub-entry?	https://kumukahi.org/units/na-kanaka/mauli-ola/hee-nalu					
kaihua	kai·hua	A*	011	doubtful	doubtful	kai hua	inferred	unknown	kai	unresolved	partial	flowing sea	Andrews–Parker 1922 bracket [Kai, sea, and hua, flowing]	rising tide; sea flowing ashore	Andrews–Parker 1922: 'Rising tide; setting in of water from the ocean to shore'	kai	unknown	True	ROOT-LEVEL, needs one project ruling (same as batch-006): hua has an attested sense 'testicle' (Andrews–Parker 1922 hua n. 5; POLLEX 'hua | Testicles', PEC *fua, source Pukui & Elbert 1986). Under the either-root rule as briefed this flags every word with a HUA stone. Here the compound probably uses a different hua (flowing/swelling, or huʻa 'foam'), which would need its own glossary line, but the stone would still read HUA.	None for the compound itself.	One 1922 source. The root sense it needs is not the glossary's hua, so its degree of 14 is an artefact: as dealt, the stone would tie a tide word to fruit, egg and word compounds. Spelling and word break are pieced together (possibly huʻa). It is absent from a UH list of ~40 Pukui & Elbert kai-terms. The HUA root ruling also applies.	Is there a headword kaihua, kai hua or kai huʻa? If so: ʻokina on huʻa? One or two words? Gloss 'rising tide'? Which hua does it use: 'to swell high, as a wave' (as the UH list quotes P&E) or huʻa 'foam'? If there is no entry, drop.	https://www.soest.hawaii.edu/met/NewPDFs/HawaiianWeatherTerms.pdf | https://pollex.eva.mpg.de/entry/fuka.2/					
kaihulu	kai·hulu	A*	011	keep-pending	likely	kai hulu	inferred	unknown	kai	hulu#0	partial	hairy sea	Andrews–Parker 1922 bracket [Kai, sea, and hulu, hairy]	sea foaming in strong wind	Andrews–Parker 1922: 'To be in a foam, as the sea agitated greatly by the winds'	kai	unknown	False		None. POLLEX's Tongan cognate of *fulu includes 'hair on the privates'. That is not a Hawaiian sense and does not touch the HULU stone.	Transparent as a metaphor and plausible, but there is one 1922 source and no modern use, and it is a verb of sea state rather than a name. If P&E lacks it, drop.	Is kai hulu (or kaihulu) a headword or a sub-entry under kai? Gloss 'foaming, wind-agitated sea'? Is hulu 'hair/feather' (any Lit. reading), or another hulu?	https://www.soest.hawaii.edu/met/NewPDFs/HawaiianWeatherTerms.pdf					
kaimalolo	kai·malolo	A*	011	keep	yes	kai malolo	attested	2	kai	malolo	transparent	retreating sea	Andrews–Parker 1922 bracket [Kai, sea, and malolo, retreating]	low tide; a calm, quiet sea	UH SOEST list from P&E: 'quiet sea, as in a calm cove; low tide'; Andrews: 'retreating sea'	kai	traditional	False		None.	Two independent sources (Andrews 1922; P&E as compiled on a UH page). Transparent, with attested spelling and word break, and no §4.3 concern. Glossary note: the dossier's malolo line ('low; resting, paused; rest, pause') merges malolo 'low, of tide' (PPN *malolo) with the 'rest' word (PPN *maalooloo). The stone should carry only 'low (of the tide)'.	Confirm the sub-entry 'kai malolo' (two words, no kahakō) and its gloss 'quiet sea; low tide'. Is malolo 'low, of tide' a separate headword from mālōlō 'rest' and mālolo 'flying fish'? Is there also a kai mālolo 'flying-fish ground'?	https://www.soest.hawaii.edu/met/NewPDFs/HawaiianWeatherTerms.pdf | https://pollex.eva.mpg.de/entry/malolo/	y	keep	kai malolo		
kaipiʻi	kai·piʻi	A*	011	keep-pending	yes	kai piʻi	attested	2	kai	piʻi#0	transparent	climbing sea	Andrews–Parker 1922 bracket [Kai, sea, and pii, climbing]	high or rising tide	POLLEX (P&E 1986) 'High or rising tide'; Andrews 'High or rising tide'	kai	traditional	True	ROOT-LEVEL, needs one project ruling (as for alapiʻi, batch-000): the dossier's Wiktionary sense list for piʻi#0 includes 'to mount, to breed' and a vulgar sexual gloss. POLLEX (P&E 1986) gives only 'Climb, ascend'; Andrews gives ascend, mount (a vehicle). The compound itself is innocent.	None for the compound.	On the language evidence a keep: two independent sources plus a Proto-Central-Eastern Polynesian etymon, and the P&E spelling is attested. Held only for the PIʻI root ruling.	Confirm 'kai piʻi' (two words) 'high or rising tide'. For the PIʻI ruling: does P&E's piʻi entry carry any sexual sense ('to mount, breed')?	https://pollex.eva.mpg.de/entry/tai-pii/ | https://www.soest.hawaii.edu/met/NewPDFs/HawaiianWeatherTerms.pdf					
kaiuli	kai·uli	A*	011	keep	yes	kai uli	attested	2	kai	uli#0	transparent	blue sea	Andrews–Parker 1922 bracket [Kai, sea, and uli, blue]	the deep blue sea	Kumukahi (Kamehameha Publishing) 'the deep blue sea'; Andrews 'the dark blue sea; hence, the deep sea'	kai	traditional	False		Andrews' uli entry also lists 'a class of gods worshiped by sorcerers and medicine-men'. That is a proper-name homograph, not the colour, so the ULI stone should be glossed 'dark colour' only. Wiktionary's uli#0 also gives 'black and blue (like a bruise)', which is harmless.	Andrews 1922 plus modern use by Kamehameha Publishing. Transparent, with attested spelling and word break, and no §4.3 concern.	Confirm 'kai uli' (two words) 'deep blue sea', and note any Lit. reading.	https://kumukahi.org/units/ka-honua/ao/kai | https://nautiluslive.org/blog/2023/03/29/ala-aumoana-kai-uli-naming-expedition-papahanaumokuakea-marine-national-monument					
kaiʻau	kai·ʻau	A*	011	keep	yes	kai ʻau	attested	2	kai	ʻau#1	transparent	swimming sea	Andrews–Parker 1922 bracket [Kai, sea, and au, to swim]	sea too deep to stand in	UH SOEST list from P&E: 'sea too deep to walk in'; Andrews: 'place in the sea beyond a foothold'	kai	traditional	False		None. Keep the near-homograph kai au 'current sea' (no ʻokina) off this card: ʻAU and AU are different stones.	Two independent sources, transparent, P&E spelling via the UH list. The dossier's homograph choice (ʻau#1 'swim') is the right one for this entry.	Confirm the sub-entry 'kai ʻau' 'sea too deep to walk in', with ʻokina, distinct from 'kai au'.	https://www.soest.hawaii.edu/met/NewPDFs/HawaiianWeatherTerms.pdf					
kakahele	kaka·hele	A*	011	doubtful	doubtful	kakahele	inferred	unknown	unresolved	hele	partial			to go hastily, recklessly	Andrews–Parker 1922: 'To go quickly ... to be in a hurry. 2. To go recklessly'	hele	unknown	False		None in Hawaiian. Reviewer knowledge, unverified: KAKA reads as baby-talk for excrement to English-speaking and some other readers, which a kumu may want to weigh for any KAKA stone.	The only source leaves the first element unglossed, and it is not the glossary's kaka 'to rinse'; it may be a prefix. A line to other kaka words would mean nothing.	Is there a headword kakahele (or kākāhele)? How does P&E analyse it: kaka + hele, or a prefix? If kaka is not a root here, drop.						
kakahou	kaka·hou	A*	011	drop	doubtful	kakahou	inferred	unknown	unresolved	hou	partial	cut and pierce	Andrews–Parker 1922 bracket [Kaka, to cut or break up, and hou, to stab or pierce]	torture by cutting and piercing	Andrews–Parker 1922 verb sense (recorded for completeness; not for display)	kanaka	archaic/obscure	False		Torture and execution, and the adjective sense 'just buried' concerns death. Nothing here belongs on a card in a piece whose tone is warm and stoic. Andrews' 'practiced by the natives' framing is a missionary-era voice.	The analysed sense is a method of torture-killing. The other senses (unripe; freshly buried) are not built from these roots. There is one 1922 source, the first root is not in the glossary, and the second root's sense is conflated with 'new'. Not a §4.3 category, but it fails the tone of the piece outright.	None needed for the board. Optional: confirm whether P&E has kakahou, to close the row.						
kakaʻōlelo	kaka·ʻōlelo	A*	011	keep-pending	likely	kākāʻōlelo	attested	1	unresolved	ʻōlelo	partial	fencing with words	P&E's Lit. reading as reported second-hand (search summary of Ing 2024, article not opened). Andrews gives no reading of kaka. Show only after P&E confirms.	orator; counselor to a chief	Andrews 1922 'a counselor; an adviser ... one skilled in language'; Perreira 2017: dictionaries give 'orator or oratory', pre-1861 writers 'an advisor to royalty'	naʻau	traditional	False		A chiefly office (advisers to aliʻi); handle respectfully. Andrews' 'lawgiver; scribe' are later extensions (Perreira notes the legal-counsel sense in the early 1900s).	A real, well-attested word with its modern spelling confirmed, but the stone is wrong. It needs a KĀKĀ ('to strike, fence') root that the glossary lacks. Its degree of 13 comes from links to kaka 'to rinse' words and is not real. P&E must confirm kākā and the Lit. reading.	Confirm the headword kākāʻōlelo (kahakō on both a's), the sense 'orator, counselor', and the Lit. 'to fence [with] words'. Confirm kākā 'to strike, fence' as its own headword, so a KĀKĀ line can be added to the glossary.	https://scholarspace.manoa.hawaii.edu/items/abcdf67c-a5cf-4087-9f0f-a53dd2a30082 | https://onlinelibrary.wiley.com/doi/full/10.1111/phil.12380 | https://books.google.com/books/about/K%C4%81k%C4%81_%C5%8Dlelo.html?id=lxZxH-LrTQsC	y	keep-pending	kākāʻōlelo		
kalaau	kala·au	A*	011	drop	doubtful	kalaau	inferred	unknown	unresolved	unresolved	opaque			to call out loudly	Andrews–Parker 1922: 'To call; to call aloud'	naʻau	unknown	False		None.	Folk etymology: 'au, float' is not an attested sense, and the same headword's other entries point to kā + lāʻau. The 'call aloud' sense belongs with walaau. No modern use.	Optional: does P&E have a kalaʻau 'to call aloud', and how does it analyse it?						
kalahala	kala·hala	A*	011	keep-pending	yes	kalahala	corroborated	1	kala#2	hala#0	transparent	loosing of guilt	Andrews–Parker 1922: 'To loose ... one from guilt', bracket [Kala, to pardon, and hala, guilt]	to pardon wrongdoing	Andrews 'to pardon sin; to take away the ground of an offense'; 1870s Privy Council use for royal pardons	naʻau	unknown	False		Christian vocabulary (sin, atonement, redeemer; 'la kalahala' is the biblical Day of Atonement) and judicial pardon (the 1876 minutes include prisoners sentenced to death for treason). Gloss it plainly as pardon and avoid 'sin'. hala#0 also means 'to pass away, die', which is not used here. KALA has a borrowed homograph (kala 'dollar', Andrews [Mod.]); the stone must show only 'untie, release, forgive'.	Transparent, with two sources (Andrews; 1870s official use) and both roots confirmed in P&E via POLLEX. The spelling is only corroborated; P&E must settle the headword form and whether it is one word or two.	Headword kalahala (one word) or kala hala? Sense 'to pardon, forgive sin or wrong; atonement'? Any Lit. reading?	https://manoa.hawaii.edu/punawaiola/2018/09/23/kepakemapa-23-kalahala-%CA%BBana-%CA%BBo-kepelino-kaho%CA%BBali%CA%BBi/					
kalahale	kala·hale	A*	011	keep-pending	yes	kala hale	attested	2	unresolved	hale	transparent	end of the house	Andrews–Parker 1922 bracket [Kala and hale, the end of a house]	gable end of a house	POLLEX (P&E 1986) 'House gable'; Andrews 'the end of a house'	hana	traditional	False		None.	Well founded: a P&E headword via POLLEX, Andrews, and a Proto-Polynesian etymon. Held because the KALA it uses is not in the glossary: a fourth kala, 'end wall, gable' (PPN *tara), beside spike / proclaim / untie (all *tala). Andrews' sense ('sheer, like a gable') also differs from P&E's noun. Once KALA 'gable' is added it links only through HALE, so the degree of 10 overstates it.	Confirm 'kala hale' (two words) 'house gable'. Is kala alone 'gable end' (its own kala headword)? Does P&E also record Andrews' 'perpendicular, like a gable end' (of cliffs)?	https://pollex.eva.mpg.de/entry/tara/					
kanakamakua	kanaka·makua	A*	011	keep-pending	likely	kanaka makua	corroborated	2	kanaka	makua	transparent	full-grown person	Andrews–Parker 1922 makua adj.: 'Full grown ... kanaka makua, a full grown man'	adult, grown person	Andrews (hookanakamakua: 'kanakamakua, an adult'); Hawaiian Wikipedia 'a hiki i ke kanaka makua'	kanaka	unknown	False		Reviewer knowledge, unverified: in 19th-century English 'Kanaka' was used by outsiders, sometimes contemptuously, for Pacific Islander labourers. The Hawaiian word is the ordinary word for person (cf. Kanaka Maoli), so there is no concern in Hawaiian. Worth a kumu's eye if an English caption ever shows the word alone.	Andrews several times plus modern use; transparent. Not yet known: whether P&E lists it as a set term (sub-entry) or treats it as a free phrase. Degree 2, so low board value.	Is 'kanaka makua' a sub-entry (two words) meaning 'adult, mature person'? If P&E treats it only as a phrase, mark doubtful.						
kanikau	kani·kau	W+A	011	keep	yes	kanikau	attested	1	kani	kau#2	transparent	sounded chant	Wiktionary etymology (kani 'sound' + kau 'sacred chant'); Andrews [Kani, to sound, and kau, a song]	dirge; lament for the dead	Wiktionary 'lamentation, dirge; to lament, mourn'; Andrews 'to lament ... as for the dead'	naʻau	traditional	False		Mourning and death. A lament, not a death-prayer, so not §4.3 sorcery. Show it plainly, without melodrama; kanikau are personal and often genealogical.	Two independent analyses (Wiktionary, Andrews), attested spelling, transparent, and no §4.3 concern. Degree 1: kau#2 'sacred chant' rarely recurs, so it will seldom turn.	Confirm the headword kanikau (no kahakō), and whether P&E derives it from kani + kau 'chant'.						
kaniwāwae	kani·wāwae	A*	011	keep-pending	likely	kaniwāwae	inferred	unknown	kani	wāwae	partial	sounding foot	Andrews–Parker 1922 bracket [Kani, sounding, and wawae, foot]	foot soldier; infantry	Andrews–Parker 1922: 'A foot soldier; infantry'	kanaka	unknown	False		Warfare; mild.	Plausible and partly transparent (footfall for the foot soldier), but one source and a pieced-together spelling. Degree 2.	Is there a headword kaniwāwae? One word? Sense 'foot soldier'? Any Lit. reading? Is it marked biblical?		y	keep-pending	kaniwāwae		
kapakahi	kapa·kahi	W+A	011	keep-pending	yes	kapakahi	attested	1	kapa	kahi#0	transparent	one side	Wiktionary etymology 'literally one side'; Andrews [Kapa, side, and kahi, one]	crooked, lopsided; one-sided	Wiktionary 'one-sided, crooked, lopsided'; Andrews 'One-sided; uneven; crooked'	hele	traditional	True	ROOT-LEVEL, needs one project ruling for KAPA: kapa has an attested genital sense. POLLEX lists Hawaiian kapa 'Labia' (PPN *tapa, entry tapa.2, source Pukui & Elbert 1986), and Andrews–Parker 1922 kapa n. 4 gives 'The labium of a female'. The dossier's Wiktionary kapa ('rim, edge; tapa') omits it, which is why the project screen passed every kapa word. Under the either-root rule as briefed it flags every KAPA stone. Same shape as the hua case in batch-006.	Glossary note: POLLEX separates kapa 'edge, side' (tapa.3) from kapa 'bark-cloth' (tapa.1), while Wiktionary lumps them as one homograph. Under 'a stone is a root in sense', kapakahi (side) should not link to kapa komo (cloth). The field could equally be naʻau (the 'biased' sense).	On the language evidence a keep (W + A, attested, transparent). Held only for the KAPA root ruling.	Confirm the headword kapakahi and the Lit. 'one side'. For the KAPA ruling: is 'labia' a sense inside the same kapa entry as 'tapa / edge', or a separate headword? Are kapa 'edge, side' and kapa 'tapa' separate headwords?	https://pollex.eva.mpg.de/entry/tapa.2/ | https://pollex.eva.mpg.de/entry/tapa.1/					
kapakomo	kapa·komo	A*	011	keep-pending	likely	kapa komo	corroborated	2	kapa	komo	transparent	cloth put on	Andrews–Parker 1922 bracket [Kapa, cloth, and komo, to enter in, that is, to put on]	garment, clothing; a dress	Andrews–Parker 1922: 'A garment; wearing apparel'; 'kapa komo, a coat; a dress'	hana	unknown	True	ROOT-LEVEL, needs one project ruling for KAPA: kapa has an attested genital sense. POLLEX lists Hawaiian kapa 'Labia' (PPN *tapa, entry tapa.2, source Pukui & Elbert 1986), and Andrews–Parker 1922 kapa n. 4 gives 'The labium of a female'. The dossier's Wiktionary kapa ('rim, edge; tapa') omits it, which is why the project screen passed every kapa word. Under the either-root rule as briefed it flags every KAPA stone. Same shape as the hua case in batch-006.	This is kapa 'bark-cloth' (POLLEX tapa.1), not kapa 'edge' (tapa.3); see kapakahi on splitting the KAPA stone.	A plausible set term, but one source and the spelling is only corroborated. P&E decides whether it is a sub-entry or a free phrase. Also held for the KAPA root ruling.	Is 'kapa komo' a sub-entry meaning 'clothing, garment'? Two words? If it is only a phrase, mark doubtful.	https://pollex.eva.mpg.de/entry/tapa.2/ | https://pollex.eva.mpg.de/entry/tapa.1/					
kapakuʻina	kapa·kuʻina	A*	011	doubtful	doubtful	kapa kuʻina	inferred	unknown	kapa	kuʻina#1	transparent	tapa joined by stitching	Andrews–Parker 1922 bracket [Kapa, the native cloth, tapa, and kuina, uniting by stitches]	tapa sheets sewn into bedding	Andrews–Parker 1922: 'The five tapas which when sewed together for bed clothing ...'	hana	traditional	True	ROOT-LEVEL, needs one project ruling for KAPA: kapa has an attested genital sense. POLLEX lists Hawaiian kapa 'Labia' (PPN *tapa, entry tapa.2, source Pukui & Elbert 1986), and Andrews–Parker 1922 kapa n. 4 gives 'The labium of a female'. The dossier's Wiktionary kapa ('rim, edge; tapa') omits it, which is why the project screen passed every kapa word. Under the either-root rule as briefed it flags every KAPA stone. Same shape as the hua case in batch-006.	None beyond the KAPA root.	One source, and that source treats the reverse order (kuʻina kapa) as the name of the thing. Degree 2.	Does P&E have 'kapa kuʻina', or only 'kuʻina kapa' (set of sleeping tapas)? If only the latter, drop this row; kuʻina kapa would be a separate candidate.	https://pollex.eva.mpg.de/entry/tapa.2/ | https://pollex.eva.mpg.de/entry/tapa.1/					
kapuahihao	kapuahi·hao	A*	011	doubtful	doubtful	kapuahi hao	inferred	unknown	kapuahi	hao#0	transparent	iron fireplace	Andrews–Parker 1922 bracket [Kapuahi, fireplace, and hao, iron]	iron stove; iron furnace	Andrews–Parker 1922: 'An iron stove; an iron furnace'	hana	19th-century coinage	True	ROOT-LEVEL: Andrews–Parker 1922 kapuahi n. 5 'The vagina', in the same entry as fireplace, censer and oven. POLLEX's P&E gloss is only 'Fireplace, name of a star', and Wiktionary has no such sense, so this rests on Andrews alone. Under the either-root rule it still flags the KAPUAHI stone; it needs the same project ruling as KAPA.	Figurative 'place of affliction'. Reviewer knowledge, unverified: this echoes the biblical 'iron furnace' (Egypt), e.g. Deuteronomy 4:20.	One source; reads as a free phrase for a post-contact object; flagged at root level. A card would teach little beyond 'iron' + 'fireplace'.	Is 'kapuahi hao' an entry at all? If so, its spelling and sense. Does P&E's kapuahi list a genital sense (Andrews n. 5)?						
kauamai	kaua·mai	A*	012	drop	no	kaua mai	inferred	either	unresolved	unresolved	partial			to urge someone to stay	Andrews 1922 'To invite or urge to stay by'	kanaka	archaic/obscure	True	grammatical: second element is the directional particle mai | the mai homograph set in Andrews includes maʻi senses (sickness; 'the private parts'), a different word but the same letters on a stone		Verb + directional particle, not root + root; root a is mis-keyed (invite, not war); degree 1.	None needed.						
kauhale	kau·hale	A*	011	keep-pending	likely	kauhale	attested	1	unresolved	hale	partial	house place	Andrews–Parker 1922 bracket [Kau, place, and hale, house]. Contested: an unsourced page gives 'Lit., plural house'. Confirm in P&E before showing either.	cluster of houses; village	Andrews–Parker 1922: 'A small cluster of houses; a village'; Hawaiian Wikipedia usage	kanaka	traditional	False		Field: DESIGN §3.5 draws the kanaka field as a kauhale, hence kanaka; hana (houses) is the alternative. Reviewer knowledge, unverified: 'kauhale' is also the State of Hawaiʻi's current name for its tiny-home villages for houseless people, a modern policy use the card should neither invoke nor avoid awkwardly.	The word is attested and central to the piece, but what the KAU stone means is open. If P&E's Lit. is 'plural house', kau is a grammatical particle: §4.3 bars grammatical items, and the stone would have no meaning to share with other kau words. If 'place/set', it is kau#1. The degree of 11 assumes a kau link that may not hold.	Headword kauhale. Look for a Lit. reading: 'plural house', or 'placed houses'? Is kau listed as a plural or collective particle? If kau is the particle, decide whether to drop the word or keep it with a KAU (plural) stone that links nothing.	https://imagesofoldhawaii.com/kauhale/ | https://pollex.eva.mpg.de/entry/taqu.2a/	y	doubtful	kauhale		
kaukahi	kau·kahi	A*	012	keep-pending	likely	kaukahi	attested	1	unresolved	kahi#0	partial		No usable literal reading: Andrews' bracket 'Kau, canoe, and kahi, one' rests on a sense of kau that none of kau#0–#2 (season / to place / chant) or Andrews' own kau entries supports.	single canoe; standing alone	Andrews 1922 'A single canoe … singleness of purpose'; POLLEX (P&E 1986) 'Standing alone, solitary … canoe with a single outrigger float'	hana	traditional	False			The word and its spelling are secure (P&E via POLLEX, Andrews, modern use), and it pairs naturally with kaulua (double canoe). What the KAU stone means is not: Andrews' 'canoe' is unsupported and POLLEX treats kau- as the numeral-group prefix (*tau-tasa, cf. kaulua < *tau-lua, kaukolu). Under DESIGN §2 a prefix is not a stone, and a KAU stone here must not link to kau 'to place' or kau 'season'. Needs a design call plus P&E's Lit. before it can be keyed.	Headword kaukahi: what Lit. does P&E give, if any (e.g. 'placed singly')? Does P&E connect kau- here with kaulua and kaukolu as a numeral-group prefix, or with kau 'to place'? Which sense is first: 'standing alone' or 'single-outrigger canoe'?						
kaukoko	kau·koko	A*	012	doubtful	doubtful	kaukoko	inferred	unknown	kau#1	unresolved	partial	put in a carrying net	Andrews 1922 bracket [kau, to put upon + koko, a net woven in meshes to hold or carry anything]	carry with net and pole	Andrews 1922 'To carry anything with a koko and auamo (carrying stick)'	hana	archaic/obscure	False		Andrews' koko entries also include 'a belching of wind from the stomach' (bodily, not excretory, so not an exclusion, but worth knowing). The root glossary's koko is 'blood'.	The second root is mis-keyed: the compound uses koko 'carrying net', which is not in the root glossary, so a KOKO stone here would link to 'blood' words and contradict its own card. No Wiktionary entry, no modern use, spelling unconfirmed. Could return only if P&E lists it and the net word is added as its own root (with its own spelling).	Is there a headword kaukoko (or kaukōkō)? How does P&E spell the carrying net: koko or kōkō? If kōkō, the root and the compound's spelling both change.						
kaukānāwai	kau·kānāwai	A*	012	keep	yes	kau kānāwai	attested	2	kau#1	kānāwai	transparent	to set a law	Andrews 1922 bracket [kau, to appoint + kanawai, law]; kau#1 'to enact, to impose'	to make laws; lawmaker	Andrews 1922 v. 'To establish or appoint, as a law' and n. 'a law-giver'; Hawaiian Wikipedia 'He kau kānāwai ʻo ia' (legislator)	naʻau	unknown	False			Compound of exactly these two roots, sense of each clear (kau#1 'to enact' is in Wiktionary's own gloss list), spelling attested as two words, no exclusion concern. Field naʻau (values, law) is a judgment call; kanaka would also fit the 'lawmaker' sense.	Headword form: 'kau kānāwai' (two words) as a sub-entry under kau or kānāwai? Does P&E give both 'to legislate' and 'legislator'?						
kaulahao	kaula·hao	A*	012	keep	yes	kaulahao	attested	1	kaula	hao#0	transparent	iron rope	Andrews 1922 bracket [kaula, rope + hao, iron] and 'a rope made of iron'	chain	Andrews 1922 'Iron chain'	hana	19th-century coinage	False		Chains can call up shackles and imprisonment; harmless as a tool word, but worth a glance in the sensitivity read. hao#1 ('robber, plunder') is a different root and must not be keyed.	Transparent, attested, both root senses clear (kaula rope, hao#0 iron), and a nice turn partner for other kaula and hao words. Register is a guess (iron chain as an introduced thing), not sourced.	Headword kaulahao, one word? Does P&E give Lit. 'iron rope'?						
kaulalei	kaula·lei	A*	012	keep-pending	likely	kaula lei	corroborated	2	kaula	lei	transparent	lei string	Andrews 1922 bracket [kaula, string + lei, wreath]	cord for stringing a lei	Andrews 1922 'Cord on which the things which make a lei or wreath are strung'	hana	traditional	False			Plausible and pleasant, but Andrews-only as a headword with one two-word modern use; whether P&E lists it (and as one word or two) decides it. Low degree (3).	Is there a headword or sub-entry 'kaula lei' / 'kaulalei'? One word or two? Is the 'cluster of fruit' sense listed?						
kaulanaʻōlelo	kaulana·ʻōlelo	A*	012	drop	doubtful	kaulanaʻōlelo	inferred	unknown	unresolved	ʻōlelo	partial	a placing of word	Andrews 1922 bracket [kaulana, a putting + olelo, word or command]	a will; an heir	Andrews 1922 'the will of a deceased person … an heir; devisee'	naʻau	archaic/obscure	False		Tied to death and inheritance.	Obsolete by Andrews' own account, root a is keyed to the wrong sense (a card would read 'famous word'), and kaulana is already two morphemes.	None needed.		y	drop	kaulanaʻōlelo		
kaulawaha	kaula·waha	A*	012	keep-pending	likely	kaulawaha	inferred	unknown	kaula	waha#0	transparent	mouth rope	Andrews 1922 bracket [kaula, rope + waha, mouth]	bridle; to rein in	Andrews 1922 n. 'A bridle'; v. 'To bridle; to rein in; to restrain'	hana	19th-century coinage	False			Transparent and teachable (a 'mouth rope'), roots and senses clear, but Andrews-only; P&E must confirm the word and its break. Horses came after contact, so this is a contact-era coinage.	Headword 'kaulawaha' or 'kaula waha'? 'Bridle', and Lit. 'mouth rope'?						
kaulawahine	kaula·wahine	A*	012	drop	doubtful	kaulawahine	inferred	unknown	unresolved	wahine	transparent	woman prophet	Andrews 1922 bracket [kaula, prophet + wahine]	prophetess	Andrews 1922 'A prophetess'	naʻau	19th-century coinage	False		Kāula (seer, prophet) is a sacred role; and if keyed on kaula 'rope' the card would make a rope of a seer.	Root a is mis-keyed (prophet, not rope), and probably spelled differently in modern orthography (see reviewer note); the word itself looks like a free phrase from Bible translation ('prophetess'). Nothing modern attests it.	How does P&E spell 'prophet, seer': kāula? Is 'kāula wahine' listed, or only kāula?						
kaulike	kau·like	A*	012	keep	yes	kaulike	attested	1	kau#1	like	partial	hung even, placed alike	Andrews 1922 bracket [Kau and like, alike] with sense 1 'to balance or hang even'; kau#1 'to place, to hang up'	fair, just; evenly balanced	Andrews 1922 'To balance or hang even … to be just; to be equal', n. 'Justice; uprightness; no partiality'	naʻau	unknown	False			Attested spelling in steady modern use, a clear compound of kau 'hang, place' and like 'alike', and a value word that teaches something (balance as fairness). Andrews' bracket does not gloss kau, but his first sense ('to balance or hang even') points to kau#1; P&E's Lit. should confirm.	Does P&E give a Lit. for kaulike (e.g. 'placed alike' / 'hung evenly'), confirming kau = 'to place, hang'? Senses: equal, just, balanced, parallel?			keep-pending	kaulike		
kauliʻiliʻi	kau·liʻiliʻi	A*	012	doubtful	doubtful	kauliʻiliʻi	inferred	unknown	unresolved	liʻiliʻi	transparent	put out in small lots	Andrews 1922 bracket [Kau and liilii, little] with sense 1 'to divide out in small quantities'	to share out in small portions	Andrews 1922 'To divide out in small quantities; to make distributions on a small scale'	hele	archaic/obscure	False			Andrews-only, unmarked spelling, kau sense not given, no modern use, and plausibly a free verb + modifier phrase rather than a word. Low value for the board relative to the risk.	Is kauliʻiliʻi a headword (one word) or only a phrase under kau? If listed, does P&E give a Lit.?						
kaulua	kau·lua	A*	012	keep-pending	yes	kaulua	attested	1	unresolved	lua#0	transparent	put two together	Andrews 1922 bracket [kau, place or put + lua, two]; POLLEX (P&E 1986) 'put together'	double canoe; a pair	Andrews 1922 'Double … waa kaulua, double canoe', n. 'A pair; a span; a yoke'; POLLEX (P&E 1986) 'Double canoe'	hana	traditional	False		Homographs of the whole word, not shown: Kaulua is also a month name and a star (Sirius) per POLLEX/P&E, and Andrews has kaulua 'slackness, delay'. The root lua#1 ('pit; toilet') is a different root from lua#0 'two' and must not be the one keyed.	One of the best words in the pool (the double voyaging canoe, Hōkūleʻa), attested and spelled with certainty. Pending only on what the KAU stone is: kau#1 'to place' per Andrews, or the numeral-group prefix kau- per POLLEX (shared with kaukahi and kaukolu). If the design admits a 'kau- (group of)' stone, kaukahi/kaulua/kaukolu link meaningfully; if not, kaulua should not link to kau 'to place' words.	Lit. for kaulua: 'placed two' (kau 'to place') or treated as numeral prefix kau- (cf. kaukolu 'group of three')? Confirm 'double canoe' and 'pair, yoke' are both listed under the same headword.						
kaumokuʻāina	kau·mokuʻāina	W	012	drop	no	kaumokuʻāina	attested	1	unresolved	mokuʻāina	partial			country, nation	Wiktionary 'country'; Hawaiian Wikipedia usage for sovereign countries	ʻāina	modern coinage	True	grammatical: the first element is the plural-marker particle kau (DESIGN §4.3; prefix/particle is not a root per §2)		The KAU element is a grammatical plural particle, not a root, so it cannot be a stone; a KAU stone here would falsely link 'country' to 'season' or 'to place'. Spelling is fine, the analysis is the problem.	None needed for the board. If anyone wants it back: does Māmaka Kaiao list kaumokuʻāina as 'country, nation-state', and does it analyse kau as the plural particle?		y	drop	kaumokuʻāina		
kaumoʻo	kau·moʻo	A*	012	doubtful	doubtful	kaumoʻo	inferred	unknown	kau#1	unresolved	partial	set a land strip	Andrews 1922 bracket [kau, to place + moo, a division of land]	to mark out a land strip	Andrews 1922 'To designate the limits of a moo aina, a small division of land'	hana	archaic/obscure	False		One sense is setting a fracture with a splint (injury), and moʻo 'lizard' also names moʻo water spirits, which a kumu might want kept apart from a land-division word.	Root b is mis-keyed (strip/succession moʻo vs lizard moʻo; whether these are one root or two needs P&E), the senses scatter (land limits, splint, canoe splice), Andrews-only, low degree (5).	Is kaumoʻo a headword? Which moʻo does P&E connect it to (lizard, or the 'succession / narrow strip of land' moʻo, and are those separate entries)?						
kaupale	kau·pale	A*	012	keep-pending	yes	kaupale	attested	1	unresolved	unresolved	partial	set to ward off	Andrews 1922 bracket [Kau and pale, to ward off]	partition; dividing barrier	Andrews 1922 n. 'a boundary line …; a partition in a house; a dam' (P&E via POLLEX gives instead 'to cover an oven … to keep earth out')	hana	traditional	False			Exists as spelled, but which kau and which pale it uses depends on which sense the card shows: partition (kau 'place' + pale#1 'ward off', per Andrews) or imu covering (kau 'cover oven' + pale 'lining', per P&E via POLLEX). P&E's sense order and any Lit. decide the keying.	Headword kaupale: is 'to cover an imu with stones at its edge' the main sense, and is 'partition / boundary' also listed? Any Lit.? Which pale (ward off, or lining) does P&E connect it to?						
kaupoʻohiwi	kau·poʻohiwi	A*	012	doubtful	doubtful	kaupoʻohiwi	inferred	unknown	kau#1	poʻohiwi	transparent	placed on the shoulder	Andrews 1922 bracket [kau, to place + poohiwi, shoulder]	to carry on the shoulder	Andrews 1922 'To put or place on the shoulder; to shoulder, as something heavy'	kanaka	19th-century coinage	False		Andrews' adjective sense is the shouldered musket (pū kaupoʻohiwi); a card should not show the firearm sense.	Probably a phrase rather than a word, its one specific sense is 19th-century firearms, the second stone is a four-mora compound itself, and nothing modern attests it.	Is kaupoʻohiwi (or 'kau poʻohiwi') a headword at all? If only the musket sense is given, drop.						
kaupākū	kau·pākū	A*	012	drop	no	kaupaku	inferred	1	unresolved	unresolved	opaque			ridgepole of a house	Andrews 1922 'The ridge pole of a house'; POLLEX (P&E 1986) kaupoku 'Ridgepole; highest point'	hana	traditional	False			Folk etymology: the ridgepole word descends whole from PN *taqo-patu, its P&E form is kaupoku, and kau·pākū with kahakō on pākū is wrong twice over. A PĀKŪ stone would teach a false parts row.	Confirm P&E's ridgepole headword is kaupoku; is kaupaku listed as a variant, and if so with what marks? (Not needed to keep it out.)						
kauʻē	kau·ʻē	A*	012	drop	doubtful	kauʻē	inferred	unknown	kau#1	ʻē#1	opaque			hence; as a consequence	Andrews 1922 'By consequence; by reason of; hence'	hele	archaic/obscure	True	grammatical: a connective adverb ('hence') that, by Andrews' own note, needs a sentence to make sense	Andrews' only example is of a killing and the fear that followed it.	Grammatical connective (DESIGN §4.3), meaning does not compose, spelling unconfirmed.	None needed.						
kaʻahai	kaʻa·hai	A*	012	drop	no	kaʻahai	inferred	unknown	unresolved	unresolved	opaque			born of an unlawful union	Andrews 1922 'To be unlawfully begotten'	kanaka	archaic/obscure	True	sexual: the only sense concerns illegitimate conception | grammatical: hai here is the pronoun 'another' | a sense of the hai homograph in Andrews is 'to act lasciviously'	Reads as a stigma on a person's birth.	Excluded on sense (sexual/illegitimacy), three-part etymology, grammatical element, no modern use.	None needed.		y	drop	kaʻamehaʻi		
kaʻahale	kaʻa·hale	A*	012	keep-pending	likely	kaʻahale	inferred	unknown	kaʻa#0	hale	transparent	house cart	Andrews 1922 bracket [kaa, a cart + hale, house]	covered carriage; house-like cart	Andrews 1922 'A house-like cart or carriage'	hana	19th-century coinage	False		kaʻa#0 carries, among many senses, 'to take effect' (Andrews: as a cathartic). Not excretory in itself, but the sensitivity read should look at it once for every KAʻA word.	Transparent and highly connective (degree 18), roots clear (kaʻa 'cart, to roll'; hale 'house'), but Andrews-only, a contact-era word for a carriage, with no modern trace. P&E decides whether it exists and how it breaks.	Is kaʻahale (or 'kaʻa hale') a headword? One word or two? Sense 'covered wagon / carriage'?						
kaʻahele	kaʻa·hele	A*	013	keep	yes	kaʻahele	attested	1	kaʻa#0	hele	transparent	roll about and go	Parts as Andrews–Parker glosses them: "hele, to go" (kaahele bracket) and "Kaa, to roll about" (kaakaua bracket); Wiktionary kaʻa#0 "to roll, revolve; to pass".	to travel about, tour	Andrews–Parker 1922 kaahele: "To travel about; to visit different parts of the country".	hele	traditional	False		Root kaʻa (whole family): Andrews–Parker kaa v. sense 5 is "to take effect as a cathartic" (Wiktionary renders it neutrally as "to take effect"). One project decision for every kaʻa word: does that sense count as excretory under §4.3? This review treats it as a sensitivity note, not an exclusion.	Andrews analyses it as kaʻa + hele, modern Hawaiian writing (incl. a UH Mānoa page) spells it kaʻahele consistently, and the meaning composes. Subject only to the family-wide kaʻa decision in sensitivity_note.	Headword kaʻahele, one word? Sense "to tour, travel about"? Any Lit. reading? Once for the whole kaʻa family: does P&E list a laxative / bowel sense under kaʻa?	https://manoa.hawaii.edu/nhss/learn/hawaiian-youths-abroad-program/hya2025/					
kaʻakaua	kaʻa·kaua	A*	013	keep-pending	likely	kaʻakaua	inferred	unknown	kaʻa#0	kaua	partial	rolling about in battle	Andrews–Parker bracket: "Kaa, to roll about, and kaua, to battle".	to maneuver forces in war	Andrews–Parker kaakaua v.: "To maneuver in warfare; to manage in the disposition of fighting forces".	hele	traditional	False		Warfare. The "(Mod.) chariot; war carriage" sense is a 19th-century extension (probably Biblical); show only the maneuvering sense. Root kaʻa (whole family): Andrews–Parker kaa v. sense 5 is "to take effect as a cathartic" (Wiktionary renders it neutrally as "to take effect"). One project decision for every kaʻa word: does that sense count as excretory under §4.3? This review treats it as a sensitivity note, not an exclusion.	Andrews-only, but its sub-entries and examples show a lexicalised 19th-century word. P&E needed for spelling, word break and whether it is still listed.	Is kaʻakaua a P&E headword (one word)? Senses: military maneuvering/tactics, skilled war leader, war chariot? Is the vehicle sense written separately as "kaʻa kaua"?						
kaʻalalo	kaʻa·lalo	A*	013	keep-pending	likely	kaʻalalo	inferred	unknown	kaʻa#0	lalo	partial	move down	Andrews–Parker bracket: "Kaa, to move, and lalo, down".	to sail off the wind, leeward	Andrews–Parker kaalalo 1: "To direct a vessel's course off the wind", example "We sailed on the lee side of Oahu".	hele	traditional	False		Senses 2–3 ("to flatter", "to contradict oneself") are unflattering; show only the sailing sense. Root kaʻa (whole family): Andrews–Parker kaa v. sense 5 is "to take effect as a cathartic" (Wiktionary renders it neutrally as "to take effect"). One project decision for every kaʻa word: does that sense count as excretory under §4.3? This review treats it as a sensitivity note, not an exclusion.	Andrews-only. The two parts are glossed, there is an example, and it has an antonym pair (kaʻaluna), so it is plausible. P&E needed for spelling, word break and sense.	Headword kaʻalalo (or "kaʻa lalo")? Does P&E give "to sail leeward / off the wind"? Any Lit. ("move down")?						
kaʻalewa	kaʻa·lewa	A*	013	doubtful	doubtful	kaʻalewa	corroborated	either	kaʻa#0	lewa	partial		None for this spelling. Andrews' reading ("rotation skyward") belongs to the different headword kaalelewa.	rolling through the sky	Borrowed from Andrews–Parker's Kaalelewa ("a rolling or rotating of anything in the air; rotation skyward"). Usable only if P&E treats kaʻalewa as the same word.	lani	unknown	False		Root kaʻa (whole family): Andrews–Parker kaa v. sense 5 is "to take effect as a cathartic" (Wiktionary renders it neutrally as "to take effect"). One project decision for every kaʻa word: does that sense count as excretory under §4.3? This review treats it as a sensitivity note, not an exclusion.	No dictionary attests this spelling. It comes from deleting "le" out of Andrews' kaalelewa, which is itself a three-part word, so a better spelling would not fit the two-stone scheme either. Its only modern support is one article.	Does P&E have kaʻalewa as its own headword, or only kaʻalelewa? If kaʻalewa exists: sense, and is it kaʻa + lewa?	https://manoa.hawaii.edu/ihlrt/hna3/article.php?id=565&order=ASC					
kaʻaluna	kaʻa·luna	A*	013	keep-pending	likely	kaʻaluna	inferred	unknown	kaʻa#0	unresolved	partial		No source reading fits the sailing sense. Andrews' bracket ("roll over" + "one over others in command") explains sense 1, "to domineer".	to sail against the wind	Andrews–Parker kaaluna 2: "To sail against the wind, indicating a direction opposite to that of kaalalo".	hele	traditional	False		Sense 1 ("to domineer, be overbearing") is unflattering; show the sailing sense. Root kaʻa (whole family): Andrews–Parker kaa v. sense 5 is "to take effect as a cathartic" (Wiktionary renders it neutrally as "to take effect"). One project decision for every kaʻa word: does that sense count as excretory under §4.3? This review treats it as a sensitivity note, not an exclusion.	Plausible because it pairs with kaʻalalo, but the root sense is split. Andrews' bracket uses luna#1 "overseer" (for "domineer"); the sailing sense, as the opposite of kaʻalalo "move down", implies luna#0 "top, upper". Which sense the card shows decides the LUNA stone, so P&E must settle it.	Headword kaʻaluna? Does P&E give "to sail windward / against the wind", "to domineer", or both? Does luna here mean "above" or "overseer"?		y	keep-pending	kaʻaluna		
kaʻamaloʻo	kaʻa·maloʻo	A*	013	doubtful	likely	kaʻamaloʻo	inferred	unknown	unresolved	maloʻo	partial		Andrews glosses only maloo ("dry"). What kaʻa contributes (turn/twist? pass, be done?) is unstated.	to wipe dry, as with cloth	Andrews–Parker kaamaloo: "To wipe dry; to dry, as with a cloth".	hana	unknown	False		Root kaʻa (whole family): Andrews–Parker kaa v. sense 5 is "to take effect as a cathartic" (Wiktionary renders it neutrally as "to take effect"). One project decision for every kaʻa word: does that sense count as excretory under §4.3? This review treats it as a sensitivity note, not an exclusion.	Single 1922 source with half the analysis missing, no example, no modern use, and the kaʻa sense unresolved, so the card could give no literal reading.	Is kaʻamaloʻo in P&E? If so, what does kaʻa contribute, and is there a Lit.?						
kaʻaoki	kaʻa·oki	A*	013	doubtful	likely	kaʻaoki	inferred	unknown	unresolved	oki	partial		Andrews' parts ("separate from" + "stop") do not compose into a readable literal reading.	to finish off, as a canoe	Andrews–Parker kaaoki 1: "To complete; to finish off, as a canoe".	hana	unknown	False		Root kaʻa (whole family): Andrews–Parker kaa v. sense 5 is "to take effect as a cathartic" (Wiktionary renders it neutrally as "to take effect"). One project decision for every kaʻa word: does that sense count as excretory under §4.3? This review treats it as a sensitivity note, not an exclusion.	Single source, and the analysis of kaʻa is unsupported elsewhere. oki/ʻoki is a live ambiguity. No modern use.	Is kaʻaoki a P&E headword? Is it spelled with oki or ʻoki? Sense "to finish off (a canoe), put on the finishing touches"?						
kaʻapuni	kaʻa·puni	A*	013	keep	yes	kaʻapuni	attested	1	kaʻa#0	puni#0	transparent	roll around	Andrews–Parker: "To go or roll around", bracket "puni, around"; POLLEX PCE *taka-puni "go around, surround".	to go around; to tour	Pukui & Elbert via POLLEX: "Go round, revolve, encircle"; Andrews–Parker: "to go round from place to place", "a voyage by land or sea".	hele	traditional	False		Root kaʻa (whole family): Andrews–Parker kaa v. sense 5 is "to take effect as a cathartic" (Wiktionary renders it neutrally as "to take effect"). One project decision for every kaʻa word: does that sense count as excretory under §4.3? This review treats it as a sensitivity note, not an exclusion. (puni#1 "deceived; to covet" is not the sense used and is not excluded.)	Two independent sources: P&E via POLLEX, which also gives an inherited proto-compound, and Andrews. The spelling is P&E's, and the meaning composes.	Confirm headword kaʻapuni, one word, and any Lit. reading. Confirm puni here is "surround, go around" (puni#0).			keep	kaʻapuni		
kaʻawale	kaʻa·wale	W+A	013	keep-pending	yes	kaʻawale	attested	1	kaʻa#0	unresolved	partial	pass by alone	Wiktionary etymology: kaʻa "to pass by" + wale "alone". Compare Andrews–Parker kaawale v. 2, "to turn or roll freely".	separate, apart; free, unoccupied	Wiktionary: "separate, apart, alone; free, spare; unoccupied, empty". Andrews–Parker: "Free; spare; unoccupied".	hele	traditional	False		Root wale: the dossier lists only the noun "any bodily secretion or mucus including phlegm, saliva; plant sap" (P&E via POLLEX: "slime, mucous, phlegm, sticky sap"). That is a secretion, not excretion in the strict sense, but a reader may know it. Root kaʻa (whole family): Andrews–Parker kaa v. sense 5 is "to take effect as a cathartic" (Wiktionary renders it neutrally as "to take effect"). One project decision for every kaʻa word: does that sense count as excretory under §4.3? This review treats it as a sensitivity note, not an exclusion.	Compound and spelling are solid: Wiktionary W analysis, Andrews, and 25 uses. It waits on a project decision. The wale actually used is the particle ("only, just, alone; for free, without reason": Wiktionary particle entry; P&E via POLLEX "postposed particle: only, just ... alone; without payment, cause or reason"). The dossier's homograph list omits it, so sense_b is unresolved. The ROOTS.md screen drops compounds with a grammatical part, and this one passed only because wale also has a noun entry (mucus). If a particle-sense WALE stone is allowed, add wale "only, alone, freely" as its own root sense and keep.	Confirm headword kaʻawale and the senses "separate, apart; free, spare". In the wale entries: is "only, alone, without cause" a separate headword from "slime, mucus"? Does any wale sense touch excretion or sex?						
kaʻihuakaʻi	kaʻi·huakaʻi	A*	013	drop	no	kaʻihuakaʻi	inferred	unknown	kaʻi	huakaʻi	partial			to lead a traveling company	Andrews–Parker Kaiahuakai v. 1: "To lead a large traveling company" (a different headword).	hele	archaic/obscure	False			No source has this spelling, the real Andrews word has three parts, and it has degree 0 (no turns on the board).	Low priority (degree 0). If checked at all: is there a P&E entry kaʻiahuakaʻi or "kaʻi huakaʻi"?						
keahakahaka	kea·hakahaka	A*	013	drop	no	keʻahakahaka	attested	1	unresolved	unresolved	opaque			lower abdomen	Pukui & Elbert via POLLEX: "Lower abdomen"; Andrews–Parker: "the abdomen".	kanaka	traditional	True	Spelled as P&E spells it, the first element is keʻa, and P&E (via POLLEX) lists keʻa "Male animal reserved for breeding, virile male" (< PEP *teka "penis"). Andrews' kea n. 1 has the same sense ("a male animal reserved for propagating its kind; male of virile power"). That is a sexual sense of a root (§4.3).	Body part (abdomen). Fine in itself.	The candidate split kea + hakahaka is wrong. P&E spells keʻa-, and the corrected root carries a breeding/virility sense that §4.3 excludes.	Only if revisiting: does P&E analyse keʻahakahaka as keʻa + hakahaka? Is keʻa "breeding male" in the same entry as keʻa "cross / dart"?		y	drop	keʻahakahaka		
keikikao	keiki·kao	A*	013	drop	likely	keikikao	inferred	unknown	keiki	kao#1	transparent	offspring of a goat	Andrews–Parker bracket: "Keiki, offspring, and kao, goat".	a kid, young goat	Andrews–Parker: "A kid"; syn. kaokeiki "young goat".	kanaka	19th-century coinage	True	The sense used is a borrowing: kao "goat" < English goat (Wiktionary kao#1). §4.3 excludes a borrowing in the shown sense.		Its second root, in the sense the compound needs, is an English loan.	None needed (excluded as a loan).						
keikikāne	keiki·kāne	A*	013	keep	yes	keiki kāne	attested	2	keiki	kāne	transparent	male child	Andrews–Parker: [Keiki, child, and kane, male] "a male child".	boy; son	Wiktionary keiki kāne: "boy, son"; Andrews–Parker: "A son; a male child".	kanaka	traditional	False		kāne is also the name of the god Kāne (Andrews n. 4). As a common noun that is fine under §4.3. Andrews n. 3 also lists kāne as "an eruption ... of whitish flakes on the skin" (a disease sense).	Wiktionary headword plus Andrews headword plus modern use from a reputable source; fully transparent. It is a two-word compound like the design's own makua kāne.	Is the headword written "keiki kāne" (two words)? Sense "boy, son"? Scan the kāne entry for any sexual or genital sense (§4.3).	https://kaiwakiloumoku.ksbe.edu/article/essays-the-boy-who-tricked-the-ghosts		keep	keiki kāne		
keikipapa	keiki·papa	A*	013	keep-pending	likely	keikipapa	inferred	unknown	keiki	papa#1	partial	descendant of the ancestor	Andrews–Parker bracket: "Keiki, descendant, and papa, an ancestor".	native-born on ancestral land	Andrews–Parker keikipapa 1–2: descendants "who continue to reside on the ground where their ancestor did"; "a native born".	kanaka	traditional	False		Papa is also the earth mother Papa (Papahānaumoku; Andrews papa n. 3). That is not the sense here, but the card should not imply it. The native-born vs kanaka ʻē / malihini contrast touches identity, so word the gloss positively, as here.	One good source with a careful definition, and Wiktionary's papa "native-born" supports the root sense. Needs P&E for existence, spelling and word break.	Is keikipapa / "keiki papa" in P&E? One word or two? Sense "native-born; descendant living on ancestral land"? Is papa here "ancestry / native-born" (papa#1)? Any Lit.?						
keikipipi	keiki·pipi	A*	013	drop	likely	keikipipi	inferred	unknown	keiki	pipi#1	transparent	offspring of cattle	Andrews–Parker bracket: "Keiki, offspring, and pipi, an ox or cow".	a calf	Andrews–Parker: "A calf".	kanaka	19th-century coinage	True	The sense used is a borrowing: pipi "cow, beef" < English beef (Wiktionary pipi#1; Andrews pipi n. 3 "[Eng. beef] (Generally written bipi) Neat cattle").		Its second root, in the sense the compound needs, is an English loan. The native pipi (pearl oyster) is a different word.	None needed (excluded as a loan).						
keikiwaiū	keiki·waiū	A*	013	drop	no	keikiwaiū	inferred	unknown	keiki	waiū	transparent			a nursing infant, suckling	Andrews–Parker Keikiaiwaiu: "Any young suckling ... a sucking child; an infant" (a different headword).	kanaka	traditional	False			No source has this spelling, the real word has three parts (keiki + ʻai + waiū), and the second "root" is itself a compound.	Low priority. If checked: P&E headword for Andrews' Keikiaiwaiu ("keiki ʻai waiū"?). It is outside the two-stone scheme either way.						
keʻapua	keʻa·pua	A*	013	drop	likely	keʻa pua	corroborated	2	keʻa#1	pua	transparent	shoot (cane-tassel) arrows	Andrews–Parker bracket: "Kea, to shoot, and pua, the blossom of the sugar-cane; hence, an arrow".	to shoot sugarcane-tassel darts	Andrews–Parker keapua: "To throw or shoot arrows of sugar-cane".	hana	traditional	True	Root keʻa: P&E (via POLLEX) lists keʻa "Male animal reserved for breeding, virile male" (< PEP *teka "penis"), and Andrews' kea n. 1 has the same sense. §4.3 removes a word if any sense is sexual, and the KEʻA stone has that spelling.	A Makahiki game, culturally valued. If ever revived, describe it with care.	A real and attractive word (the Makahiki sugarcane-dart game), but the KEʻA root has a breeding/virility sense in P&E (via POLLEX) and in Andrews. Revive only if the project rules that a sense belonging to a separate homograph does not count. Then use "keʻa pua", two words, pending P&E.	Only if the homograph question goes the other way: P&E headword "keʻa pua" (two words?) as the dart game; is keʻa "virile male" a separate entry from keʻa "dart"?	https://en.wikipedia.org/wiki/Traditional_Hawaiian_games	y	keep-pending	keʻa pua		
kiaahi	kia·ahi	A*	013	keep-pending	likely	kia ahi	inferred	either	kia#0	ahi	transparent	pillar of fire	Andrews–Parker bracket: "Kia, pillar, and ahi, fire".	pillar of fire	Andrews–Parker kiaahi: "A pillar of fire; a fire pillar".	lani	19th-century coinage	False		Probably Biblical (sacred text): pairs with kia ao "pillar of cloud". Root kia: Andrews lists "a standing idol" (kia hoailona) and, under kia v., an example of killing with a sorcerer's prayer. Neither is the sense here, but a kumu may want to see it.	Andrews treats it as a lexical unit (its own headword and a phrase in the kia entry), and it is fully transparent. It may still be a free noun + modifier phrase from Bible translation rather than a P&E entry. A P&E sub-entry would settle it.	Is "kia ahi" listed under kia in P&E, and marked Bib.? One word or two?						
kiaao	kia·ao	A*	013	keep-pending	likely	kia ao	inferred	either	kia#0	ao#2	transparent	pillar of cloud	Andrews–Parker bracket: "Kia, pillar, and ao, cloud".	pillar of cloud	Andrews–Parker kiaao: "A pillar of cloud or cloud pillar".	lani	19th-century coinage	False		Probably Biblical (sacred text): pairs with kia ahi "pillar of fire". Root kia: Andrews lists "a standing idol" (kia hoailona) and, under kia v., an example of killing with a sorcerer's prayer. Neither is the sense here, but a kumu may want to see it.	Same as kiaahi: lexicalised in Andrews and fully transparent, but possibly a free Bible-translation phrase. A P&E sub-entry would settle it. ao here is "cloud" (ao#2), not "daylight".	Is "kia ao" listed under kia in P&E (Bib.?)? One word or two? Confirm ao = cloud.						
kiakahi	kia·kahi	A*	013	keep-pending	likely	kiakahi	corroborated	1	kia#0	kahi#0	partial	one mast	Andrews–Parker bracket: "Kia, mast, and kahi, one".	steadfast, of one purpose	Andrews–Parker kiakahi n. 2–3: "Firmness of purpose; adherence to a fixed plan; constancy"; adj. "With one accord".	naʻau	unknown	False		Root kia: Andrews lists "a standing idol" (kia hoailona) and, under kia v., an example of killing with a sorcerer's prayer. Neither is the sense here, but a kumu may want to see it.	A good single source with two entries and a coherent figurative sense ("one mast" leading to "steadfast"), plus modern name use. Needs P&E for the headword and for which kia it uses.	Headword kiakahi? Senses "steadfast, of one accord" and/or "sloop"? Does P&E read kia as "mast" or as "to focus, aim" (kia#1) for the steadfast sense?	https://www.hawaiimagazine.com/kiakahi-fitness-classes-are-rooted-in-polynesian-culture/ | https://www.mauiinformationguide.com/blog/hawaiian-canoe-festival/					
kiakolu	kia·kolu	A*	014	keep-pending	likely	kiakolu	inferred	unknown	kia#0	kolu	transparent	three masts	Andrews–Parker 1922 bracket: 'Kia, mast, and kolu, three.'	three-masted ship	Andrews–Parker 1922: 'A ship having three masts'	hana	19th-century coinage	False		kia#0 carries other senses in Andrews that are not shown here: n. 4 'a standing idol', and the verb entry's example 'do that man to death with a sorcerer's prayer' (under a separate verb kia). The KIA stone should show only 'post; mast'.	A transparent, attractive word that pairs with kialua (KOLU ↔ LUA turns a three-master into a two-master), degree 7. But it rests on Andrews alone, and its modern word break is unknown. Keep only if P&E lists it.	Is kiakolu in P&E, as a headword or under kia? One word or 'kia kolu'? Gloss 'three-masted ship'? Is a Lit. given?	https://www.papakilodatabase.com/pdnupepa/cgi-bin/pdnupepa?a=d&d=KNK18690313-01.1.3		keep-pending	kiakolu		
kialua	kia·lua	A*	014	keep-pending	yes	kialua	corroborated	1	kia#0	lua#0	transparent	two masts	Andrews–Parker 1922 bracket: 'Kia, mast, and lua, two.'	two-masted vessel; brig, schooner	Andrews–Parker 1922: 'A brig or schooner having two masts'; Ka Hae Hawaii 1856 'moku kialua'	hana	19th-century coinage	False		lua#0 also carries 'a traditional Hawaiian type of fighting' (Wiktionary). Andrews describes the lua art as bone-breaking and noosing. lua#1 'pit, hole; toilet' is a separate root and must not link to this LUA stone. kia#0's other senses (idol; Andrews' verb example about a sorcerer's prayer) are not shown here.	The word is real (Andrews plus an 1856 newspaper) and transparent, and at degree 18 it is one of the better connectors in the batch. Only the modern word break (kialua or kia lua) and P&E's sense are open.	Headword spelling: kialua or 'kia lua' (perhaps under kia, or in 'moku kialua')? Gloss 'two-masted vessel, brig, schooner'? Any Lit.?	https://manoa.hawaii.edu/ihlrt/hna3/article.php?id=431&order=ASC					
kiaʻipoʻo	kiaʻi·poʻo	A*	014	keep-pending	likely	kiaʻipoʻo	inferred	unknown	kiaʻi	poʻo	partial	head watch	Andrews–Parker 1922 bracket: 'Kiai, watch, and poo, the head.' It is ambiguous between 'chief guard' and 'guard of the (chief's) head/person'.	guard of the king's person	Andrews–Parker 1922: 'A head guard; title of the person who guarded the king for the time being'	kanaka	traditional	False		This is an office in the aliʻi kapu system. Keep the card neutral; the non-reputable page dwells on punishments, which belong nowhere near a card.	Plausible and meaningful, but Andrews-only. The word break and the exact reading of poʻo ('chief' or 'the king's head') both need P&E. Degree 8.	Is it in P&E as kiaʻipoʻo or 'kiaʻi poʻo'? What gloss: 'head guard' / 'personal guard of a chief'? Is poʻo here 'head (chief)' or 'head (body)'?	https://www.kaahelehawaii.com/ke-kia%CA%BBi-po%CA%BBo-captain-of-the-guard/	y	keep-pending	kiaʻi poʻo		
kiaʻipuka	kiaʻi·puka	A*	014	keep-pending	likely	kiaʻipuka	inferred	unknown	kiaʻi	puka	transparent	guard of the door or gate	Andrews–Parker 1922 bracket: 'Kiai, guard, and puka, a door or gate.'	gatekeeper, porter	Andrews–Parker 1922: 'A porter; a guard at a gate'	kanaka	unknown	False			Transparent and harmless, but Andrews-only, and the word break is open. Low degree (4).	kiaʻipuka or 'kiaʻi puka'? Gloss 'gatekeeper, doorkeeper, porter'? Is it marked as biblical?						
kiaʻipō	kiaʻi·pō	A*	014	keep-pending	likely	kiaʻipō	inferred	unknown	kiaʻi	pō	transparent	watch of the night	Andrews–Parker 1922 bracket: 'Kiai, watch, and po, night.'	night watch	Andrews–Parker 1922: 'A night watch; a watch in the night'	hele	unknown	False		pō also carries 'realm of the gods; chaos' (POLLEX PCE *poo) and Andrews' 'place of departed spirits'. Those senses are not used here.	Transparent, and it pairs well with other pō words, but Andrews-only. It is also unclear whether it names a period (a watch of the night, field hele) or a watchman (field kanaka). Degree 7.	kiaʻipō or 'kiaʻi pō'? Does it mean a watch period of the night, a night watchman, or both?						
kiaʻāina	kia·ʻāina	A*	014	keep	yes	kiaʻāina	attested	1	kia#0	ʻāina	partial	pillar of the land	Andrews–Parker 1922 bracket: 'the pillar or support of the land'	governor; ruler of an island	Andrews–Parker 1922: 'A governor; a governor of an island; a ruler'; State of Hawaiʻi letterhead 'Governor / Ke Kiaʻāina'	kanaka	unknown	False		This is a political office. Today it names the elected governor of the State of Hawaiʻi; historically it named the Kingdom's island governors. Some readers will feel that history; it needs no special handling. kia#0's other Andrews senses (idol; a sorcerer's-prayer example under the verb) are not shown.	A real, well-attested word in current official use. The modern spelling is secure, both roots are clean, and the metaphor 'pillar of the land' makes a fine parts row. Degree 15.	Confirm the headword kiaʻāina (one word). Does P&E give a Lit. ('pillar [of the] land' or similar)? Does P&E add other senses to 'governor'?	https://ags.hawaii.gov/wp-content/uploads/2025/04/Comptrollers-Memorandum-2025-10.pdf					
kikialo	kiki·alo	A*	014	drop	doubtful	kikialo	inferred	unknown	unresolved	alo	partial		None usable: Andrews' bracket rests on 'kiki, from ki, to do', which no dossier homograph supports.	to act at once, quickly	Andrews–Parker 1922: 'To move or do quickly whatever is to be done. 2. To get into action now.'	hele	archaic/obscure	True	Either-root rule: Andrews' verb kiki (the frequentative of ki 'to shoot, squirt') has sense 3, 'to practice masturbation' (sexual). A KIKI stone would carry that spelling to readers who know it.		Folk etymology with a third morpheme, an unresolved first root, an obscure meaning, a sexual sense on the KIKI spelling, and degree 1.	Low priority. Only if convenient: does P&E have kikialo at all, and what is its analysis?						
kikokahi	kiko·kahi	A*	014	keep-pending	yes	kiko kahi	corroborated	2	kiko	kahi#0	transparent	single point	Andrews–Parker 1922 bracket: 'Kiko, point, and kahi, one.'	period (punctuation mark)	Andrews–Parker 1922 'A period; the point in punctuation'; Wiktionary derived term 'kiko kahi: period'	naʻau	19th-century coinage	False			A real term, and charming beside kiko moe and kiko nīnau. But the modern spelling rests on Wiktionary's derived-term list only, and current school usage prefers 'kiko pau' for the period. P&E should settle the form and whether it is current. Degree 11.	Under kiko: is 'kiko kahi' (two words) given for 'period'? Is 'kiko pau' also given, and which is primary? Any Lit.?	https://kaiapuni-wp.coe.hawaii.edu/wp-content/uploads/2015/04/Na-Ana-Makau-Olelo-Papa-3.pdf					
kikolā	kiko·lā	A*	014	keep-pending	likely	kikolā	inferred	unknown	kiko	lā#2	transparent	mark the day	Andrews–Parker 1922 bracket: 'Kiko, to mark or check, and la, day.'	to keep a daily tally	Andrews–Parker 1922: 'to make a daily record of by kiko, or small points or marks'	hele	archaic/obscure	False			Transparent, and a lovely image for a time word, but known from Andrews alone, with a lexicographer's wording and no modern use. Keep only if P&E carries it. Low priority. Degree 6.	Is kikolā (or 'kiko lā') in P&E? Same sense, 'to mark off the days'? Note that the lā is 'day', not 'sun'.		y	keep-pending	kikolā		
kikomoe	kiko·moe	A*	014	keep-pending	yes	kiko moe	corroborated	2	kiko	moe	transparent	lying-down point	Andrews–Parker 1922 bracket: 'Kiko, point, and moe, to lie down.'	hyphen	Andrews–Parker 1922 'A hyphen (-)'; Wiktionary derived term 'kiko moe: hyphen'; Hawaiian Wikipedia 'nā kiko moe' glossed 'hyphens'	naʻau	19th-century coinage	False		Same design-owner call as earlier batches: Wiktionary's moe senses include 'to die' and 'to marry', and neither triggers §4.3. If P&E gives moe a sexual sense ('to sleep with'), the either-root rule would reach every moe word.	A real, transparent and delightful word (a dot lying down). The word break is supported by two modern witnesses, but only thinly, and the moe question applies. Degree 11.	Under kiko: 'kiko moe' = hyphen, as two words? Any Lit.? Also, once for all moe words: does P&E's moe include a sexual sense?						
kikonīnau	kiko·nīnau	A*	014	keep	yes	kiko nīnau	attested	2	kiko	nīnau	transparent	question point	Andrews–Parker 1922 bracket: 'Kiko, point, and ninau, question.'	question mark	Andrews–Parker 1922 'The interrogation point (?)'; Wiktionary derived term 'kiko nīnau: question mark'; UH Kaiapuni standards	naʻau	19th-century coinage	False			Attested in current school usage with a secure spelling, transparent and clean. Degree 4 is low, but it sits in a natural kiko family. The card should write it as two words.	Confirm that P&E lists 'kiko nīnau' (two words, under kiko) as question mark, and whether a Lit. is given.	https://kaiapuni-wp.coe.hawaii.edu/wp-content/uploads/2015/04/Na-Ana-Makau-Olelo-Papa-3.pdf					
kikowaena	kiko·waena	A*	014	keep	yes	kikowaena	attested	1	kiko	waena	transparent	middle point	Andrews–Parker 1922 bracket: 'Kiko, point, and waena, the middle.'	center; center of a circle	Andrews–Parker 1922 'The center of a circle'; modern use 'center (of a dilation / data set / city)' in Kaiapuni materials and Hawaiian Wikipedia	hele	unknown	False			Attested by Andrews and by wide, consistent modern use in one-word spelling. Transparent ('middle point') and clean. Field hele matches the earlier geometry words (kahahānai, kahapōʻai). Degree 7.	Confirm the headword kikowaena (one word), with senses 'center; center of a circle' and perhaps 'headquarters'. Any Lit. ('middle point')?	https://kaiapuni-wp.coe.hawaii.edu/wp-content/uploads/2020/09/NA%CC%84-NI%CC%84NAU-A-PAU-I-HO%CA%BBOKU%CA%BBU-%CA%BBIA.pdf | http://aokaiapuni.weebly.com/uploads/2/7/0/1/27011744/ccss_pilihelu_papa9-12.pdf		keep	kikowaena		
kiloheʻe	kilo·heʻe	A*	014	keep-pending	likely	kiloheʻe	inferred	unknown	kilo	heʻe#0	transparent	looking for octopus	Andrews–Parker 1922 bracket: 'Kilo, to look for, and hee, squid.' heʻe = octopus per Wiktionary heʻe#0 and POLLEX *feke.	searching the sea for octopus	Andrews–Parker 1922 sense 1 'The act of searching the sea for squid', with heʻe = octopus (Wiktionary, POLLEX)	kai	traditional	False		Andrews' sense 3 is a named fishing ground; do not use it. kilo also carries Andrews' 'astrologer; magician; soothsayer; enchanter' and POLLEX's 'necromancer'. The KILO stone should show 'to watch, observe'. Andrews' heʻe noun entry folds in 'the menses' (from heʻe 'to flow', heʻe#1), which is a different root from heʻe#0 and must not link.	A transparent fishing word that would bring octopus onto the reef side of the map. It needs P&E for existence, word break, and the octopus/squid wording. Degree 3.	Is kiloheʻe or 'kilo heʻe' in P&E? Gloss: 'octopus fisher / to look for octopus'? Is the place-name sense separate?						
kilomakani	kilo·makani	A*	014	doubtful	likely	kilomakani	inferred	unknown	kilo	makani	transparent	wind observer	Composed, not printed: Andrews' bracket glosses only 'makani, wind'. kilo 'watch or observer' is from Wiktionary, and Andrews' kilo v. 2 is 'to watch omens'.	one who reads the winds	Andrews–Parker 1922: 'One who prognosticates the future by observing the winds' (shortened; see verdict)	lani	traditional	False		Andrews' only sense is divination: forecasting 'the future', not just the weather, from winds. Andrews also groups kilo with 'magician; soothsayer; enchanter'. Kilo as keen observation of nature is respected practice, but a card must not slide into fortune-telling or make light of it.	Andrews-only, and its only gloss is divinatory. Shortening it to 'reads the winds' would soften what the source says, which source fidelity forbids. Keep only if P&E gives a weather-watching sense, e.g. 'wind/weather observer'. Degree 3.	Is kilomakani in P&E? Is its sense weather-watching or omen-reading? Is it written as one word?						
kinipōpō	kini·pōpō	W	014	doubtful	doubtful	kinipōpō	attested	1	unresolved	pōpō	partial		None trustworthy: Wiktionary's 'game + ball' rests on a kini 'game' that no source supports.	ball; ball game	Wiktionary 'ball; ball game (any sport involving chasing after a ball)'; HPR Word of the Day 'Kinipōpō means ball'	hana	unknown	True	Provisional: the only kini sense near the meaning (kini#5, 'best marble') is marked possibly borrowed from English 'tin', and the other kini homographs are loans or 'multitude'. If the KINI stone has to show a loan sense, §4.3's borrowing rule applies. Lift this if P&E gives a native kini 'game' or 'marble'.	kini#3 is 'gin (alcoholic beverage)'. It is not shown, but it is another reason a bare KINI stone is awkward.	The word is real, but the first stone has no defensible sense. It is degree 0 in the core, so it cannot turn anywhere and adds nothing to the board.	Does P&E analyse kinipōpō? Is there a native kini meaning 'game' or 'marble' (e.g. under kini or kinikini), or is kini a loan here?	https://www.hawaiipublicradio.org/hawaiian-word-of-the-day-january-24th	y	doubtful	kinipōpō		
kinoakalau	kino·akalau	A*	014	doubtful	likely	kinoakalau	inferred	unknown	kino	akalau	partial	body of many shadows	Andrews–Parker 1922 bracket: 'Kino, body, and akalau, many shapes or shadows.'	spirit of a living person	Andrews–Parker 1922 'The spirit or ghost of a living person'; Wiktionary akalau 'The ghost of a living person'	naʻau	traditional	False		This is spirit belief, tied in Andrews to priests reading a person's apparition as an omen of coming calamity (that is, death). It is not sorcery as such, but it sits next to it, and a kumu may well not want it handled casually on an art piece.	Andrews-only. akalau is itself a compound (aka + lau, per Wiktionary's surface analysis), so the word is three morphemes deep. The subject is a death-omen spirit. A careful piece gains little from it. Degree 5.	Is kinoakalau in P&E? Same sense? Does P&E mark it as a kahuna or omen term?						
kinoea	kino·ea	W	014	keep	yes	kinoea	attested	1	kino	ea	transparent	air body	Wiktionary etymology: kino 'body' + ea 'air, gas'	gas (state of matter)	Wiktionary 'gas; gaseous'; Ānuenue chemistry pages (one of the three states of matter)	lani	modern coinage	False		ea also means 'sovereignty, life, breath' (Wiktionary; POLLEX *eqa), which is politically and spiritually weighty. Here the 'air, gas' sense is shown. An EA stone linking kinoea to ea-as-sovereignty words would be a different sense and should not link.	A modern scientific coinage in real use (immersion schools, Hawaiian Wikipedia), with a secure spelling and a transparent meaning. It completes the kinopaʻa / kinowai / kinoea trio named in DESIGN §2. The register should show on the card as modern. Degree 9.	Probably Māmaka Kaiao rather than P&E: confirm kinoea (one word) 'gas'. Does the source give a Lit.?	https://papakemika.wordpress.com/mahele-1/					
kinomake	kino·make	A*	014	doubtful	likely	kino make	corroborated	2	kino	make	transparent	dead body	Andrews–Parker 1922 bracket: 'Kino, body, and make, dead.'	corpse, dead body	Andrews–Parker 1922 'A dead body of man or animal'; Wiktionary derived term 'kino make: corpse'	kanaka	unknown	False		Death and the dead body. Kupapaʻu and iwi are among the most sensitive subjects in Hawaiian culture. A 'corpse' card tumbling in and out of kinowai or kinoea could read as careless.	It may be a free phrase rather than a lexical compound; Andrews himself points to kupapaʻu as the word. Its subject sits badly with the piece's tone. It is degree 10, but the board does not need it.	Does P&E list 'kino make' as a sub-entry under kino ('corpse'), or only kupapaʻu? Is it written as one word or two?			doubtful	kino make		
kinopaʻa	kino·paʻa	W	014	keep	yes	kinopaʻa	attested	1	kino	paʻa	transparent	firm body	Wiktionary etymology: kino 'body' + paʻa 'firm'	solid (state of matter)	Wiktionary 'solid (as opposed to a gas or liquid)'; Ānuenue chemistry pages	ʻāina	modern coinage	False			A modern coinage in real use, spelled securely, transparent, and the best connector in the batch (degree 22). It belongs to the solid/liquid/gas trio. Show the register as modern.	Probably Māmaka Kaiao: confirm kinopaʻa (one word) 'solid'. Is the 'rocky (planet)' sense there too?	https://papakemika.wordpress.com/mahele-1/					
kinowai	kino·wai	W	014	keep	yes	kinowai	attested	1	kino	wai#0	transparent	water body	Wiktionary etymology: kino 'body' + wai 'water'	liquid (state of matter)	Wiktionary 'liquid (as opposed to a solid or a gas)'; Ānuenue chemistry pages	ʻāina	modern coinage	False			A modern coinage in real use, spelled securely and transparent. Degree 26 makes it the batch's top connector, and it links to the large WAI family. Show the register as modern.	Probably Māmaka Kaiao: confirm kinowai (one word) 'liquid'.	https://papakemika.wordpress.com/mahele-1/					
kinowailua	kino·wailua	A*	015	keep-pending	likely	kino wailua	corroborated	either	kino	wailua	transparent	shadowy body	Andrews–Parker 1922 bracket: 'Kino, body or substance, and wailua, shadowy'	spirit or ghost of the dead	Andrews–Parker 1922: 'a poetical name for a spirit or ghost of a dead person'; Wiktionary wailua 'ghost, spirit'	naʻau	traditional	False		Spirits of the dead; Wiktionary also glosses wailua 'remains of the dead'. Not sorcery or death-prayer, but a kumu may want it treated with care and not set up for a playful tumble.	Plausible, transparent compound with one dictionary source and one 19th-century use; spelling has no diacritic risk but the word break and the exact sense (dead only?) need Pukui & Elbert. Sensitivity noted.	Is kino wailua a headword or a sub-entry under kino or wailua? One word or two? Does P&E limit it to the spirit of a dead person, as Andrews does, or also cover a living person's spirit seen away from the body? Any 'Lit.' reading?	https://www.manoa.hawaii.edu/ihlrt/hna3/article.php?id=357	y	keep-pending	kino wailua		
kioahi	kio·ahi	A*	015	drop	doubtful	kiʻoahi	inferred	unknown	unresolved	ahi	partial	fire pool	Andrews–Parker 1922 bracket: 'Kio, pool, and ahi, fire'	fiery pit; hell	Andrews–Parker 1922: 'a fiery pit; a place of torment; hell'	naʻau	19th-century coinage	True	Root kio/kiʻo: Andrews–Parker's Kio entry (written without ʻokina) gives 'excrement' and the verb 'to evacuate the bowels' next to 'pool'. This is provisional until P&E shows whether that sense belongs to the pool root.	Its only sense is the missionary-era Christian hell, 'a place of torment'. That would read harshly in a warm, stoic piece about words that crossed the Pacific.	Single 1922 source, no modern use, spelling unknown (the root is kiʻo, not kio). Possible excretory sense on the root. Its one sense is a missionary theological term. Not worth a P&E lookup ahead of other words.	Low priority. Only if checking kiʻo anyway: is there a kiʻoahi/kioahi entry, and does the pool root kiʻo carry an excrement sense?	https://www.hawaii.edu/kawaihapai/ka-pae-%CA%BBaina-o-hawai%CA%BBi-na-kai-%CA%BBewalu/hawai%CA%BBi/ka%CA%BBu/ | https://www.hawaii.edu/kawaihapai/ka-pae-%CA%BBaina-o-hawai%CA%BBi-na-kai-%CA%BBewalu/o%CA%BBahu/%CA%BBewa/waiau-2/					
kiolepo	kio·lepo	A*	015	drop	likely	kiʻolepo	inferred	unknown	unresolved	lepo	transparent	pool of dirt	Andrews–Parker 1922 bracket: 'Kio, a pool, and lepo, dirt'	muddy puddle; place of filth	Andrews–Parker 1922: 'a puddle; a place of filth; a collection of mud, water and filth'	ʻāina	archaic/obscure	True	Root lepo: Andrews–Parker gives 'dung; excrements' as sense 2 of lepo (excretory). | Root kio/kiʻo: Andrews–Parker's Kio entry gives 'excrement; to evacuate the bowels' (provisional, see kiowai). | The compound's own sense is 'a place of filth'.		Excretory senses on both roots in the dossier, and the compound itself means a place of filth. Drop under DESIGN §4.3 regardless of how P&E spells it.	None needed (dropped on exclusion).						
kiowai	kio·wai	A*	015	doubtful	yes	kiʻowai	attested	1	unresolved	wai#0	transparent	collection of water	Andrews–Parker 1922 bracket: 'Kio, collection, and wai, water'	pool of water; spring	Andrews–Parker 1922: 'a collection of water; a puddle; standing water … a fountain'; UH Kawaihāpai uses it of bathing pools and the pond Palahemo	ʻāina	traditional	True	Provisional: Andrews–Parker's single Kio entry (no ʻokina) gives sense 1 'excrement' and the verb 'to evacuate the bowels' next to 'pond, puddle, cistern, pool, sluice, dregs'. Andrews cannot show whether this belongs to kiʻo (pool) or to a separate kio. If P&E keeps the excretory sense off kiʻo, the flag lifts.	Named kiʻowai are often wahi pana and tied to ʻaumākua (Puhikani, a favourite bathing pool of the shark ʻaumakua Kaʻahupāhau). Fine to show, but write any example with care.	A real word, transparent and spelled as UH writes it, but held back by a possible excretory sense on its root. Promote it to keep if P&E's kiʻo (pool) has no such sense. High board value: degree 23 as computed, though that figure used the wrong root (kio 'chirp') and must be recomputed once kiʻo is a root.	HIGH VALUE. (1) Is the headword kiʻowai, one word? (2) Look up kiʻo: is 'pool, puddle, cistern' the same entry as any 'excrement / to defecate' sense, or is that a separate kio? (3) Does P&E give a 'Lit.' reading (e.g. 'water pool')? Add kiʻo 'pool' to the root glossary, as it is missing from the dossier's homographs (kio#0 chirp, kio#1 projection, kio#2 worm snail).	https://www.hawaii.edu/kawaihapai/ka-pae-%CA%BBaina-o-hawai%CA%BBi-na-kai-%CA%BBewalu/hawai%CA%BBi/ka%CA%BBu/ | https://www.hawaii.edu/kawaihapai/ka-pae-%CA%BBaina-o-hawai%CA%BBi-na-kai-%CA%BBewalu/o%CA%BBahu/%CA%BBewa/waiau-2/					
kipikua	kipi·kua	A*	015	keep-pending	yes	kipikua	corroborated	1	kipi#0	kua#1	transparent	dig and hew	Andrews–Parker 1922 bracket: 'Kipi, to dig up, and kua, to strike obliquely … to cut down a tree'	pickaxe	Andrews–Parker 1922 'Pickaxe'; Kamehameha Schools translation 'pickaxe'	hana	19th-century coinage	False			A real, transparent compound with a modern spelling seen once in a reputable source. Wants a P&E headword check. Degree 0: it adds no turns until kipi#0 or kua#1 have other compounds.	Headword kipikua, one word? Does P&E give 'Lit.' dig + hew, or another analysis of kua?	https://kaiwakiloumoku.ksbe.edu/article/mele-he-mele-hula-puili					
kiʻekiʻeana	kiʻekiʻe·ana	A*	015	drop	no	kiʻekiʻe ana	inferred	unknown	kiʻekiʻe	unresolved	partial	being high	Andrews–Parker 1922 bracket: 'Kiekie, high, and ana, being'	being high; tableland	Andrews–Parker 1922: 'being high; rising high … a tableland'	ʻāina	archaic/obscure	True	Grammatical: ana here is the post-posed aspect particle ('being'), not the root ana 'cave' (ana#0) or 'measure' (ana#1). A stone ANA would link it falsely to cave/measure words.		Not a root + root compound: a verb with an aspect particle. Excluded as grammatical.	None needed.						
kiʻikālai	kiʻi·kālai	A*	015	keep-pending	likely	kiʻi kālai	corroborated	2	kiʻi#0	kālai	transparent	hewn image	Andrews–Parker 1922 bracket: 'Kii, image, and kalai, to hew'	carved image	Andrews–Parker 1922: 'a carved idol; a graven image'	hana	unknown	False		Kiʻi are often images of akua and ʻaumakua, set in heiau. Andrews' 'idol / graven image' is missionary framing, so the card should say 'carved image', never 'idol'.	Transparent and plausible, but it may be a free noun + verb phrase rather than a lexical item. Needs P&E to confirm a kiʻi kālai entry and its spacing.	Does P&E list kiʻi kālai (two words) as a sub-entry of kiʻi, glossed carved image or statue? Or only kālai kiʻi (to carve images)? If neither, downgrade to doubtful.		y	doubtful	kiʻi kālai		
kiʻikū	kiʻi·kū	A*	015	doubtful	doubtful	kiʻi kū	inferred	either	kiʻi#0	kū#0	transparent	standing image	Andrews–Parker 1922 bracket: 'Kii, image, and ku, to stand'	standing carved image	Andrews–Parker 1922: 'a standing image or idol'	hana	archaic/obscure	False		KIʻI KŪ reads just as easily as 'image of Kū', the god whose images stood at luakini heiau. That is sacred material and can be misread as a deity name.	Most likely a free noun + stative-verb phrase, which Andrews himself writes as two words. It has a single source and invites a reading as a deity's name.	Does P&E list kiʻi kū at all? If so, as 'standing image' or with reference to Kū?						
kiʻipalapala	kiʻi·palapala	A*	015	keep-pending	likely	kiʻipalapala	inferred	unknown	kiʻi#0	palapala	partial	written image	Andrews–Parker 1922 bracket: 'KII and palapala, writing'	picture; portrait	Andrews–Parker 1922: 'a picture; a portrait'	hana	19th-century coinage	False		Andrews' sense 2 is 'a picture for worship' (a religious image); show only 'picture; portrait'. palapala is a reduplication of pala, whose P&E homographs (via POLLEX) include 'dab of excreta' and 'a form of syphilis'. That base is not the root on the stone, but noted.	One dictionary source, plausible, but no modern use. It may be a phrase, and P&E may give the order palapala kiʻi instead.	Is there a kiʻi palapala / kiʻipalapala entry (and spacing)? Or does P&E only give palapala kiʻi or kiʻi pena for 'picture'? Is palapala here 'drawing/marks' (the kapa-print sense) or 'writing'?						
kiʻipōhaku	kiʻi·pōhaku	A*	015	keep	yes	kiʻi pōhaku	attested	2	kiʻi#0	pōhaku	transparent	stone image	Andrews–Parker 1922 bracket 'Kii, image, and pohaku, stone'; NPS 'images carved in stone'	petroglyph; stone image	NPS Puʻuloa page (kiʻi pōhaku = petroglyphs); Wiktionary kiʻi 'a petroglyph'; Andrews–Parker 'a stone idol'	hana	traditional	False		Petroglyph fields such as Puʻuloa are sacred (newborns' piko were placed in cupules there), and the Mokumanamana stone images are temple images. The card should stay plain and respectful and avoid 'idol'.	Transparent compound attested by Andrews, Wiktionary, NPS and consistent modern use; two-word spelling is settled by modern use. No exclusion concern.	Confirm P&E's two-word sub-entry kiʻi pōhaku and its gloss (petroglyph and/or stone image); note any 'Lit.'	https://www.nps.gov/places/puuloa.htm		keep	kiʻi pōhaku		
kiʻiʻoniʻoni	kiʻi·ʻoniʻoni	W	015	keep	yes	kiʻiʻoniʻoni	attested	either	kiʻi#0	ʻoniʻoni	transparent	moving picture	Wiktionary etymology: kiʻi 'image' + ʻoniʻoni, reduplication of ʻoni 'to move'	movie, moving picture	Wiktionary: 'movie, moving picture, film'	naʻau	modern coinage	False			Attested, transparent and in wide modern use. A 20th-century coinage, which is a curatorial choice per ROOTS.md §4 ('modern coinages are a choice to make'), not a defect.	Does P&E write kiʻi ʻoniʻoni as two words (and Māmaka Kaiao as kiʻiʻoniʻoni)? Pick the caption spacing. Any 'Lit. moving picture'?	https://westoahu.hawaii.edu/ekamakanihou/?p=6981 | https://kawaiola.news/hoonaauao/lupalupa-ka-olelo-a-kanaka/					
koawā	koa·wā	A*	015	drop	no	kōwā	attested	1	unresolved	wā#1	opaque			space between; channel	POLLEX (Pukui & Elbert 1986): 'intervening space or time; channel, canal'; Andrews–Parker 'a vacant space between two things … a strip of water between two lands'	kai	traditional	False			Misanalysis. The word is P&E's kōwā (PCE *koo-waa), and its first element is not the root koa. As koa·wā it would draw a false KOA line to warrior / koa tree words. kōwā itself is a good word, but not a two-root compound.	Optional: does P&E have koawā at all (as a variant of kōwā)? If only kōwā, this candidate is gone.						
kohohonua	koho·honua	A*	015	doubtful	doubtful	kohohonua	inferred	unknown	koho	honua#1	transparent	choose without cause	Andrews–Parker 1922 bracket: 'Koho, to choose or name, and honua, without cause or reason for'	to ask for, unspecified	Andrews–Parker 1922: 'to ask for or choose in a general way, without specification … to beg'	naʻau	archaic/obscure	False			Likely a free verb + adverb phrase rather than a lexical item. Single 1922 source, archaic, and degree 1. A HONUA stone here (adverb 'without cause') would sit beside HONUA 'earth' stones of another root.	Low priority: does P&E list koho honua / kohohonua as a unit?		y	keep-pending	koho honua		
kohomua	koho·mua	A*	015	doubtful	doubtful	koho mua	corroborated	2	koho	mua	transparent	first choice	Andrews–Parker 1922 bracket: 'Koho, to choose, and mua, first'	first choice, much desired	Andrews–Parker 1922: 'a first choice, and one greatly desired'	naʻau	unknown	False			A compositional noun + modifier phrase. Andrews' only extra is 'greatly desired'. No evidence it is a lexical item in P&E.	Low priority: does P&E list koho mua as a sub-entry with a specialised sense?						
koikahi	koi·kahi	A*	015	keep-pending	likely	koʻikahi	inferred	unknown	unresolved	kahi#1	transparent	shaving adze	Andrews–Parker 1922 bracket: 'Koi and kahi, to cut or shave' (koi = adze per Andrews' Koi n. entry)	carpenter's plane	Andrews–Parker 1922: 'a plane; a tool for planing boards or timber'	hana	19th-century coinage	False			Plausible, transparent tool name from one source. The spelling must be corrected to koʻi-, and the word break needs P&E. Degree 1, so low priority.	Headword koʻi kahi or koʻikahi? Gloss 'plane (tool)'? Add koʻi 'adze, axe' (< PPN *toki) to the root glossary, as it is missing from the dossier's homographs (only koi 'to urge').	https://tsdye.online/anth-464-lectures/anth-464-adzes.html					
koilipi	koi·lipi	A*	015	keep-pending	likely	koʻilipi	inferred	unknown	unresolved	lipi	transparent	sharp-edged adze	Andrews–Parker 1922 bracket: 'Koi and lipi, sharp; tapering'	axe	Andrews–Parker 1922: 'an axe'	hana	unknown	False			Plausible, transparent tool name from one source; spelling must be corrected to koʻi-. Degree 1, low priority. Its gloss 'axe' teaches little beyond koʻi itself unless P&E gives a narrower sense.	Headword koʻi lipi or koʻilipi? Is it a particular axe (broadaxe, hatchet) rather than just 'axe'?	https://tsdye.online/anth-464-lectures/anth-464-adzes.html					
komohale	komo·hale	A*	015	keep-pending	yes	komohale	corroborated	1	komo	hale	transparent	enter house	Andrews–Parker 1922 bracket: 'Komo, enter, and hale, house'	house-warming; dedicating a new house	Andrews–Parker 1922: 'the act of dedication on entering a new house; house-warming'	hana	traditional	False		House dedication was a religious rite (prayer and the cutting of the thatch 'piko' over the door). Gloss it plainly and respectfully.	Two independent 19th-century attestations and a transparent, specialised meaning. Only the modern spacing (komohale vs komo hale) needs P&E.	Headword komohale, one word, or komo hale? Gloss house-warming / house dedication? Any 'Lit. enter house'?	https://hawaiicatholicherald.com/2018/08/08/komohale/					
komolole	komo·lole	A*	015	doubtful	doubtful	komo lole	inferred	unknown	komo	lole	transparent	enter clothes	Andrews–Parker 1922 bracket 'Komo and lole, cloth; clothes', with komo 'to dress, attire' (Andrews komo v. 3)	to dress; apparel	Andrews–Parker 1922: 'apparel; a change of clothes … to dress; to put on clothes'	hana	archaic/obscure	False		Andrews glosses lole 'cloth, particularly foreign cloth'. It is a native word, not a loan, but the cloth sense is post-contact; show the native sense.	Most likely a free verb + object phrase; the lexicalised noun is lole komo. Single source, no modern use found.	Does P&E list komo lole as a unit, or only lole komo 'clothes'?						
komowale	komo·wale	A*	015	drop	doubtful	komo wale	corroborated	2	komo	unresolved	transparent	enter for no reason	Andrews–Parker 1922 bracket: 'Komo, to enter in and wale, gratuitously'	to trespass, intrude	Andrews–Parker 1922: 'to enter without permission or invitation; to trespass; to intrude'	hele	archaic/obscure	True	Grammatical: the second element is the post-posed particle wale (POLLEX/P&E 'postposed particle: only, just … without cause'), not a content root. | The only WALE root in the dossier's homographs is 'bodily secretion, mucus, phlegm, saliva' (also POLLEX/P&E 'slime, mucous, phlegm'). A WALE stone would link to, and be read as, that word: bodily secretion, borderline under the excretory rule.		Verb + grammatical particle, a free phrase rather than a root + root compound. Its degree (15) is inflated by conflating particle wale with other wale words.	None needed.		y	drop	komo wale		
komoʻāina	komo·ʻāina	A*	015	keep-pending	likely	komoʻāina	inferred	unknown	komo	ʻāina	transparent	enter land	Andrews–Parker 1922 bracket: 'Komo, enter, and aina, land'	to enter upon inherited land	Andrews–Parker 1922: 'to enter upon an inheritance; to take possession of a land'	ʻāina	archaic/obscure	False		Land possession and inheritance touch the history of Hawaiian land tenure and dispossession. Keep the gloss neutral ('enter upon inherited land').	One dictionary source with a specific, transparent meaning. Spelling, word break and lexical status all need P&E.	Is there a komo ʻāina / komoʻāina entry? One word or two? Does P&E keep the inheritance sense?						
koʻakea	koʻa·kea	A*	016	doubtful	doubtful	koʻakea	inferred	unknown	koʻa	kea	transparent	white coral	Andrews 1922 bracket [Koa, coral, and kea, white]	white coral	Andrews 1922: 'The white coral of the ocean.'	kai	unknown	False		koʻa also means a fishing shrine (POLLEX gloss from P&E: 'shrine, often consisting of circular piles of coral or stone'), and a card should not suggest that sense. Andrews' unmarked kea has a noun sense 'a male animal reserved for propagating its kind; male of virile power'. Batch-013 found that P&E spells that word keʻa (< PEP *teka), a different root, so it does not attach to kea 'white'. The person checking should confirm this.	One 1922 source, a meaning that adds nothing to its parts, and no modern use as a common noun. It is probably a free phrase. Promote it only if P&E lists it as a headword or sub-entry.	Is there a headword or sub-entry koʻakea / koʻa kea? If it appears only as an example phrase under koʻa, drop it. If it is listed: one word or two, and does it mean more than 'white coral' (bleached coral, a poetic use)? Also confirm that the 'stud animal' word is keʻa, not kea.	https://hawaiimagazine.com/content/top-kauai-resort-koa-kea-celebrates-10-years-aloha					
koʻakā	koʻa·kā	A*	016	drop	doubtful	koʻakā	inferred	unknown	koʻa	kā#0	partial	coral dashing	Andrews 1922 bracket [Koa, coral, and ka, to dash]	where currents clash over coral	Andrews 1922: place where opposing currents meet on coral shoals	kai	archaic/obscure	True	The same unmarked spelling koaka in Andrews also means 'Lustful; licentious; unchaste' and 'One who marries wives and puts them away again (he moekolohe pinepine). 2. A profligate', which are sexual senses. If P&E spells either the same as this word, §4.3 removes it. | Andrews' koaka also means 'the Hawaiian pronunciation for quarter; a quarter of a dollar', a borrowing. | Defined as the name of a place or places, so close to a proper-name use.	Shares its unmarked spelling with a word for sexual profligacy and adultery (moekolohe).	Degree 1, a single 1922 source, a sense close to a place name, and a sexual homograph with the same unmarked spelling. It is not worth a lookup.	Low priority, so skip it. If it is checked anyway: is there a koʻakā meaning currents meeting over coral, and how does P&E spell the 'lustful' word and the 'quarter' loan?						
koʻokoʻohao	koʻokoʻo·hao	A*	016	doubtful	doubtful	koʻokoʻo hao	inferred	either	koʻokoʻo	hao#0	transparent	staff of iron	Andrews 1922 bracket [Kookoo, staff, and hao, iron]	iron rod or staff	Andrews 1922: 'An iron staff; a rod of iron.'	hana	19th-century coinage	False		hao has an unrelated homograph hao#1 'to rob, plunder' (Wiktionary; POLLEX < PPN *faqao), so the HAO stone must link only to hao 'iron'. In scripture a 'rod of iron' is an instrument of rule and punishment.	A free phrase (Andrews itself writes it split) with a sense that only repeats the parts, and probably a Bible-translation phrase. Not a lexical compound unless P&E gives it as a sub-entry.	Is koʻokoʻo hao a P&E sub-entry, or only an example under koʻokoʻo? If it is only an example, drop it.						
kuahao	kua·hao	W	016	keep-pending	likely	kuahao	attested	1	unresolved	hao#0	transparent	iron anvil	Built from Andrews 1922 kua 'the anvil of a blacksmith' + hao 'iron'. Wiktionary's etymology reads it instead as kua 'back (place to lay something on)' + hao 'iron'.	blacksmith's anvil	Wiktionary: 'anvil, heavy iron block as work surface in blacksmithing'	hana	unknown	False		hao#1 'to rob, plunder' is an unrelated homograph, so the HAO stone must link only to hao 'iron'.	A real word (Wiktionary headword) with one source, and its kua is most likely the anvil or tapa-block kua that Andrews lists separately. That kua is not among the dossier's homographs (kua#0 back, kua#1 windward/to hew). If P&E keeps anvil-kua separate, linking this KUA stone to kua 'back' words would contradict the card.	Headword kuahao, and a Lit. reading ('iron anvil'?)? Does P&E give kua 'anvil, tapa-beating block' as its own entry, separate from kua 'back' and kua 'to hew'? If it does, a new root sense is needed.						
kualana	kua·lana	A*	016	keep-pending	likely	kualana	inferred	unknown	kua#0	lana#0	partial	back afloat	Andrews 1922 bracket [Kua, the back, and lana, floating]	idle, lazy; drifting aimlessly	Andrews 1922: 'To be idle ... to wander about without object'; 'Lazy'	naʻau	traditional	False		It labels a person as lazy, so on a card it reads as a mild insult. One of Andrews' examples, 'Lilo oukou i ka olelo haole, a kualana makou' (you have gone over to the foreign language, and we are left without understanding), touches language loss, and a kumu may want to frame it with care. lana has a Latin-borrowed homograph lana#1 'frog', which is not the sense used here.	One source, but with several coherent senses and a clear bracket. Spelling is safe apart from the word break. P&E needs to confirm it is a headword and give its senses.	Headword kualana, one word? Senses: idle or lazy; roving without a chief; floating on the back? Is there a Lit. reading such as 'floating back'?		y	keep-pending	kualana		
kualono	kua·lono	A*	016	doubtful	doubtful	kualono	corroborated	1	kua#0	unresolved	opaque			high ground near the summit	Andrews 1922: 'The space on the top of a mountain ... A knoll ... on the top of a mountain'	ʻāina	traditional	False		If the second element turns out to be the god Lono rather than lono 'hearing, news', the parts row would carry a deity name. Show no parts row until that is settled.	A good, living word with an opaque split. The second root is unresolved and the 1922 etymology looks like a guess. At most it could appear as an opaque word without a parts row (ROOTS.md, opaque compounds).	Headword kualono: does P&E give a Lit. reading or an etymology (lono 'to hear'? the god Lono? neither)? If it gives none, mark the word opaque and leave its parts row out.	https://www.fs.usda.gov/psw/publications/giardina/psw_2023_giardina002_kaonohi.pdf					
kualāʻau	kua·lāʻau	A*	016	doubtful	doubtful	kualāʻau	inferred	unknown	kua#1	lāʻau	transparent	to hew wood	Andrews 1922 bracket [Kua, to hew, and laau, wood]	hewer of wood	Andrews 1922: 'A hewer of wood.'	hana	unknown	True	Root lāʻau: POLLEX's Hawaiian gloss for PPN *raqa-kau 'wood' (cited to Pukui & Elbert) lists 'male erection' among its senses (dossier roots.lāʻau.pollex). The either-root rule flags it, as in batches 003 (halelāʻau) and 035 (papalāʻau); the team should rule once for the whole lāʻau family.	'Hewers of wood' is the biblical phrase for people put into servitude (Joshua 9); this is reviewer knowledge. lāʻau also means 'medicine', which is fine.	Probably a phrase rather than a lexical item, with a single 1922 source. It also carries the open lāʻau-family flag.	Is kualāʻau a headword (agent noun), or is there only the phrase kua lāʻau 'to cut wood'? This also needs the team's lāʻau-family ruling.						
kuamauna	kua·mauna	A*	016	keep-pending	yes	kuamauna	corroborated	1	kua#0	mauna	partial	mountain's back	Andrews 1922 bracket [Kua, back, and mauna, a mountain]; Hōʻike o Haleakalā '(back mountain)'	mountaintop zone	Agrotis kuamauna etymology 'mountaintop' (Medeiros et al. 2019, via Wikipedia); Hōʻike o Haleakalā: a summit zone of Haleakalā. Andrews 1922 differs: 'a hillock on the side of a mountain'.	ʻāina	traditional	False		The modern usage is tied to the summits of Haleakalā and Maunakea, which are sacred and, in Maunakea's case, contested. Nothing here calls for exclusion; keep the card about the landform.	A compound by two sources, with the spelling corroborated. P&E has to settle which sense the card shows: summit zone or hillock on a mountain's side.	Headword kuamauna: does P&E say 'mountaintop, summit region' or 'hillock on a mountain side'? Is there a Lit. reading ('mountain back')?	https://www.hoikecurriculum.org/alpine-aeolian/ | https://www.hawaii.edu/news/2019/02/11/maunakea-moths-named/ | https://en.wikipedia.org/wiki/Agrotis_kuamauna					
kuamoʻo	kua·moʻo	W+A	016	keep	yes	kuamoʻo	attested	1	kua#0	moʻo	partial	lizard's back	Andrews 1922 bracket and Wiktionary etymology (kua 'back' + moʻo 'lizard'). The possessive wording, following Hawaiian head-first order, is the reviewer's.	backbone; path; way, custom	Andrews 1922 senses 1–3; Wiktionary 'backbone'	kanaka	traditional	False		moʻo also names the lizard and water-spirit beings of tradition, which some families hold as ʻaumakua. A card about the backbone is fine, but avoid lizard-deity imagery. Kuamoʻo is also a place name (reviewer knowledge: the 1819 battle at Kuamoʻo, Kona); the common noun comes first.	Two independent sources, an attested modern spelling, and no exclusion concern.	Confirm headword kuamoʻo and its senses (backbone, road or path, custom, canoe keel). Does P&E give a Lit. reading? Is the moʻo 'lizard' or moʻo 'succession, series'? That decides which MOʻO stone it links to.	https://sites.google.com/hawaii.edu/halekuamoo/no-ka-hale-kuamo%CA%BBo		keep	kuamoʻo		
kuamoʻoʻōlelo	kuamoʻo·ʻōlelo	A*	016	doubtful	doubtful	kuamoʻo ʻōlelo	inferred	unknown	kuamoʻo	ʻōlelo	partial	road of speech	Andrews 1922 bracket [Kuamoo, road, and olelo, speech, language]	continuous oral history	Andrews 1922 sense 1: 'Spoken record or history given in regular order'	naʻau	archaic/obscure	False			A compound built on a compound: a KUAMOʻO stone would clash with the KUA·MOʻO pair elsewhere on the board. It has a single 1922 source and is probably a phrase.	Low priority: is kuamoʻo ʻōlelo a sub-entry under kuamoʻo?						
kuanui	kua·nui	A*	016	keep-pending	likely	kuanui	inferred	unknown	kua#0	nui	partial	big back	Andrews 1922: 'Big-backed'; bracket [Kua, back, and nui, great]	obstinate, self-willed	Andrews 1922 sense 2: 'Obstinate; self-willed'	naʻau	unknown	False		It names a character fault (Andrews' example applies it to Pharaoh), so it is a mild insult on a card.	A plausible compound with a clear bracket, but only one source and no modern use. P&E has to confirm it.	Headword kuanui, one word? Senses 'obstinate, self-willed; awkward'? Is there a Lit. 'big back'? Or only the free phrase kua nui?		y	keep-pending	kuanui		
kuapapa	kua·papa	A*	016	keep-pending	likely	kuapapa	corroborated	1	kua#1	papa#0	partial	hew boards	Andrews 1922 bracket [Kua, to cut down, and papa, a board]	peace; quiet, untroubled	Andrews 1922 adj. 'Peaceful; quiet', n. 'Peace', v. 5; Kamehameha Schools 'Kuapapa Nui' (peacefulness, confidence)	naʻau	traditional	False		Kamehameha Schools uses Kuapapa Nui with a Christian scriptural meaning. That is fine, but note the religious frame.	The word is real and its spelling is corroborated, but the gloss a card would want (peace) does not follow from the bracket's roots (kua 'to hew' + papa 'board'). Either show the plank sense with its parts row, or the peace sense with no parts row, depending on P&E.	Headword kuapapa: which senses does P&E give (peace and quiet; hewing planks; piling up)? Is there a Lit. reading? If P&E derives the peace sense another way (for example papa 'layer, level'), sense_a and sense_b change. Degree is only 3.	https://alaukawai.ksbe.edu/post/ke-ala-e-ho%CA%BBokele-ai-i-ke-kuapapa-nui-a-proposal-to-redesign-kamehameha-schools-hawai%CA%BBi-campus-ch					
kuapaʻa	kua·paʻa	A*	016	keep-pending	likely	kuapaʻa	inferred	unknown	kua#0	paʻa	transparent	hard back	Andrews 1922: 'whence its name kuapaa, hard back'; bracket [Kua, back, and paa, hard]	hard-backed crab or mollusk	Andrews 1922 n. 4 (mollusk with very hard scales on the back) and n. 5 (crab with an extra hard back)	kai	traditional	False		The verb and adjective senses are about oppression and slavery ('kauwa kuapaa, a slave'), and kauwā is a sensitive caste term. If the word is shown, keep to the creature sense.	One source, but the bracket is explicit, and Andrews itself gives 'hard back' as the reason for the name. The joined spelling and the choice of sense need P&E. Degree 28, the highest in this batch.	Headword spelling kuapaʻa (not kuapā)? Which senses does P&E keep: the hard-backed crab or chiton with Lit. 'hard back', the 'oppressed, hard-worked' sense? What does P&E call the mollusk?	https://dlnr.hawaii.gov/wildlife/files/2019/03/SWAP-2015-Chitons-Final.pdf					
kuapuhi	kua·puhi	A*	016	drop	doubtful	kuapuhi	inferred	unknown	kua#0	unresolved	partial	back bursting	Andrews 1922 bracket [Kua, back, and puhi, to burst or break open suddenly]	abscess on the back	Andrews 1922: 'An abscess on the back.'	kanaka	archaic/obscure	True	Andrews' puhi (the root as spelled) has the sense 'An uncut foreskin', which is genital (§4.3, either root). | The only sense is a disease, so the gloss teaches little.	A disease or injury word.	A root with a genital sense, a disease gloss, an unresolved root sense, and a single 1922 source.	None needed; skip it.						
kuapuʻu	kua·puʻu	W+A	016	keep	yes	kuapuʻu	attested	1	kua#0	puʻu	transparent	back protuberance	Wiktionary etymology kua 'back' + puʻu 'protuberance'; Andrews 1922 bracket [Kua, back, and puu, a protuberance]	hump, as of a camel	Wiktionary: 'hump, fleshy mass on camels etc'	kanaka	traditional	False		Andrews' only sense is a person, 'a hump- or crooked-backed person'. Said of a person it names a disability and can be a taunt, so show only the hump sense.	Two independent sources, an attested spelling, no exclusion concern, and a transparent meaning.	Confirm headword kuapuʻu. Does P&E give the hump sense, or only 'hunchback'? If only the person sense, the card gloss rests on Wiktionary alone.						
kuawehi	kua·wehi	A*	016	drop	doubtful	kuawehi	inferred	unknown	kua#0	unresolved	partial	dark back	Andrews 1922 bracket [Kua, back, and wehi, a dark color]	shoulder disease; black-backed caterpillar	Andrews 1922 senses 1 and 3	kanaka	archaic/obscure	False		The main sense is a disease.	A disease is the main sense, the second root's sense is not among the dossier's homographs, there is a single 1922 source with no modern use, and the caterpillar sense teaches little.	None needed; skip it.						
kuaʻāina	kua·ʻāina	W+A	016	keep	yes	kuaʻāina	attested	1	kua#0	ʻāina	transparent	back land	UH Press (McGregor): 'translates literally as back land'; Wiktionary etymology kua 'back' + ʻāina 'land'	countryside, back country	Wiktionary 'countryside, country, backwoods'; Andrews 1922 sense 1 'The back country'	ʻāina	traditional	False		The people sense was a put-down. Andrews says of it 'he inoa hooino nae ia' (but it is an insulting name) and adds 'ignorant, uninstructed people'. McGregor grew up hearing it used of an awkward, unsophisticated person from the country. She records how the late-20th-century renaissance turned it into an honour: the people who kept Hawaiian culture alive in rural districts. Show the land sense, and let the fluent-speaker read decide whether the people sense needs a word. It is not a slur in the §4.3 sense, but it should be flagged.	Two independent sources, an attested spelling, and well-documented modern use. The people sense needs care but is not grounds for exclusion.	Confirm headword kuaʻāina and its Lit. reading ('back land'?). Note whether P&E marks the people sense as derogatory. A kuahawaii.org article seen only as a search snippet says the Hawaiian Dictionary gives 'back land'; that was not counted as evidence.	https://uhpress.hawaii.edu/title/na-kuaaina-living-hawaiian-culture/	y	keep	kuaʻāina		
kuenehale	kuene·hale	A*	016	keep-pending	likely	kuenehale	inferred	unknown	kuene	hale	transparent	house framing	Andrews 1922 bracket [Kuene, to frame or lay out, and hale, house]	house framer; house-building craft	Andrews 1922 senses 1–2	hana	traditional	False		Andrews' kuene also has the nouns 'a small quantity' and 'detraction; slander', and a modern 'steward' sense. None of these is a slur, but the KUENE stone should mean 'to lay out, arrange'.	A clear bracket and a fitting traditional context, but only one source, and the word break is unknown.	Headword kuenehale or kuene hale? Is the sense house builder, or knowledge of house building? Does P&E have kuene 'to lay out (a house)'?						
kuhihewa	kuhi·hewa	A*	016	keep-pending	yes	kuhihewa	corroborated	either	kuhi#1	hewa	transparent	wrong inference	Andrews 1922 bracket [Kuhi, infer, and hewa, wrong]; NTBG 'to suppose wrongly'	to mistake, misjudge	Andrews 1922: 'To mistake; to judge erroneously'	naʻau	traditional	False		hewa also means sin or guilt (Wiktionary, Andrews). The card's sense is an error of judgment, not sin. kuhi#0 ('to point; gesture', including hula hand gestures) is a separate root and should not link.	A compound by two sources with a transparent meaning. Only the word break (kuhihewa or kuhi hewa) is open, and P&E settles it.	One word or two (kuhihewa / kuhi hewa)? Senses: to mistake, misjudge; to take one person for another? Is there a Lit. reading?	https://ntbg.org/stories/the-story-of-cyanea-kuhihewa-mistaken-identity-loss-rediscovery-and-a-long-journey-back-home/ | https://en.wikipedia.org/wiki/Cyanea_kuhihewa					
kuiana	kui·ana	A*	016	drop	no	kuiana	inferred	unknown	kui	unresolved	opaque			set of sewn sleeping tapas	Andrews 1922 sense 1	hana	archaic/obscure	False			Not a two-root compound: ana here is the grammatical suffix, which is not a root, by the same reasoning that excludes prefixes. A suffix stone would link only by grammar.	None needed.						
kuilua	kui·lua	A*	017	keep-pending	likely	kuilua	inferred	unknown	unresolved	lua#0	transparent	add on a second; double	Andrews 1922 bracket [kui, to add + lua, two; double]	to double by adding on	Andrews 1922 'To add on; to double by adding to a thing'	hele	unknown	False		lua has an unrelated homograph lua#1 'pit, hole; toilet', and lua#0 itself carries the fighting-art sense (Andrews: 'the art of breaking the bones of a person ... noosing men in order to murder them'). The card should show only 'two, double' for this stone.	Plausible lexical verb with usage examples, but one source only. The first root's identity (kui 'string, join' vs kuʻi) and so the spelling are unsettled. High degree (15), so worth the lookup.	Is there a headword kuilua or kuʻilua 'to double, add on'? Which first root: kui (to string, join) or kuʻi (to join, splice)? One word?						
kuiʻēʻē	kui·ʻēʻē	A*	017	doubtful	doubtful	kuiʻēʻē	inferred	unknown	unresolved	ʻēʻē#1	partial			to carry tucked under the arm	Andrews 1922 'To secure or carry under the arm'	kanaka	unknown	False			Single 1922 source, first root unglossed and unresolved, ʻokina of the first part unknown, degree 2 (adds almost nothing to the board).	Is there a headword kuiʻēʻē (or kuʻiʻēʻē) 'to carry under the arm'? Which kui? If absent, drop.						
kukuiʻōlelo	kukui·ʻōlelo	A*	017	doubtful	doubtful	kukuiʻōlelo	inferred	unknown	unresolved	ʻōlelo	partial	piecing out words	Andrews 1922 bracket [kukui, to piece out + olelo, words or speech]	to recount, as in storytelling	Andrews 1922 v. 'To recite; to recount, as in narration'; n. 'Story tellers'	naʻau	unknown	False		Andrews' noun sense is mildly mocking ('talkative and noisy at night when they should be asleep') and its example singles out the people of one named place in Kaupō, Maui. Do not quote it.	The root mapping is wrong: shipped as is, a KUKUI (candlenut, lamp) stone would link to candlenut words while this word uses an unrelated verb. That verb's spelling is unknown, and the only source is 1922. Keep only if P&E confirms both the word and the first element's spelling, and add that verb as its own root.	Look for kukui ʻōlelo / kūkuʻi ʻōlelo / kukuʻi ʻōlelo 'to recite, relate tales; storyteller'. Headword spelling and word break. Is the first part a verb 'to join, relate' (not kukui candlenut)?		y	doubtful	kukuiʻōlelo		
kulanui	kula·nui	W	017	drop	yes	kulanui	attested	either	kula#2	nui	transparent	big school	Wiktionary etymology kula ('a school') + nui ('big')	university; college	Wiktionary	naʻau	unknown	True	borrowing in the shown sense: kula 'school' is kula#2, borrowed from English school (DESIGN §4.3, first rule)		Solid word, but its first root in this sense is an English loan, which §4.3 excludes. The native kula#0 'plain, open country' is a different root and cannot stand in.	None needed while the borrowing rule stands. If it is ever relaxed: kulanui or kula nui as headword?						
kuliana	kuli·ana	A*	017	drop	no	kuliana	inferred	unknown	kuli#0	unresolved	partial	a being deaf	Andrews 1922 bracket (under Kulina) [kuli + ana, being deaf]	feigned deafness; price of silence	Andrews 1922 Kuliana n. senses 1–3	naʻau	unknown	True	second element is the grammatical nominaliser -ana, not a root (root + root analysis fails)	Meaning is hush money / feigned deafness; deafness used as a figure for complicity. Would need care even if it were a compound.	Not root + root: kuli + suffix, and the dossier mixes two Andrews entries (kulina and kuliana). Also easily confused with kuleana.	Low priority. If looked up: does P&E have kuliana and/or kulina, and are both kuli + -na/-ana? Not to be confused with kuleana.						
kulihiamoe	kuli·hiamoe	A*	017	keep-pending	likely	kulihiamoe	inferred	unknown	kuli#0	hiamoe	transparent	deaf from being sleepy	Andrews 1922 'Literally, to be deaf from being sleepy'	to doze, too drowsy to hear	Andrews 1922 'To doze; not to hear through drowsiness'	kanaka	unknown	False		hiamoe also means 'to rest in sleep, that is, to be dead; to die' (Andrews), and kuli 'deaf' touches disability. Show only the dozing sense.	Transparent and plausibly lexical, but only one 1922 source; P&E needed for existence and word break. Degree 2, so low priority.	Is kulihiamoe (or kuli hiamoe) in P&E, meaning 'to doze, not hear for drowsiness'? One word or two?						
kumualakaʻi	kumu·alakaʻi	A*	017	keep-pending	likely	kumu alakaʻi	corroborated	2	kumu	alakaʻi	transparent	leading teacher	Andrews 1922 bracket [kumu + alakai, to lead; to guide] and sense 1 'a leading teacher'	guide; leading teacher	Andrews 1922 senses 1–2; Hawaiian Wikipedia usage	kanaka	unknown	False			Sense supported by Andrews and by modern two-word use. Whether it is a listed compound or only a phrase needs P&E. kumu here is the 'teacher' sense. Degree 12.	Is 'kumu alakaʻi' listed (under kumu or alakaʻi) as a compound, two words, meaning 'guide, leading teacher'? Or only a free phrase?						
kumuea	kumu·ea	A*	017	doubtful	doubtful	kumuʻea	inferred	unknown	kumu	unresolved	transparent	tortoise-shell handle	Andrews 1922 bracket [kumu, handle + ea, tortoise shell]	tortoiseshell handle	Andrews 1922 'A tortoise shell handle'	hana	archaic/obscure	False		ʻea also names 'thrush (throat infection)' per POLLEX; harmless here, but it is the same spelling.	Wrong root mapping: as built, an EA stone would tie this word to ea 'sovereignty, breath' compounds. The real root ʻea is not in roots.tsv. Obscure object name, one 1922 source.	Is there kumuʻea / kumu ʻea 'tortoiseshell handle'? Confirm ʻea (hawksbill turtle, tortoiseshell) with ʻokina. If absent, drop; if present, ʻea must be added as its own root.						
kumuhou	kumu·hou	A*	017	drop	likely	kumuhou	inferred	unknown	kumu	hou	partial	a new teacher	Andrews 1922 'Lit. A new teacher'	the Holy Spirit	Andrews 1922	naʻau	19th-century coinage	True	mainly a proper name of a deity: Andrews' only sense is 'the Holy Spirit' (DESIGN §4.3)	Christian sacred name.	Its only recorded sense is a divine name (mission-era religious term). A 'new teacher' common-noun sense is only Andrews' literal reading, not a recorded sense.	Low priority (excluded). Only if P&E records a common-noun sense such as 'new teacher'.		y	drop	kumuhou		
kumuhoʻōla	kumu·hoʻōla	A*	017	doubtful	doubtful	kumuhoʻōla	inferred	unknown	kumu	hoʻōla	transparent	the price of saving	Andrews 1922 bracket [kumu, price + hoola, to save from danger]	ransom	Andrews 1922 'A ransom; a price paid for deliverance from death'	naʻau	19th-century coinage	False		Christian theological term (Matt. 20:28) touching death and deliverance.	Scripture-only coinage with one source; the second stone is a hoʻo- derivative; the kumu sense used ('price') would not match the KUMU stone's gloss.	Is kumu hoʻōla / kumuhoʻōla in P&E, and only in the Bible sense 'ransom'? Spelling hoʻōla?						
kumukānāwai	kumu·kānāwai	W	017	keep	yes	kumukānāwai	attested	1	kumu	kānāwai	transparent	basis of law	Wiktionary etymology kumu ('basis') + kānāwai ('law')	constitution	Wiktionary	naʻau	19th-century coinage	False			Two independent lines of evidence (Wiktionary analysis + clear modern use), attested spelling, transparent, no exclusion concern. Degree 14.	Confirm headword kumukānāwai, one word, 'constitution'. Any Lit. reading?						
kumukūʻai	kumu·kūʻai	A*	017	keep	yes	kumukūʻai	attested	1	kumu	kūʻai	partial	the thing given in exchange to buy	Andrews 1922 bracket [kumu, price + kuai, to buy] and kumu sense 7	price, cost	Andrews 1922 sense 2 'the price of an article'; Hawaiian Wikipedia usage	hana	traditional	False			Andrews plus clear, consistent modern use; spelling attested by that use. Transparency only partial because kumu's 'exchange article, price' sense is not one of the KUMU stone's glosses (teacher; basis; source). The parts row should say so. Degree 12.	Confirm kumukūʻai, one word, 'price, cost'. Does P&E give a Lit.? Is the kumu sense 'basis' or a separate 'price' sense?						
kumulau	kumu·lau	A*	017	keep-pending	likely	kumulau	inferred	unknown	kumu	lau#0	partial	producer of leaves	Andrews 1922 bracket [kumu, the producing cause + lau, a leaf]	sprouting stump; prolific source	Andrews 1922 senses 2, 5, 6	ulu	unknown	False		Andrews sense 3, 'a female, human or animal, that produces many offspring' (a 'breeder'), is reproductive and would read badly applied to women. Do not show it.	One source, but a rich entry. lau#0 'leaf' is chosen per Andrews' bracket and sense 6, though senses 1–3 ('brings forth often') could suggest lau#1 'many'; P&E should settle it. Degree 13.	Is kumulau (or kumu lau) a headword? Senses 'sprouting stump; prolific producer'? Is lau 'leaf' or 'many'?						
kumulipo	kumu·lipo	W	017	drop	yes	kumulipo	attested	1	kumu	lipo	transparent	distant source	Wiktionary etymology kumu ('basis') + lipo ('distant')	origin, genesis	Wiktionary	naʻau	traditional	True	mainly a proper name: in use it is the name of the Kumulipo chant (DESIGN §4.3) | sacred chant (DESIGN §8 leaves sacred chant text out)	The Kumulipo is a sacred cosmogonic genealogy of aliʻi lines. Not material for a tumbling word game.	Essentially the name of a sacred chant. A reader who knows it would wince to see it tumble into another word.	None for inclusion. Recommend leaving out even if P&E has a common-noun 'origin' sense.						
kumulāʻau	kumu·lāʻau	W	017	doubtful	yes	kumulāʻau	attested	either	kumu	lāʻau	transparent	base of a tree	Andrews 1922 kumu sense 1 ('kumu laau, the bottom of a tree'); Wiktionary etymology	tree	Wiktionary	ulu	unknown	True	root lāʻau: POLLEX's Hawaiian row for lāʻau (RAQA-KAU.B, cited to Pukui & Elbert 1986) lists 'male erection' among its senses. Under §4.3 as the task applies it (any sexual sense of either root), this excludes it. The same would hold for every lāʻau compound, so it needs a project-level decision.	The flagged sense is one figurative sub-sense in a long entry for a basic word (wood, stick, club, hardness). Most readers would not think of it. lāʻau also means 'medicine' (lāʻau lapaʻau), which is harmless.	The compound itself is solid (Wiktionary plus modern use). It is marked doubtful only because §4.3 as written catches the lāʻau root. Someone must decide whether a figurative sub-sense of a basic root triggers the rule. If not, this is a keep, pending the word break. Degree 19.	(1) kumulāʻau one word, or kumu lāʻau? 'tree' or 'tree trunk'? (2) Does P&E's lāʻau entry really include the sense POLLEX quotes ('strength, rigidness, hardness, male erection')? If yes, flag it for the §4.3 decision on all lāʻau compounds.		y	drop	kumulāʻau		
kumupaʻa	kumu·paʻa	W+A	017	keep	yes	kumupaʻa	attested	1	kumu	paʻa	transparent	fixed foundation	Andrews 1922 brackets [kumu, the beginning / bottom or foundation + paa, fixed / immovable]; Wiktionary etymology	firm foundation	Wiktionary; Andrews 1922 sense 1	naʻau	traditional	False		Wiktionary also gives 'family god (synonymous with ʻaumakua)' and 'ancient times'. The family-god sense is sacred; show only 'firm foundation'.	Two independent analyses agree, spelling attested, transparent, nothing excluded. Highest degree in the batch (29).	Confirm kumupaʻa, one word, 'firm foundation'; any Lit.? Note whether P&E carries the 'family god' sense, for the sensitivity read.						
kumupipi	kumu·pipi	A*	017	drop	likely	kumupipi	inferred	unknown	kumu	pipi#1	transparent	herd of cattle	Andrews 1922 bracket [kumu, flock + pipi, cow]	herd of cattle	Andrews 1922	hana	19th-century coinage	True	borrowing in the shown sense: pipi 'cow, beef' is pipi#1, borrowed from English beef (DESIGN §4.3)		Second root is an English loan, and Andrews marks the word itself as dispreferred ('Pua pipi is better').	None (excluded as a borrowing).						
kumupuaʻa	kumu·puaʻa	A*	017	doubtful	doubtful	kumu puaʻa	inferred	unknown	kumu	puaʻa	partial	herd of pigs	Andrews 1922 bracket [kumu, flock + puaa, a pig]; kumu sense 8	herd of pigs	Andrews 1922 'A herd of swine'	ulu	unknown	False		Wiktionary's puaʻa senses include cloud banks 'believed to be the cloud forms of Kamapuaʻa' (a deity). That is fine here as the common noun.	Probably a free phrase built on an obscure 'herd' sense of kumu (the parts row would read 'teacher/source + pig'). Sister kumupipi is dispreferred by Andrews himself. One source.	Is kumu puaʻa / kumupuaʻa listed as a compound, or is 'herd' just a sense of kumu? If only the latter, drop as a phrase.						
kumuwai	kumu·wai	A*	017	keep-pending	likely	kumuwai	corroborated	1	kumu	wai#0	transparent	beginning of water	Andrews 1922 bracket [kumu, beginning + wai, water]	spring; head of a stream	Andrews 1922 'A water spring; a fountain; the head of a water course or stream'	ʻāina	unknown	False			Transparent, well-glossed, used once in modern text in the same sense. Needs P&E for the headword and word break. Degree 33 (the most connective in the batch), so check it first.	Headword kumuwai or kumu wai? Sense 'spring, source of a stream'? Lit. 'water source'?						
kupunawahine	kupuna·wahine	A*	017	keep-pending	yes	kupuna wahine	corroborated	2	kupuna	wahine	transparent	female grandparent	Andrews 1922 bracket [kupuna, grandparent + wahine, female]	grandmother	Andrews 1922; Hawaiian Wikipedia usage	kanaka	traditional	False			A certain word (Andrews + clear modern use). Only the two-word spelling waits on P&E. It pairs naturally with kupuna kāne (wahine ↔ kāne turn).	Headword spelling: kupuna wahine (two words), as a sub-entry under kupuna? Confirm 'grandmother'.						
kuʻihao	kuʻi·hao	W+A	018	keep	yes	kuʻihao	attested	either	kuʻi#0	hao#0	transparent	pound iron	Andrews 1922 bracket [Kui, to pound, and hao, iron]; Wiktionary etymology kuʻi 'to pound, to forge' + hao 'iron'	blacksmith; to forge iron	Wiktionary 'blacksmith'; Andrews 1922 'To forge; to work iron, as a blacksmith'	hana	19th-century coinage	False		hao has an unrelated homograph hao#1 'robber; to plunder'. The card must show hao 'iron' only. Andrews' separate entry Kuihao n. 'an iron spike; a nail, iron kui (any pointed instrument)' rests on kui 'pin, nail', a different first root. Do not show it.	Two sources analyse it as kuʻi 'pound' + hao 'iron' with the same meaning. The ʻokina spelling is attested by the Wiktionary headword and by modern use. Only the caption's space is open, and the stones are the same either way. Register is inferred from the subject (iron-working came with Western contact), not stated by a source.	Headword kuʻihao or kuʻi hao (one word or two)? Sense 'blacksmith; to forge iron'; does P&E give Lit. 'pound iron'? Is Andrews' 'iron spike, nail' a separate kui hao (kui 'pin, nail'), not this word?		y	keep	kuʻihao		
kuʻihewa	kuʻi·hewa	A*	018	doubtful	doubtful	kuʻihewa	inferred	unknown	kuʻi#0	hewa	transparent	strike wrongly	Andrews 1922 bracket [Kui, to strike, and hewa, wrong]	to hit by mistake	Andrews 1922 'To strike or hit by mistake'	hana	unknown	False		hewa also means 'sin, guilt' (Wiktionary, Andrews). On a card about a mis-struck blow, show only 'wrong, by mistake'.	Only one source, and it is most likely a productive verb + hewa phrase (cf. hele hewa) rather than a word. The gloss teaches little beyond its two parts.	Is kuʻihewa / kuʻi hewa listed as a headword or sub-entry at all, or only as kuʻi + hewa used freely?						
kuʻikahi	kuʻi·kahi	A*	018	keep	yes	kuʻikahi	attested	1	kuʻi#1	kahi#0	transparent	unite as one	Andrews 1922 bracket [Kui, to unite, and kahi, one]	treaty; peace, union	Andrews 1922 n. 'a state of peace; a covenant; a treaty' and n. 'a union of sentiment'; Hawaiian Wikipedia usage (treaty, alliance)	naʻau	unknown	False		The Hawaiian Kingdom's treaties are central to sovereignty discourse, so keep the gloss neutral ('treaty, accord'). The stone is KUʻI 'to join' (kuʻi#1), not KUʻI 'to pound' (kuʻi#0). It must not link to kuʻihao or kuʻiʻai.	Andrews' root + root analysis and consistent modern one-word use with the ʻokina. The meaning composes cleanly ('join' + 'one'). No exclusion concern.	Headword kuʻikahi, one word? Senses 'treaty, alliance; to unite, be at peace'? Confirm the first root is kuʻi 'to join, unite' (not kui 'to string'). Any Lit. reading?						
kuʻikē	kuʻi·kē	A*	018	drop	doubtful	kuʻikē	inferred	unknown	unresolved	unresolved	opaque			to level, leave nothing standing	Andrews 1922 (c) 'To smooth off a place; to leave nothing rough' and 'to destroy until nothing is left'	hana	archaic/obscure	False		Its clear senses are destruction in war and heavy taxation. If ever used, show only 'to smooth off, level'.	The second root is unresolved and not in the root glossary, and the analysis glosses neither part properly. The meaning is opaque and violent. It also collides with the common kūʻike. Not worth a P&E lookup unless the board is short.	Only if wanted: does P&E have a kuʻikē (kuʻi + kē) 'to level, destroy utterly', distinct from kūʻike 'to know by sight; pay cash'? If not, drop.						
kuʻipalu	kuʻi·palu	A*	018	doubtful	doubtful	kuʻipalu	inferred	unknown	kuʻi#0	unresolved	partial	pound fine	Andrews 1922 bracket [Kui, to break, and palu, soft or fine]	to pound fine; to crush	Andrews 1922 'To bruise or pound fine'; 'to break up; to break fine'	hana	unknown	False		Andrews' example Kuipaluia na akua kii ('the images were smashed') recalls the breaking of the images in 1819 and after, which is religiously loaded. The reviewer cannot recall palu's full P&E range, so read it in full before any use.	One source; the second root's sense is unresolved and the glossary's palu ('to lick') is the wrong one. Low degree (4).	Headword kuʻipalu? Which palu: 'pounded fine' / 'thresh, beat' (POLLEX *palu), not 'to lick'? Read P&E's palu entry in full for any sense §4.3 would catch.						
kuʻiʻai	kuʻi·ʻai	A*	018	keep-pending	likely	kuʻi ʻai	inferred	either	kuʻi#0	ʻai	transparent	pound food	Andrews 1922 bracket [Kui, to pound, and ai, food]	pounding poi; poi pounder	Andrews 1922 'The act of pounding poi or food' and 'One who prepares food by mashing or beating it'	ulu	traditional	False		ʻai also means 'to rule; ruler' and 'score' (Wiktionary). Show only 'food, poi'.	Transparent, traditional and high-degree (16), but only one source. P&E must settle whether it is a listed item (not just verb + object) and how it is written.	Is kuʻi ʻai (or kuʻiʻai) a headword or sub-entry, e.g. under kuʻi, papa kuʻi ʻai or pōhaku kuʻi ʻai? One word or two? Sense 'to pound poi; poi pounder'?						
kuʻuluhi	kuʻu·luhi	A*	018	drop	no	kuʻu ka luhi	inferred	unknown	kuʻu	luhi#0	transparent	the weariness is let go	Andrews 1922, Kuukaluhi: 'Ua kuu ka luhi', the burden has ceased	to rest after toil	Andrews 1922 Kuukaluhi 'To rest after labor, toil and care'	naʻau	archaic/obscure	False		Tied to Kamehameha's conquest of the islands, a historical saying.	Not a two-root word: the source has three parts, with the article ka in the middle. The candidate spelling exists in no source.	None for this candidate.		y	drop	kuʻuluhi		
kuʻuʻē	kuʻu·ʻē	A*	018	doubtful	doubtful	kuʻuʻē	inferred	unknown	kuʻu	unresolved	partial	release beforehand	Andrews 1922 bracket [Kuu, to release, and e, beforehand]	to be released from suffering	Andrews 1922 'To release, as one from his sufferings'	naʻau	archaic/obscure	True	Second part is a directional/aspect particle (Andrews' adverb e 'away; beforehand'), so an ʻĒ stone here would be grammatical (§4.3 grammatical; §2: particles and prefixes are not roots).	'Released from his sufferings' can read as a euphemism for death; handle with care.	One source, the second part is probably a particle, and its sense is unresolved. Its example overlaps the kuukaluhi saying rather than standing as a word of its own.	Is there a headword kuʻuʻē? Is its second part ʻē 'beforehand, away' (a particle), or something else?						
kāala	kā·ala	A*	018	doubtful	doubtful	kāala	inferred	unknown	kā#0	unresolved	transparent	hurl the sling stone	Andrews 1922 bracket [Ka, to hurl, and ala, stone used as an implement of war]	to sling stones in battle	Andrews 1922 'To sling the ala'; n. 'a form of fighting anciently taught among the chiefs'	hana	archaic/obscure	False		A war art. The same letters spell Kaʻala (the mountain on Oʻahu; in Andrews also a spring and a woman of Lānaʻi), so a card must not be confused with the place name.	One source; the second root is not in the glossary under this sense; the pieced spelling almost certainly misses ʻalā's ʻokina and kahakō; and it collides with a place name.	Is there a headword kāʻalā / kā ʻalā (or kāala) 'to sling stones; sling fighting'? How is the stone root spelled: ʻalā? If so, the stone is ʻALĀ, not ALA, and the split must change.						
kāhau	kā·hau	A*	018	doubtful	doubtful	kāhau	inferred	unknown	unresolved	unresolved	partial	hurl hau-wood	Andrews 1922 bracket (1) [Ka, to hurl, and hau, a stick of the hau tree]	hurling game with hau-wood spears	Andrews 1922 (1) 'A game involving the hurling of light spears made of hau timber'	hana	archaic/obscure	False		Andrews' next headword, 'Kahau la ... sensual as applied to dreams (see moekahaula)', is a different word. The P&E checker should still make sure no such sense attaches to kāhau itself.	One source with competing analyses: the hau stone could be 'hibiscus wood' or 'dew', and a third sense has no analysis. Spelling unconfirmed.	Does P&E have kāhau? Which senses: spear-hurling game with hau wood (hau = hibiscus), brushing off dew, or 'to abate'? If more than one, the word cannot take a single HAU stone.						
kālaipōhaku	kālai·pōhaku	A*	018	keep-pending	likely	kālai pōhaku	attested	2	kālai	pōhaku	transparent	hew stones	Andrews 1922, Kalai: 'kalai pohaku, to hew stones'	stone carving; stone carver	Andrews 1922 'A stone cutter'; Hawaiian Wikipedia usage (stone carving)	hana	traditional	False			Transparent, and modern use settles the spelling and the break. P&E is needed only to confirm it is a listed headword or sub-entry, not an ad-hoc verb + object phrase.	Is kālai pōhaku listed (headword or sub-entry under kālai or pōhaku), as two words? Sense 'stonecutter; to carve stone'?						
kālaiʻāina	kālai·ʻāina	A*	018	keep	yes	kālaiʻāina	attested	1	kālai	ʻāina	transparent	divide the land	Andrews 1922 bracket [Kalai, to divide, and aina, land]	politics; affairs of the land	Andrews 1922 'political economy'; 'To manage or direct the affairs of the land'; Hawaiian Wikipedia usage (politics)	kanaka	19th-century coinage	False		Politics, and under the monarchy the Interior ministry. Neutral, but avoid any gloss that takes a side. Several of the Hawaiian Wikipedia hits are in machine-generated text, but the spelling is consistent across all of them.	Andrews' root + root analysis, strong and consistent modern one-word use, and a meaning that composes. No exclusion concern. Register is inferred from Andrews' senses (all 19th-century institutions); the base verb may be older.	Headword kālaiʻāina, one word? Senses 'politics, political economy; to manage the land's affairs'? Does P&E's Lit. use kālai 'to carve, divide' or 'to manage'?						
kālelemuku	kālele·muku	A*	018	doubtful	doubtful	kālelemuku	inferred	unknown	kālele	unresolved	partial	lean on the canoe's off side	Andrews 1922 bracket and sense 1	to lead a carefree life	Andrews 1922 sense 2 'To lead a free and easy life; to rid one's self of care'	naʻau	archaic/obscure	False			One source; the second root's sense is not in the glossary; the meaning is idiomatic. Degree 0, so it adds nothing to the board.	Low priority (degree 0). Does P&E have kālelemuku, and does muku mean 'off/starboard side of a canoe' there?		y	doubtful	kālelemuku		
kālāʻau	kā·lāʻau	A*	018	doubtful	likely	kālāʻau	inferred	unknown	kā#0	lāʻau	transparent	strike wood	Andrews 1922 bracket [Ka, to strike; laau, wood]	stick dance; striking sticks together	Andrews 1922 n. 'an ancient hula dance ... the striking of one stick upon another'; v. 'To hit two sticks together'	naʻau	traditional	True	Root lāʻau: POLLEX's Hawaiian row for lāʻau (PPN *raqa-kau, cited to Pukui & Elbert 1986; dossier roots.lāʻau.pollex) lists 'male erection' among its senses (with wood, stick, club, stiffness). Under §4.3 as this task applies it (any sexual sense of either root) the word is flagged. Same flag as halelāʻau (batch-003), kualāʻau (016), kumulāʻau (017), papalāʻau (035): it needs one project-level ruling for the whole LĀʻAU family.	Hula is a living practice, sacred to many. Gloss it plainly. Andrews ties the reduplicated kakalaau to spear fencing.	Probably a real, traditional word (degree 12). But the LĀʻAU root flag awaits a project ruling, and kālāʻau vs kālaʻau is open, which decides whether the stone is LĀʻAU at all. If the root flag is cleared, this becomes keep-pending.	Headword spelling: kālāʻau or kālaʻau? Sense 'stick dance; sticks struck together'; Lit. 'strike wood'? Is the kā 'to strike'?						
kāmaʻaloa	kāmaʻa·loa	A*	018	keep-pending	likely	kāmaʻaloa	inferred	unknown	kāmaʻa	loa	partial	long sandals	Andrews 1922 bracket [Kamaa, sandals, and loa, long]	runners of a hōlua sled	Andrews 1922 'The runners on which a holua (sled) slides'	hana	traditional	False		Andrews 1922 gives loa n. 2 'a receptacle of filth; he nenelu inoino' (a foul mire). Not clearly excretory, so not flagged (same handling as batch-000), but the P&E checker should note whether P&E carries any such sense of loa.	A transparent metaphor for a traditional object, but one source only. P&E needed for existence, break and spelling. Degree 8.	Headword kāmaʻaloa or kāmaʻa loa? Sense 'hōlua sled runners'; Lit. 'long sandals'? Also, does P&E carry any excretory sense of loa (cf. Andrews' 'receptacle of filth')?						
kānemake	kāne·make	A*	018	keep-pending	likely	kāne make	corroborated	2	kāne	make	transparent	husband dead	Andrews 1922 bracket [Kane, husband, and make, dead]	widowed (of a wife)	Andrews 1922 'Widowed'; Hawaiian Wikipedia 'wahine kāne make' (widow)	kanaka	unknown	False		Death and bereavement: keep the card sober. kāne is also the god Kāne (Andrews sense 4); the stone is the common noun 'man, husband'. Andrews' make also has 'angry, seeking a fight' and 'to desire'; show only 'dead'.	Transparent and attested in Andrews, with modern use. P&E must say whether it stands alone or only inside wahine kāne make.	Is kāne make ('widow', Lit. 'dead husband') a P&E entry or sub-entry, as two words? Or does P&E list only wahine kāne make?						
kānā	kā·nā	A*	018	drop	no	kāna	attested	1	unresolved	unresolved	opaque			his, hers (possessive)	POLLEX (P&E) 'Third person singular possessive A-class'; Andrews 'His or hers'	kanaka	traditional	True	Grammatical: a possessive pronoun (§4.3). | Folk etymology: Andrews' ka + na are prepositions, not the roots kā 'strike' and nā 'calm'. | Andrews' other kana entries include a mythical man of Hilo (proper name).		A pronoun with P&E spelling kāna; grammatical and not a compound of these roots.	None. POLLEX already gives P&E's kāna.						
kāwai	kā·wai	A*	018	drop	doubtful	kāwai	attested	1	unresolved	wai#0	partial			weak, watery last-run liquor	POLLEX (P&E) 'Last liquor run off in distillation; extremely weak and watery liquor'; Andrews Kawai	ulu	19th-century coinage	False		Alcohol and distilling (ʻōkolehao, a post-contact spirit).	The candidate rests on the wrong Andrews entry (kānāwai). The real kāwai is a distilling term for weak liquor whose first part is no kā in the root glossary, so its card would show alcohol over an unexplainable KĀ stone.	None for this candidate. Optional: confirm P&E kāwai 'weak last-run liquor'.						
kāwauke	kā·wauke	A*	018	doubtful	doubtful	kāwauke	inferred	unknown	kā#0	wauke	partial	strike the wauke	Andrews 1922 bracket [Ka, to strike, and wauke]	to cut wauke; shred its bark	Andrews 1922 'To cut down the wauke plant. 2. To shred the bark of the wauke'	hana	traditional	False			One source. The noun sense ('same as wauke') suggests a variant plant name, not root + root, and the verb may be a free phrase.	Does P&E have kāwauke? As a verb 'to cut / strip wauke', or only as another name for wauke? If only the plant, drop.		y	keep-pending	kāwauke		
kāwilimanu	kāwili·manu	A*	018	keep-pending	likely	kāwilimanu	inferred	unknown	kāwili	manu	transparent	snare birds	Andrews 1922 bracket [Kawili and manu, a bird], with Andrews kawili v. 2 / Wiktionary kāwili 'to snare'	catching birds with bird lime	Andrews 1922 'A method of catching birds with bird lime'	hana	traditional	False		POLLEX derives kāwili from PPN *taa-wili, so historically kāwili is itself kā- + wili. As a stone it is treated as one root.	A transparent traditional term with a parallel synonym in the same source, but one source only, and the spelling and break are unconfirmed. Degree 1, so low priority.	Low priority (degree 1). Headword kāwilimanu or kāwili manu? Sense 'bird-liming'?						
kēhū	kē·hū	A*	019	drop	no	kehu	inferred	unknown	unresolved	unresolved	opaque			sea spray, mist	Andrews–Parker 1922: 'Mist spray, vapor: Kehu kai o Waialua, the sea spray of Waialua'	kai	archaic/obscure	True	grammatical: the first element is the definite article ke (Andrews: 'Ke, the'), not a root | neither stone is the root the split claims (kē 'protest', hū 'rise'), so the stones would link falsely		This is not a two-root compound. By its only source it is article + a clipped ehu 'spray'. Neither KĒ nor HŪ stone would carry the sense the card claims.	Is there a headword kehu or kēhu 'spray, mist'? If P&E derives it from ke + ehu, or gives it no analysis, it stays dropped. Low priority.						
kēmau	kē·mau	A*	019	drop	no	kemau	inferred	unknown	unresolved	unresolved	opaque			a fern (Andrews: amaumau)	Andrews–Parker 1922: 'Same as amaumau, the fern'	ulu	archaic/obscure	True	grammatical: first element is the definite article ke | second element is a clipping of amaumau, not the root mau 'always'; stones would link falsely		Article plus a truncated plant name. It is not a compound of two roots, and the MAU stone would link it to mau 'perpetual' words by spelling only.	None needed for the board. Optionally: does P&E have kemau as a variant of ʻamaʻumaʻu?						
kēʻai	kē·ʻai	A*	019	keep-pending	likely	kēʻai	inferred	unknown	kē	ʻai	transparent	refuse food	Andrews–Parker 1922, Keai 'To thrust away food'; Hookeai bracket '[Hooke, to abstain, and ai, food]'; POLLEX/P&E kē 'refuse'	to fast	Andrews–Parker 1922: 'To thrust away food; to fast'; Hookeai 'To abstain from food; to fast'	naʻau	unknown	False		Fasting is a religious observance, Christian in much modern usage. Keep the card plain ('to fast', 'refuse food'). The KĒ stone must be kē 'refuse/protest', never the article ke that Andrews also lists under the same spelling.	The meaning composes cleanly and kē 'refuse' is confirmed by P&E via POLLEX. But the bare compound rests on Andrews alone, and its spelling and word break are unconfirmed. It is a valuable link (degree 15).	Is there a headword kēʻai (or kē ʻai), or only hoʻokē ʻai? Is it one word or two? Does P&E gloss 'to fast' and give a Lit. like 'refuse food'? Confirm the kahakō on kē.						
kēʻō	kē·ʻō	A*	019	drop	no	keʻo	attested	1	unresolved	ʻō#0	opaque			the pin (article + noun)	Andrews–Parker 1922: 'The pin'	hana	archaic/obscure	True	genital: P&E's keʻo (via POLLEX) has the sense 'clitoris'; DESIGN §4.3 drops the whole word | grammatical: Andrews' analysis is the article ke + ʻō 'pin' | gloss 'the pin' would teach nothing	The P&E spelling keʻo carries a genital sense. It must never be shown.	This is the article plus a noun, not a two-root compound. The attested spelling keʻo also carries a genital sense (P&E via POLLEX). Excluded on two counts.	None needed: excluded via POLLEX's P&E sense 'clitoris' for keʻo.						
kīkipa	kī·kipa	A*	019	drop	no	kīkipa	inferred	1	unresolved	kipa#1	partial			to visit often; turn aside	Andrews–Parker 1922: 'To call upon one. To go frequently to a neighbor's... To turn aside from a straight road'	hele	archaic/obscure	False			The first element has no content sense: it is a formative or reduplication. A KĪ stone would link it to ti-plant words by spelling alone. Prefix-built per ROOTS step 5.	Spelling kīkipa or kikipa? Does P&E mark it as a redup. of kipa or as kī- + kipa? It stays dropped unless P&E glosses the first element as a content word.		y	drop	kīkipa		
kīlua	kī·lua	A*	019	drop	doubtful	kīlua	inferred	1	unresolved	lua#0	partial	double image	Andrews–Parker 1922 bracket ('kii, an image… and lua, double'), a 19th-century etymology	two-faced, deceitful; a liar	Andrews–Parker 1922: 'To be two-faced; to be deceitful'; n. 'A liar; a deceiver'	naʻau	archaic/obscure	False		Names a liar or deceiver, an insult when applied to a person. Under the same spelling, lua#0 also covers the lua fighting art. Andrews describes it as bone-breaking and noosing men to murder them. Handle with care if lua#0 words are captioned.	Folk etymology. A KĪ stone cannot carry the claimed kiʻi 'image', so it would link to ti-plant words falsely. Even if P&E has kīlua 'deceitful', it is not kī + lua in any sense the stones can show.	Is kīlua or kilua a P&E headword ('deceitful, two-faced')? What analysis, if any? If P&E has no kī/kiʻi split, it stays dropped.						
kīʻōnaha	kī·ʻōnaha	A*	019	drop	no	kīʻōnaha	inferred	1	unresolved	ʻōnaha	partial			bent, crooked, curved	Andrews–Parker 1922: 'To be bent; to be crooked; to be curved'	hele	archaic/obscure	True	root ʻōnaha: Andrews–Parker says onaha 'bow legged' is 'used in hailiili or vituperative language', an abusive use (strict §4.3 reading)	ʻōnaha 'bowlegged' was used as abuse (Andrews). Avoid it as a stone.	The first element is an unglossed formative, and ʻōnaha is itself prefix-built: three parts. The root also has an abusive use.	None needed for the board.						
kōhanahana	kō·hanahana	A*	019	drop	doubtful	kōhanahana	inferred	1	unresolved	hanahana	partial			to be hot; to burn	Andrews–Parker 1922: 'To be hot; to be warm; to burn'	lani	archaic/obscure	False		Andrews also gives hanahana 'Offensive; sour; stinking; applies to food'. That is not excretory, but a kumu may prefer the 'warm' sense alone.	The first element has no content sense. A KŌ stone would tie it to sugar-cane words (kōpaʻa, kōkea, kōʻula) by spelling only.	Optional: does P&E have kōhanahana or kohanahana, and how does it analyse the first element? It stays dropped unless that element is glossed as a content word.						
kōhiʻai	kōhi·ʻai	A*	020	keep-pending	likely	kōhiʻai	inferred	unknown	kōhi#0	ʻai	transparent	dig food	Andrews–Parker 1922 bracket [Kohi, to dig, and ai, food]	to dig food from the ground	Andrews–Parker 1922: 'To dig food from the ground, as potatoes.'	ulu	unknown	False			Coherent, transparent Andrews analysis whose root senses match Wiktionary (kōhi#0 'split off with a blade, such as a shovel'; ʻai 'food'), but a single 1922 source and no modern spelling. kōhi#1 'to gather' would also fit 'harvest food', so the root sense needs P&E too. Low degree (12).	Is there a headword kōhiʻai or kohiʻai (kahakō on o or not; one word)? Meaning 'to dig food (e.g. sweet potatoes) from the ground'? Which kohi/kōhi does it use: 'to dig/break off with a blade' or 'to gather, pick'?						
kōiʻa	kō·iʻa	A*	019	drop	no	ko ia	inferred	2	unresolved	unresolved	opaque			his, hers (possessive)	Andrews–Parker 1922: 'Of him; his... Belonging to'	kanaka	unknown	True	grammatical: possessive preposition + pronoun (Andrews: 'Ko, of, and ia, that, him, her') | the split onto kō 'sugar cane' + iʻa 'fish' is a mapping error		This is a grammatical phrase (his/hers), not a compound. The fish and sugar-cane stones it maps to are spurious.	None needed.						
kōkala	kō·kala	A	019	doubtful	doubtful	kōkala	attested	1	unresolved	kala#0	partial			porcupinefish; spines, thorns	POLLEX (P&E 1986): 'Thorns, spines; Porcupine Fish (Diodon hystrix)'; Wiktionary: porcupine fish; thorns on a pandanus or pineapple leaf; spines on a dorsal fin; Andrews: dorsal fins of any fish	kai	traditional	False			The spelling is sound and the word is inherited from Proto-Central-Eastern Polynesian, a good card subject. But its first element is an unglossed formative (*too-), not the root kō. As KŌ·KALA it would link by spelling to kō 'sugar cane' words, which the 'same root in sense' rule forbids. It could be kept only as a single-sense unit or without a parts row.	Confirm the headword kōkala. Does P&E analyse it (e.g. 'kō- + kala' or 'redup.'), or give a Lit.? If there is no analysis, treat it as one morpheme and drop it from the two-root list.		y	drop	kōkala		
kōkea	kō·kea	A*	019	keep-pending	yes	kōkea	corroborated	1	kō#0	kea	transparent	white cane	Andrews–Parker 1922 ('The white cane'; bracket 'Ko, sugar-cane, and kea, white')	a white sugar cane	Andrews–Parker 1922 'The white cane'; Bishop Museum proverb 'the little white sugar stalk of Kohala'	ulu	traditional	False		Andrews–Parker lists a homograph kea n. 'A male animal reserved for propagating its kind; male of virile power'. That is a breeding sense, absent from Wiktionary and POLLEX. It is not used here, but flag it for the kumu read. The Kohala proverb is a chief's retort; not needed on the card.	Two independent sources make it a real compound for the white cane variety, and it composes transparently. Spelling detail is unconfirmed: the kahakō on kō, and kōkea against kō kea.	Headword kōkea or kō kea (white sugar cane variety)? Is the kahakō on kō confirmed? Is there a Lit. 'white cane'? Does P&E also give kōkea as an adjective 'whitish' that would change the reading?	http://data.bishopmuseum.org/ethnobotanydb/ethnobotany.php?b=d&ID=ko					
kōkolo	kō·kolo	A*	019	drop	no	kokolo	inferred	1	unresolved	kolo	partial			to crawl, creep	Andrews–Parker 1922: 'To go on the hands and knees; to crawl… To creep in growing, as a vine'	hele	traditional	False		kolo also covers crawling or walking bent before a chief as a sign of humility (POLLEX/P&E). That is respectful, but tied to kapu protocol.	Almost certainly a reduplication of kolo, not kō + kolo. A KŌ stone would link it to sugar-cane words falsely.	Headword kokolo or kōkolo? Does P&E mark it 'redup. of kolo'? If so, confirm the drop.						
kōleʻaleʻa	kō·leʻaleʻa	A*	019	drop	doubtful	kōleʻaleʻa	inferred	1	unresolved	leʻaleʻa	partial			hushing a crying child	Andrews–Parker 1922: 'The action of hushing or stilling children when they cry'	kanaka	archaic/obscure	True	Andrews sense 2, 'A giving up to natural gratifications', is probably a 19th-century euphemism for sensual or sexual indulgence. It is ambiguous, but strict §4.3 drops the word	Sense 2 reads as a euphemism for sensual indulgence.	The first element is unglossed (not a root), the parts don't compose, and one sense is a likely sexual euphemism.	None needed for the board.						
kōloko	kō·loko	A*	019	drop	no	kō loko	corroborated	2	unresolved	loko	transparent	of the inside	Andrews–Parker 1922 bracket ('Ko, of, and loko, the inner part')	the inside, interior part	Andrews–Parker 1922: 'the inside or inner parts of a thing; interior portion'	kanaka	unknown	True	grammatical: first element is the possessive preposition ko 'of' | the KŌ stone would link to kō 'sugar cane' words by spelling only		This is a possessive phrase (ko + loko), not a two-root compound.	None needed.						
kōlua	kō·lua	A*	019	doubtful	doubtful	kōlua	inferred	unknown	unresolved	lua#1	partial			to cook food underground	Andrews–Parker 1922: 'To cook food underground… See kalua'	ulu	archaic/obscure	False		lua#1 'pit' also carries the modern sense 'toilet' (Wiktionary). That is excretory-adjacent: if the strict root-level reading of §4.3 is applied, every lua#1 word goes, including the design's luapō. That needs a project-level ruling. Andrews' lua also lists the bone-breaking / man-noosing art and 'a grave'.	One 19th-century source, a guessed etymology for the first element, and probably a variant of kālua (prefix-built). It is highly connective (degree 25), so it is worth one P&E lookup, but it should not be counted on.	Is there a P&E headword kōlua or kolua 'to bake in the ground oven'? Is it marked var. of kālua? How is the first element analysed? If var. of kālua or prefix-built, drop.						
kōpaʻa	kō·paʻa	W	019	keep	yes	kōpaʻa	attested	1	kō#0	paʻa	transparent	firm cane	Wiktionary etymology: kō ('sugar cane') + paʻa ('to be firm')	sugar	Wiktionary 'sugar'; Ka Wai Ola usage (ke kōpaʻa among purchased goods; food prepared without oil and sugar)	ulu	19th-century coinage	False			A Wiktionary root + root analysis plus consistent modern reputable use (OHA's Ka Wai Ola). Spelling attested, root senses clear (kō#0 sugar cane, paʻa firm), no exclusion concern. It is the most connective word in the batch (degree 29). Register is a judgment: Akana's column names kōpaʻa among things new to Hawaiʻi after contact, but no source dates the word itself.	Confirm the headword kōpaʻa 'sugar'. Does P&E give a Lit. (e.g. 'hardened cane')? Is it marked as post-contact? Note the Andrews–Parker spelling if present ('kopaa').	https://kawaiola.news/columns/ka-naauao-o-na-kupuna/ke-au-hulihuli-o-ka-oihana-kalepa/ | https://kawaiola.news/columns/malama-i-kou-kino/hoomaemae-he-ano-kuuna-e-hemo-ai-na-mea-awahia-o-ke-kino/	y	keep	kōpaʻa		
kōwelo	kō·welo	A*	019	drop	doubtful	kōwelo	inferred	1	unresolved	welo	partial			to stream, flutter in wind	Andrews–Parker 1922: 'To stream or float in the wind, as colors or an ensign'; 'To drag or trail behind'	hele	unknown	False			The first element is unglossed (formative); the meaning comes from welo alone. A KŌ stone would link it to sugar-cane words falsely.	Optional: is kōwelo a P&E headword, and does P&E analyse the first element? It stays dropped unless that element is a glossed root.						
kōʻeli	kō·ʻeli	A*	019	doubtful	doubtful	kō ʻeli	corroborated	2	kō#0	ʻeli	transparent	cane dug (by hand)	Bishop Museum Ethnobotany DB proverb translation 'The sugar cane of Halaliʻi, dug out by hand'; Andrews bracket 'Ko, cane, and eli, to dig'	buried sugar cane	Andrews–Parker 1922: 'The sugar-cane planted or put under ground'; Bishop Museum: winds 'buried the sugar cane'	ulu	archaic/obscure	False		The only known use is a place saying about Halaliʻi, Niʻihau. A card should not detach it from that or invent a general sense.	A free phrase from one place-bound saying rather than a general lexical item. The two sources even differ on whether the cane was planted or dug out. A transparent pair, but probably not a P&E headword.	Is kōʻeli or kō ʻeli a P&E headword or sub-entry, or does it appear only in the ʻŌlelo Noʻeau 'Ke kō ʻeli lima o Halaliʻi'? If only the saying, drop.	http://data.bishopmuseum.org/ethnobotanydb/ethnobotany.php?b=d&ID=ko					
kōʻieʻie	kō·ʻieʻie	A*	019	drop	doubtful	koʻieʻie	corroborated	1	unresolved	unresolved	opaque			a rapid, sweeping current	Andrews–Parker 1922: 'A rapid current, sucking in and carrying off everything'; Wikipedia: Koʻieʻie 'rapid current'	kai	traditional	False		Koʻieʻie is the name of a loko iʻa (fishpond) in Kīhei now under restoration. Don't caption the common noun as if it were the place.	Neither root in the split is the one the word uses: not sugar cane, and not the ʻieʻie vine. The modern spelling is probably koʻieʻie with a short o, so a KŌ stone is wrong outright.	Headword koʻieʻie or kōʻieʻie 'rushing current'? Any analysis (ko- + ʻieʻie?)? If short o, it stays dropped.	https://en.wikipedia.org/wiki/Kalepolepo_Fishpond					
kōʻula	kō·ʻula	A*	019	keep-pending	likely	kōʻula	inferred	either	kō#0	ʻula#0	transparent	red sugar cane	Andrews–Parker 1922 place-name list ('Koula: red sugar cane') and bracket ('Ko, sugar-cane, and ula, red')	a reddish sugar cane	Andrews–Parker 1922: 'A variety of sugar-cane, which is of a reddish color'	ulu	traditional	False		Also a land-section name on Oʻahu (Andrews). Caption only the cane sense. ʻula has homographs 'sacred, royal' (ʻula#1) and 'blood' (ʻula#2). The stone must be ʻula#0 'red'.	Transparent cane-variety compound with content senses for both parts, but a single source. Spelling and word break are unconfirmed. Good connectivity (degree 17) makes the lookup worthwhile.	Headword kōʻula or kō ʻula (reddish sugar cane variety)? Is there a Lit. 'red cane'? Is the cane sense primary, or is it chiefly a place name?						
kūea	kū·ea	A*	020	drop	no	kūea	inferred	unknown	kū#0	unresolved	partial			cloud of dust; dust storm	Andrews–Parker 1922, under the headword Kukaea (not kuea)	lani	unknown	False		The real headword kukaea sits beside Andrews' kukae 'excrements'; if anyone revives the real word, check that it is not read as containing kūkae.	The candidate is a bracket attached to a different headword (Kukaea, three parts ku+ka+ea). The only genuine Andrews kuea is 'wanderer', a contraction of kuewa, which is not kū + ea. The 'dust' sense of ea is also absent from Wiktionary's ea.	None needed for the candidate. Optional: does P&E have kūea at all, and is the dust-cloud word written kūkaʻea or similar?						
kūemi	kū·emi	A*	020	keep-pending	likely	kūemi	inferred	unknown	kū#0	emi	transparent	stand shrinking back	Andrews–Parker 1922 bracket [Ku, to stand, and emi, to shrink back]	to retreat, as from something feared	Andrews–Parker 1922: 'To stand or retreat, as from something feared.'	hele	unknown	False			Clean, transparent analysis with both roots well grounded (emi < PPN *qemi 'flinch, draw back' per Wiktionary), but only Andrews attests the compound and the spelling/word break are inferred.	Headword kūemi (kahakō on u, no ʻokina, one word)? Meaning 'to retreat, draw back, recede'? Any Lit. reading?		y	keep-pending	kūemi		
kūhao	kū·hao	A*	020	doubtful	doubtful	kūhao	inferred	unknown	kū#0	unresolved	partial	stand firm	Andrews–Parker 1922 bracket [Ku, to stand, and hao, firm, tight]	to stand alone; independent	Andrews–Parker 1922: v. 'to stand alone'; adj. 'standing firmly and acting alone ... independent'	naʻau	unknown	False			The second root's sense ('firm, tight') matches no Wiktionary homograph of hao, and the 'rain from a single cloud' sense suggests a different element; spelling may carry an ʻokina that would remove hao altogether.	Headword spelling: kūhao or kūhaʻo? If kūhaʻo, the split kū·hao fails (drop). If kūhao, which hao does P&E connect it to (iron/hard? hao wood?), and are the senses 'stand alone, independent; rain from a single cloud'?						
kūhea	kū·hea	A*	020	doubtful	doubtful	kūhea	inferred	unknown	unresolved	hea#0	partial			to call out, cry aloud	Andrews–Parker 1922: 'To call; to cry aloud; ... to call out.'	naʻau	unknown	False		Andrews' other hea homograph (a different word, not this one) names a temple practice of choosing a human sacrifice; it is not the hea#0 'to call' used here, but a careful reader may know it.	The word itself is well attested in Andrews (adj., n., v., and kuheamanu), but the bracket leaves kū unglossed, so a KŪ 'stand' stone and parts row would be guesswork; it would also add one more line meaning only 'both begin with kū'.	Headword kūhea? Does P&E give an etymology or Lit. for it, and if so what does kū mean there (stand / rise up / other)? Senses 'to call out; bird-catcher who calls birds into a snare'?			doubtful	kūhea		
kūhepa	kū·hepa	A*	020	drop	doubtful	kūhepa	inferred	unknown	unresolved	unresolved	opaque			untrustworthy; to break one's word	Andrews–Parker 1922	naʻau	unknown	True	root hepa's recorded senses are 'idiot, imbecile' (Wiktionary) and palsy / dementia / idiocy / an imbecile (Andrews): a disability term used as an insult; a HEPA stone and parts row would teach it | the compound's own senses (deceit, breaking one's word) are moral accusations, but the exclusion rests on the root	Disability and disease (palsy, dementia) in the root; insult.	Exclusion (§4.3 slur/insult in a root sense), and the analysis is weak anyway: kū unglossed, hepa 'false' unsupported.	None needed (excluded). Optional: whether P&E's hepa is a plain descriptive term or an insult, for the record.						
kūheu	kū·heu	A*	020	drop	no	kūheu	inferred	unknown	kū#0	heu	partial	the fur stands up	Andrews–Parker 1922, 'Literally, the fur stands up' (under Kukaheu)	to show anger by one's demeanor	Andrews–Parker 1922, under Kukaheu	naʻau	unknown	False			Not an attested word: Andrews' headword is kukaheu (three parts, ku+ka+heu). A pity, since 'the fur stands up' is a lovely literal reading, but the two-stone form has no source.	Optional: does P&E have kūheu, or only kūkaheu? Only if P&E lists kūheu as such does this come back.						
kūhewa	kū·hewa	A*	020	keep-pending	likely	kūhewa	corroborated	1	unresolved	hewa	partial	hit by mistake	Andrews–Parker 1922 bracket [Ku, to be hit, and hewa, wrongly or unwittingly] and def. 2 'to be hit by mistake'	sudden; striking without warning	Andrews–Parker 1922 adj.: 'coming suddenly ... striking unexpectedly, as the wind'	hele	unknown	False		Andrews' example is sudden illness ('he mai kuhewa'); hewa carries 'sin, guilt'. Show the wind/suddenness sense, not the disease one.	Word is real and in modern use, but which kū it holds is open: Andrews says 'to be hit' (his kū v. 7, not in Wiktionary's kū#0), and POLLEX lists a separate Hawaiian kū 'abruptly, rudely, unceremoniously' < PPN *tuqu 'to cut' that fits 'komo kūhewa' well. If it is that kū, it must not share a stone with kū 'stand'.	Headword kūhewa (one word)? Which kū does P&E derive it from — 'to stand', 'to be hit', or kū 'abruptly, rudely' (PPN *tuqu)? Senses 'sudden, unexpected; hit by mistake'?						
kūhihi	kū·hihi	A*	020	drop	no	kūhihi	inferred	unknown	kū#0	hihi	partial			hair standing on end; to shudder	Andrews–Parker 1922, under Kunahihi	naʻau	unknown	False			Not an attested word: the bracket belongs to kunahihi / kūnāhihi, three parts (kū + nā + hihi).	None needed for the candidate.		y	drop	kūhihi		
kūihu	kū·ihu	A*	020	drop	no	kūihu	inferred	unknown	kū#0	ihu	partial			to turn up the nose (contempt)	Andrews–Parker 1922, under Kukaihu	naʻau	unknown	False		A gesture of contempt; mild insult.	Not an attested word; the real headword is a three-part phrase-word (ku + ka + ihu) by Andrews' own analysis.	None needed for the candidate.						
kūkaha	kū·kaha	A*	020	keep-pending	likely	kūkaha	inferred	unknown	kū#0	unresolved	transparent	stand turning away	Andrews–Parker 1922 bracket [Ku, to stand, and kaha, to turn away]	to stand sideways, making room	Andrews–Parker 1922: 'To stand sideways ... as in yielding room for passing.'	hele	unknown	False			Plausible and transparent, but Andrews-only. The automatic mapping chose kaha 'to cut' (kaha#0), which is wrong; the right root is either kaha#2 ('to pass by'; cf. Māori tataha 'swerve'), matching Andrews' 'turn away', or kaha#1 ('place', PPN *tafa 'side, edge'), matching 'stand sideways'.	Headword kūkaha? Meaning 'to stand sideways / aside to let someone pass'? Does P&E tie kaha here to 'side' (kaha place, PPN *tafa side) or to 'turn aside, pass by'?						
kūkahiki	kū·kahiki	A*	020	drop	no	kūkahiki	inferred	unknown	unresolved	kahiki#0	partial			something far off in another land	Andrews–Parker 1922, under Kuakahiki	hele	unknown	False		Kahiki is also a proper name (Tahiti; the ancestral homeland), and Andrews' example concerns a prayer reaching Kahiki.	Not an attested word; the real headword kuakahiki has three parts (kū + a + kahiki) and kū there means 'reaching', not 'stand'.	None needed for the candidate.						
kūkala	kū·kala	A*	020	keep	yes	kūkala	attested	1	kū#0	kala#1	transparent	stand and call out	Andrews–Parker 1922 bracket [Ku, to stand, and kala, to call out]; POLLEX PCE *tuu-tara	to proclaim publicly, announce	Andrews–Parker 1922 'To proclaim publicly'; POLLEX (from P&E) 'Proclaim publicly, tell abroad, announce'	naʻau	traditional	False			Compound of exactly these two roots by two independent sources (Andrews; POLLEX's P&E-cited etymon *tuu-tara), spelling attested via POLLEX/P&E and modern use, the kala sense is unambiguous (kala#1 'to proclaim', PPN *tala 'narrate'), and nothing in §4.3 applies. Don't show Andrews' [Mod.] 'to cry goods, as an auctioneer' sense, or the kala 'dollar' homograph.	Confirm headword kūkala (one word) and the sense 'to proclaim, announce'; note any Lit. or etymology P&E gives (kū + kala?).						
kūkapakahi	kū·kapakahi	A*	020	doubtful	doubtful	kūkapakahi	inferred	unknown	kū#0	kapakahi	transparent	stand sideways	Andrews–Parker 1922 bracket [Ku, to stand, and kapakahi, sideways]	to stand leaning, awry	Andrews–Parker 1922	hele	unknown	False			Three morphemes (kū + kapa + kahi); the second stone would not be a single root, and the whole is most likely a phrase rather than a dictionary word.	Is kūkapakahi a headword or sub-entry, or does it only occur as the phrase kū kapakahi? If only a phrase, drop.						
kūkapu	kū·kapu	A*	020	drop	likely	kūkapu	inferred	unknown	unresolved	kapu#0	partial			chaste; inviolate; set apart	Andrews–Parker 1922	naʻau	unknown	True	the compound's principal senses concern sexual conduct (to be chaste; chastity; 'a chaste woman'), which falls under §4.3's sexual criterion — any sense counts	kapu is sacred/ritual restriction; chastity framed around women.	Excluded: the core senses are about chastity. Judgement call: if the kumu read decides chastity isn't 'sexual' under §4.3, it would still only be keep-pending, because kū 'to be' is not kū 'stand'.	None needed unless the exclusion is overturned; then: headword kūkapu? does P&E give 'set apart, inviolate' without the chastity sense?		y	drop	kūkapu		
kūkaʻawale	kū·kaʻawale	A*	020	doubtful	doubtful	kū kaʻawale	corroborated	2	kū#0	kaʻawale	transparent	stand apart	Andrews–Parker 1922 bracket [Ku, to stand, and kaawale, alone; apart]	to stand alone, separate	Andrews–Parker 1922: 'To stand by one's self; to stand alone'; adj. 'standing off; separate; alone'	naʻau	unknown	False			Modern use treats it as a phrase (kū kaʻawale), not a lexical item, and the second element is itself a compound (kaʻa + wale), so the second stone would not be a root.	Is 'kū kaʻawale' a P&E headword or sub-entry (under kū or kaʻawale), or only a free phrase? If listed, one word or two?						
kūkia	kū·kia	A*	020	keep-pending	likely	kūkia	inferred	unknown	kū#0	kia#0	transparent	stand like a pillar	Andrews–Parker 1922 bracket [Ku, to stand, and kia, a pillar] and def. 1 'to stand up, as a pillar'	to stand firm, steady in purpose	Andrews–Parker 1922: 'To stand firm; to be steady in purpose'	naʻau	unknown	False		Andrews' kia entries also list 'a standing idol' and, under kia v., an example of killing with a sorcerer's prayer; neither is the sense shown, but don't draw on the root's other senses for the card.	Transparent, warm and well grounded at the root level (kia < PPN *tia), but only Andrews attests the compound; spelling and word break are inferred.	Headword kūkia (one word)? Meaning 'to stand firm, as a pillar; steadfast'? Any Lit.?						
kūkuli	kū·kuli	A*	020	doubtful	doubtful	kukuli	attested	1	unresolved	kuli#1	partial	stand on the knees	Andrews–Parker 1922 def. 2 'to stand on the knees' (but see doubt on the split)	to kneel	Wiktionary kukuli 'to kneel'; Andrews–Parker 1922 'To kneel; to bow the knee'	kanaka	traditional	False		Kneeling in worship is among Andrews' senses; fine, but note it.	The attested spelling kukuli (short u) and Wiktionary's etymology make it a reduplication of kuli, and Andrews' kū 'stand' a likely folk etymology. Only a P&E kūkuli with (kū + kuli) would revive the two-stone reading. Leaning drop.	Headword spelling: kukuli or kūkuli? Does P&E give it as a reduplication of kuli 'knee', or as kū + kuli (Lit. 'stand on knee')? If kukuli or a reduplication, drop.						
kūkuluhema	kūkulu·hema	A*	022	keep-pending	likely	kūkulu hema	corroborated	2	kūkulu#0	hema	partial	the left-hand point	Andrews–Parker 1922 bracket: [Kukulu, point, and hema, left; the south]	the south; the south point	Andrews–Parker 1922 s.v. Kukuluhema; Wiktionary hema 'south'	lani	traditional	False			Transparent and useful (the four kūkulu are compass points), parts confirmed, but the compound itself rests on Andrews alone and the two-word spelling only on garbled wiki text.	Does P&E list 'kūkulu hema' (two words) as a sub-entry of kūkulu, meaning 'south'? Is hema there glossed 'left; south'? Field note: placed in lani because Andrews defines kūkulu as where the sky meets the horizon; hele also fits.						
kūkulupapa	kūkulu·papa	A*	022	keep-pending	likely	kūkulupapa	inferred	unknown	kūkulu#1	papa#1	transparent	pile up in ranks	Andrews–Parker 1922 bracket: [Kukulu, to pile up, and papa, rank]	to arrange in ranks; classify	Andrews–Parker 1922 s.v. Kukulupapa	hana	archaic/obscure	False			One 1922 source, plausible and transparent, but obscure and unspelled; low priority (degree 4). papa#1 is Wiktionary's catch-all homograph that holds 'class, list'; POLLEX has a separate PEP *papa 'class, rank'.	Is kūkulupapa (or kūkulu papa) in P&E at all? If so: one word or two, and is papa there 'rank, class' (the PEP *papa 'class, rank' word) rather than 'board, flat surface'?						
kūkulupāpaʻi	kūkulu·pāpaʻi	A*	022	drop	doubtful	kūkulupāpaʻi	inferred	unknown	kūkulu#1	unresolved	transparent	erect a temporary shelter	Andrews–Parker 1922 bracket	to put up a temporary shelter	Andrews–Parker 1922 s.v. Kukulupapai	hana	archaic/obscure	False			Degree 0, so it adds nothing to the board. The second root is mapped to the wrong homograph ('crab' rather than 'temporary shelter'), so a PĀPAʻI stone would link it to crab words falsely. Andrews only.	Low priority. If checked: what is the spelling of the 'temporary shelter' word (papai / pāpaʻi / pāpai)? Is kūkulupāpaʻi a P&E entry?		y	drop	kūkulupāpaʻi		
kūkāmoʻo	kūkā·moʻo	A*	022	doubtful	doubtful	kūkāmoʻo	inferred	unknown	kūkā	unresolved	partial	consult history	Andrews–Parker 1922 bracket: [Kuka, to consult, and moo, history]	to consult the history of descent	Andrews–Parker 1922 s.v. Kukamoo, sense 1	naʻau	archaic/obscure	False		Sense 3 refers to the genealogy of the ancient priests (mookahuna). It is genealogical and sacred, not sorcery, but a kumu may want it handled with care.	Andrews' own etymology is uncertain, the root sense used is not the moʻo in the root list (a MOʻO stone would wrongly tie it to lizard words), it has no modern attestation, and degree is 2.	Is kūkāmoʻo (or kūkā moʻo) in P&E? If so, which moʻo: 'succession, lineage' or a shortening of moʻokūʻauhau? If it is absent, drop it.						
kūlana	kū·lana	A	020	drop	no	kūlana	attested	1	kū#0	unresolved	partial			position, rank, status	Wiktionary 'position, situation; ... condition, status; station, rank'; POLLEX/P&E 'Station, rank, title, condition, position'	kanaka	traditional	False			Not two roots: the second element is the nominalising suffix -lana (PPN *-raŋa), as Wiktionary and the P&E-sourced POLLEX etymon both show. A LANA stone glossed 'float' would teach a folk etymology and link kūlana to unrelated lana 'float' words. A high-value word (degree 45), but suffixes are not stones (cf. hoʻo-).	Confirm P&E's etymology for kūlana: kū + -lana (nominaliser) / PPN *tuqu-raŋa, or kū + lana 'float'? Only the latter would revive it.						
kūlanahale	kūlana·hale	A*	022	doubtful	likely	kūlanahale	corroborated	1	kūlana	hale	transparent	site of houses	Andrews–Parker 1922 bracket: [Kulana, a collection, a site, and hale, house]	village; cluster of houses	Andrews–Parker 1922 s.v. Kulanahale, sense 1	kanaka	unknown	False			Real in 1922, but Andrews himself says the word is 'more generally written kulanakauhale', and modern text overwhelmingly uses kūlanakauhale. A card reading 'kūlanahale: village' risks looking like a misspelling to a speaker unless P&E lists it.	Does P&E have kūlanahale as its own headword (and with what sense: 'village' or 'house site'), or only kūlanakauhale? If only the latter, drop it.						
kūlanaheʻenalu	kūlana·heʻenalu	A*	022	doubtful	doubtful	kūlanaheʻenalu	inferred	unknown	kūlana	heʻenalu	transparent	surfing site	Andrews–Parker 1922 bracket [Kulana and heenalu]; s.v. Kulana 'a place where many things are collected together, as a village'	village with a good surf	Andrews–Parker 1922 s.v. Kulanaheenalu	kai	archaic/obscure	False			Three morphemes, a single 1922 source, likely a free phrase, and degree 2. A lovely note, but not a confirmed lexical compound.	Is there a P&E entry 'kūlana heʻe nalu' or similar? If there is none, drop it.						
kūlehu	kū·lehu	A*	020	keep-pending	likely	kūlehu	inferred	unknown	kū#0	lehu	partial	stand in the ashes	Andrews–Parker 1922 bracket [Ku, to stand, and lehu, ashes] with def. 'to place in ashes'	to roast in hot ashes	Andrews–Parker 1922: 'To roast in the fire or hot ashes.'	ulu	unknown	False			Plausible cooking word with a sound second root, but Andrews-only, spelling inferred, and kū's role ('stand' → 'place in') is a stretch; may be a variant of the better-known pūlehu (which Andrews cross-refers to).	Is kūlehu a P&E headword, or only pūlehu? Meaning 'to cook/roast in hot ashes'? Any Lit.?						
kūlele	kū·lele	A*	021	doubtful	doubtful	kūlele	inferred	unknown	unresolved	lele	partial		Andrews–Parker 1922 brackets only the parts (to stand + to fly); no source gives a reading, and 'stand' does not compose with the meaning.	to drive off, as wind does	Andrews–Parker 1922: 'to drive away, as with a puff of wind'	hele	unknown	False			One 1922 source; the meaning (scatter or drive away) uses lele but not kū 'stand', so the KŪ stone's identity cannot be settled from the dossier, and kū may be a prefix here. No modern attestation of the word or its spelling.	Headword kūlele or kulele (kahakō?) — present at all? Meaning 'to drive or scatter away, as by wind; to cause to fly off'? Is kū here the verb 'to stand' (kū 1) or a kū- prefix (one secondary source claims P&E lists a qualitative/stative kū- prefix)? If a prefix, the word is prefix-built and should go out with the other prefix-led words.		y	doubtful	kūlele		
kūloko	kū·loko	A*	021	keep-pending	yes	kūloko	attested	1	unresolved	loko	transparent	pertaining to the inside	Andrews–Parker 1922 bracket [Ku, pertaining to, and loko, the inner part]	internal, domestic; of home affairs	Andrews–Parker 1922 ('relating to internal or home affairs'); Nogelmeier's translation 'domestic' (Ka Wai Ola)	kanaka	traditional	False			The word and its one-word spelling are well attested, and loko 'inside' is plain. What is open is which kū this is: Andrews glosses it 'pertaining to', which matches his separate adjective kū 'belonging to; befitting', not any sense of Wiktionary's kū#0 (stand, rise, stop, anchor, establish). Linking its KŪ stone to the 'stand' words would be a claim the sources do not make.	Confirm headword kūloko (one word) and senses 'internal, domestic, local'. Which kū does P&E give (Lit. 'standing inside'?) — the verb 'to stand' or a kū 'pertaining to / resembling'? Does P&E pair it with kūwaho?	https://kawaiola.news/ea/ke-kipi-kuloko-ma-honolulu/					
kūlolo	kū·lolo	W	021	keep-pending	likely	kūlolo	attested	1	unresolved	lolo	opaque		No source gives a literal reading; 'stand' + 'brain' does not make a taro pudding (ROOTS.md uses this word as its example of an opaque compound).	taro and coconut pudding	Wiktionary ('traditional dessert made from taro and coconut'); Andrews–Parker 1922 ('a pudding made of taro and coconut')	ulu	traditional	False		The root lolo also means 'palsied; crazy, insane' (Andrews), and lolo is a common everyday insult ('stupid') in Hawaiʻi. Not an exclusion, but the LOLO stone's gloss should stay 'brain; marrow; coconut sponge'.	A real, well-loved word with an attested spelling, but the split is opaque and one-source, and kū's role is unknown (possibly a prefix, which would make it prefix-built). If kept, it fits DESIGN's 'opaque, shown without a parts row' option, and its KŪ stone must not link to the 'stand' words.	Confirm kūlolo spelling. Does P&E give any etymology or Lit. for it? Is kū here the verb 'to stand' (kū 1) or a kū- prefix (one secondary source claims P&E lists a qualitative/stative kū- prefix)? If a prefix, the word is prefix-built and should go out with the other prefix-led words. Does lolo here mean coconut (lolo's PPN ancestor *lolo is 'coconut milk or oil'; it also has 'coconut sponge' among its senses) rather than 'brain'?	https://en.wikipedia.org/wiki/Kulolo					
kūloupoʻo	kūlou·poʻo	A*	022	keep-pending	likely	kūloupoʻo	inferred	unknown	kūlou	poʻo	partial	head bent forward	Andrews–Parker 1922 bracket: [Kulou, to bend forward, and poo, the head]	to dive in head first	Andrews–Parker 1922 s.v. Kuloupoo, sense 1	hele	archaic/obscure	False		Andrews' sense 3 'leap down a precipice head first' is cliff-leaping, but show only the diving sense.	Plausible, partly transparent, and the parts are well confirmed, but only Andrews has it and the spelling and word break are unconfirmed.	Is kūloupoʻo in P&E, as one word or two? Sense 'to dive head first'? Is it cross-referenced to kuwalapoʻo?						
kūlālā	kū·lālā	A*	021	keep-pending	likely	kūlālā	inferred	unknown	kū#0	lālā	partial	branch that stands	Andrews–Parker 1922 bracket [Ku, stand, and lala, branch or twig of a tree]	plant grown from a cutting	Andrews–Parker 1922: 'Any plant propagated by slips or scions'	ulu	unknown	False			Plausible, transparent-enough compound of two clear roots, attested only by Andrews (and only through the worksheet row, not a matched full entry). Spelling and existence in P&E are both open.	Is there a headword kūlālā (or kulala / kūlala)? Exact kahakō on each vowel? Meaning 'plant propagated from slips or cuttings'?						
kūmaka	kū·maka	A*	021	keep-pending	likely	kūmaka	corroborated	1	unresolved	maka#0	partial	struck by the eye	Andrews–Parker 1922 bracket [Ku, to be hit, and maka, the eye]	known by sight; in plain view	Andrews–Parker 1922: 'ike maka, know by sight … to be in sight of'	naʻau	unknown	False			One good source plus thin modern use. Andrews' kū here is 'to be hit', which sits in his main kū verb entry (with 'stand') but is not among Wiktionary's kū#0 senses, so the KŪ stone's identity needs P&E.	Confirm headword kūmaka and its sense ('seen with one's own eyes; visible; known for certain'?). Does P&E give Lit. ('eye-struck' / 'standing before the eye')? Is the kū 'to hit' filed under kū 'to stand' or as its own homograph?						
kūnae	kū·nae	A*	021	doubtful	doubtful	kūnae	inferred	unknown	kū#0	unresolved	partial			to stand firm against opposition	Andrews–Parker 1922, second entry	naʻau	archaic/obscure	False		First sense is about relieving a disease of hard breathing (Andrews' nae entry: asthma; panting 'as one with tuberculosis').	Single 1922 source that analyses the word two incompatible ways; second root unresolved between nae#0 (breath) and a plant not in the dossier; no modern attestation.	Headword kūnae (or kūnaʻe)? Which sense(s): 'move about to ease hard breathing' and/or 'stand firm against opposition'? Which nae/naʻe does P&E derive it from?		y	doubtful	kūnae		
kūnihi	kū·nihi	A*	021	keep-pending	likely	kūnihi	inferred	unknown	kū#0	nihi	transparent	standing on edge	Andrews–Parker 1922 bracket [Ku, to stand, and nihi, to turn edgeways]; POLLEX/P&E nihi 'standing on edge'	set on edge; standing sideways	Andrews–Parker 1922 ('to set up on edge … to stand sideways')	hele	traditional	False			Transparent compound of two well-identified roots (nihi 'edge' via POLLEX/P&E), one dictionary source. Spelling is pieced together. If P&E gives 'steep, as a ridge', the field becomes ʻāina.	Confirm headword kūnihi (one word, kahakō on ū). Senses: 'set on edge, stand sideways' and/or 'steep, as a mountain ridge'? Any Lit.?						
kūnānā	kū·nānā	A*	021	keep-pending	likely	kūnānā	inferred	unknown	kū#0	nānā#1	transparent	stand looking	Andrews–Parker 1922 bracket [Ku, stand, and nana, to look at]	to stand and watch	Andrews–Parker 1922: 'to stand looking about; to stand and watch'	naʻau	unknown	False			Transparent, one source. Risks: it may be a free verb sequence (kū nānā) rather than a lexical item, and the spelling may belong to the kūlana variant instead. Note nānā#1 (look), not nānā#0 (goat).	Is kūnānā a headword (or only kunana / kūnana as a variant of kūlana)? Exact kahakō. Meaning 'to stand and watch'? Does P&E give a different sense (e.g. 'puzzled, at a loss')?						
kūola	kū·ola	A*	021	keep-pending	likely	kūola	inferred	unknown	kū#0	ola	transparent	stand alive	Andrews–Parker 1922 bracket and definition ('to stand alive and safe')	to come through danger unharmed	Andrews–Parker 1922 ('to escape some great danger … without a scar or blemish')	kanaka	unknown	False		Sense 2 is about coming out of a fight without wounds; mild.	Transparent and attractive, but a single 1922 source with an inferred spelling and no modern use; it may be a free phrase (kū ola) rather than a lexical item.	Is kūola a headword (one word)? Meaning 'to escape danger, survive unscathed'? Any Lit.?						
kūpaʻa	kū·paʻa	A*	021	keep	yes	kūpaʻa	attested	1	kū#0	paʻa	transparent	stand fast	Andrews–Parker 1922 bracket [Ku, to stand, and paa, fast]	steadfast, unshaken in purpose	Andrews–Parker 1922 ('to stand fast morally … unshaken in mind or purpose'); Ka Wai Ola usage	naʻau	traditional	False		Carries political weight (steadfast loyalty to the land and the lāhui, as in the 1893 mele Kaulana Nā Pua: reviewer knowledge, unverified). Positive, but a kumu may want it glossed with that history in mind.	Andrews' analysis plus clear, consistent modern one-word use in two independent modern corpora; both roots unambiguous; transparent; no exclusion concern. Highest degree in the batch (56).	Confirm headword kūpaʻa (one word) and senses 'steadfast, firm, loyal'. Any Lit. ('stand firm')?	https://kawaiola.news/?s=k%C5%ABpa%CA%BBa | https://kawaiola.news/columns/i-mana-i-ka-oiwi/kupaa-i-ka-pono/ | https://kawaiola.news/ea/aole-e-kue-ka-hana-siwila-i-ka-lahui/		keep	kūpaʻa		
kūpoepoe	kū·poepoe	A*	021	doubtful	doubtful	kūpoepoe	inferred	unknown	unresolved	poepoe	partial	fitted round	Andrews–Parker 1922 ('to be fitted round, that is, well furnished')	well furnished, as with much tapa	Andrews–Parker 1922	hana	archaic/obscure	False			Single 1922 source; figurative, obscure sense; kū glossed 'to fit', which is not among kū#0's senses, so the stone identity is unresolved; no modern attestation.	Headword kūpoepoe at all? Meaning 'well furnished / well off; plump'? Is kū here the verb 'to stand' (kū 1) or a kū- prefix (one secondary source claims P&E lists a qualitative/stative kū- prefix)? If a prefix, the word is prefix-built and should go out with the other prefix-led words.						
kūpono	kū·pono	A*	021	keep	yes	kūpono	attested	1	kū#0	pono	transparent	stand right	Andrews–Parker 1922 bracket [Ku, to stand or to fit, and pono, right]; POLLEX PCE *tuu-pono	upright, honest; proper, suitable	POLLEX (P&E): 'Upright, perpendicular, honest, decent, proper, appropriate …'; Andrews–Parker 1922	naʻau	traditional	False			Two independent analyses into exactly these roots, a P&E spelling via POLLEX, heavy modern use, transparent, no exclusion concern.	Spot-check only: headword kūpono, senses 'upright, honest, proper, suitable'; note any Lit.		y	keep	kūpono		
kūpua	kū·pua	A*	021	drop	doubtful	kūpua	inferred	unknown	kū#0	unresolved	partial			to stand together, united	Andrews–Parker 1922	kanaka	archaic/obscure	True	The same letters spell kupua, P&E's 'supernatural being, being with magic powers' (PPN *tupuqa), and Andrews' first sense is 'a sorcerer; a witch; a wizard': DESIGN §4.3 sorcery. Any reader who knows kupua will read the stone pair as that word. | The candidate rests on a homograph mix-up: the well-attested word at this spelling is not a kū + pua compound at all.	kupua (demigods, shape-shifters) are sacred figures of moʻolelo. Showing a 'stand together' gloss on those letters would read as a careless mistranslation.	P&E's word at these letters is kupua, a single morpheme from PPN *tupuqa (supernatural being; Andrews 'sorcerer'). The 'stand together' sense is Andrews-only, its pua sense is not in the dossier, and its spelling would sit next to kupua.	Only to close it out: does P&E have any kūpua (with kahakō) meaning 'to stand together, united', separate from kupua 'demigod'? Expect no.						
kūpuni	kū·puni	A*	021	keep-pending	likely	kūpuni	inferred	unknown	kū#0	puni#0	transparent	stand around	Andrews–Parker 1922 bracket [Ku, to stand, and puni, around]	to stand around, surround	Andrews–Parker 1922	hele	unknown	False		Andrews' example is surrounding an enemy; mild.	Transparent, roots clear (puni#0 'surrounded', PPN *puni, not puni#1 'deceived'), but a single 1922 source, an inferred spelling, and a possible free phrase (kū puni).	Is kūpuni a headword (one word)? Meaning 'to stand around, surround'?						
kūākea	kū·ākea	A*	021	doubtful	doubtful	kūākea	inferred	unknown	kū#0	ākea	transparent	stand openly	Andrews–Parker 1922	to stand openly; be public	Andrews–Parker 1922	kanaka	archaic/obscure	False			Andrews-only, with a bare bracket. The well-attested word at these letters is kuakea (kua + kea, 'foam; bleached white'), so the candidate may be a 19th-century analysis of a phrase (kū ākea) rather than a headword.	Does P&E list a kūākea 'to stand openly, be public' separate from kuakea 'foam; white, bleached'? If not, drop.						
kūʻai	kū·ʻai	W	021	keep-pending	likely	kūʻai	attested	1	kū#0	ʻai	partial		No source gives a literal reading; Wiktionary gives only the parts (to stand + food).	to barter, trade; buy or sell	Wiktionary ('to barter'); Andrews–Parker 1922 ('to barter … kuai mai, to buy … kuai aku, to sell')	hana	traditional	False			Word and spelling are beyond doubt, but the kū + ʻai analysis rests on one uncited Wiktionary line. Andrews, who brackets most compounds, gives none, and POLLEX does not list it. It could be a folk etymology.	Does P&E give an etymology or Lit. for kūʻai (kū + ʻai 'food')? If P&E is silent, treat as unanalysed and drop from the compound list.						
kūʻau	kū·ʻau	A*	021	keep-pending	likely	kūʻau	attested	1	unresolved	ʻau#0	partial		No source gives a literal reading of the handle sense; POLLEX gives only the parts *tuu + *kau.	handle; tapa-beating mallet	Andrews–Parker 1922; POLLEX (P&E) 'stem, stick, mallet, shank of hook'	hana	traditional	False			Spelling is P&E-attested and POLLEX's *tuu-kau supports a two-part analysis for the handle sense. But the root must be ʻau#0 (handle), not ʻau#1 (swim) as the worksheet has it; kū's sense in *tuu-kau is not stated; and the 'stand or swim' sense is a garbled three-part reading.	Confirm kūʻau 'handle, stem, mallet, shank of hook'. Any Lit. or note of kū + ʻau 'handle'? Is 'place inside a reef where one may stand or swim' a separate kūʻau entry? Fix worksheet root_b to ʻau 'handle'.						
kūʻauhau	kū·ʻauhau	W+A	021	keep-pending	likely	kūʻauhau	attested	1	unresolved	ʻauhau	partial	path of lineage	Andrews–Parker 1922 bracket [Ku, shortened form of kuamoo, path, and auhau, lineage] — the kū part is very likely a 19th-century guess; show only if P&E agrees.	genealogy; genealogist	Wiktionary; Andrews–Parker 1922; POLLEX (P&E) 'Genealogist'	kanaka	traditional	False		Genealogy (moʻokūʻauhau) is sacred and high-status knowledge tied to identity and aliʻi lines; gloss with care. The ʻAUHAU stone's everyday sense today is 'tax' (Wiktionary, Andrews), while the genealogical sense comes from its ancestor *kaufau 'ordered recitation'. A card that glosses AUHAU 'tax' beside 'genealogy' would mislead.	Real word, attested spelling, and the split is supported by two sources and by POLLEX's etymon for ʻauhau. But kū is unidentified, possibly a prefix, and the ʻauhau sense used here (recitation, lineage) is not the root's modern 'tax' sense. Both stones need P&E before they can link.	Confirm kūʻauhau 'genealogy; genealogist; to recite genealogy'. Does P&E analyse it (kū + ʻauhau? Lit.?) and say which kū? Does P&E's ʻauhau carry a 'lineage / recitation' sense, or only 'tax, tribute'? Is kū here the verb 'to stand' (kū 1) or a kū- prefix (one secondary source claims P&E lists a qualitative/stative kū- prefix)? If a prefix, the word is prefix-built and should go out with the other prefix-led words.	https://kawaiola.news/columns/lamaku-hookipa/mookuauhau-connecting-across-time/	y	keep-pending	kūʻauhau		
kūʻehu	kū·ʻehu	A*	021	doubtful	doubtful	kūʻehu	inferred	unknown	unresolved	unresolved	partial			to shake off, as dust	Andrews–Parker 1922 sense 4 ('to shake off as dust from a mat')	hele	unknown	False			One source whose bracket gives the second root a sense no dossier homograph has; spelling wholly unconfirmed; kū's sense unknown. If P&E derives it from ʻehu 'dust, spray' ('stir up dust'), it could be revived.	Headword spelling: kuehu, kūehu, kuʻehu or kūʻehu? Senses ('to shake off, toss, stir up, as dust; to brandish')? Does P&E connect it to ʻehu 'spray, dust'?						
kūʻē	kū·ʻē	A	021	keep	yes	kūʻē	attested	1	kū#0	ʻē#1	transparent	stand contrary	Andrews–Parker 1922 ('kue, to stand in a contrary manner')	to oppose, resist, protest	POLLEX (P&E): 'To oppose, resist, protest'; Wiktionary 'to oppose; to resist'	naʻau	traditional	False		The name of the 1897–98 Kūʻē petitions against annexation (UH Mānoa Library collection). Historically charged and honoured; the card should be plain and respectful. The unrelated kue 'to push with the elbows' (Andrews) and kuʻe 'deformed' (POLLEX) are different words and must not be glossed here.	Two independent analyses into exactly kū 'stand' + ʻē 'different'; P&E spelling via POLLEX; heavy modern use; transparent; no exclusion concern.	Spot-check only: headword kūʻē, senses 'to oppose, resist, protest'; note any Lit. ('stand apart / stand different').	https://kawaiola.news/ea/aole-e-kue-ka-hana-siwila-i-ka-lahui/ | https://libweb.hawaii.edu/digicoll/annexation/petition.php					
kūʻēkuene	kūʻē·kuene	A*	022	drop	doubtful	kūʻēkuene	inferred	unknown	unresolved	kuene	opaque			to act as steward; apportion food	Andrews–Parker 1922 s.v. Kuekuene	hana	archaic/obscure	False		kuene also has an Andrews sense 'detraction; slander'. Andrews marks kuene 'steward' as [Mod.].	Most likely a reduplication of kuene. kūʻē 'oppose' contributes nothing to the meaning, so a KŪʻĒ stone would link it falsely to opposition words. The spelling is unsupported and degree is 1.	Low priority. If checked: is there a P&E entry kuekuene, and is it marked as a redup. of kuene?						
kūʻēmaka	kūʻē·maka	A*	022	drop	no	kuʻemaka	attested	1	unresolved	maka#0	transparent	brow of the eye	Andrews–Parker 1922 bracket: [Kue, brow, and maka, eye]	eyebrow	POLLEX (Pukui & Elbert 1986) Kuʔemaka 'Eyebrow'; Andrews–Parker 1922 s.v. Kuemaka	kanaka	traditional	False			Drop the row as split: kūʻē 'oppose' is the wrong root, and a KŪʻĒ stone would tie 'eyebrow' to opposition words. The word itself is sound (kuʻemaka, P&E via POLLEX, PNP *tuke-mata). It could be re-entered as kuʻe·maka with a new kuʻe 'brow' root, but that root would have almost no other words (Andrews' kuemakapali 'brow of a hill' builds on kuemaka).	If re-entering as kuʻe·maka: confirm the headword kuʻemaka 'eyebrow', and whether P&E gives a separate kuʻe 'brow' or a 'Lit.' reading. Otherwise nothing to check for this row.						
kūʻēʻē	kū·ʻēʻē	A*	022	keep-pending	likely	kūʻēʻē	corroborated	1	kū#0	ʻēʻē#0	transparent	to stand adversely	Andrews–Parker 1922 s.v. Ee (adv.): 'kuee, to stand adversely; hence, to oppose'	opposition; to disagree, contend	Andrews–Parker 1922 s.v. Kuee: n. 'Disagreement; dissension; opposition'; v. 'To disagree; to contend in words'	naʻau	traditional	False		None for the compound. ʻēʻē has an unrelated homograph 'armpit' (ʻēʻē#1) and kū is also the god Kū; neither is the sense used.	Plausible two-root compound with one explicit source and one modern use, but P&E is needed to settle whether it is kū + ʻēʻē or a reduplication of kūʻē; degree 39 makes it worth the lookup.	Is kūʻēʻē a headword (exact spelling kūʻēʻē, one word)? Does P&E derive it from kū + ʻēʻē or call it a redup./var. of kūʻē? Sense 'opposition, dissension; to disagree'?						
laekoi	lae·koi	A*	022	drop	doubtful	laekoi	inferred	unknown	lae#0	unresolved	transparent	sharp forehead	Andrews–Parker 1922 bracket: [Lae, forehead, and koi, sharp; projecting]	a sharp, projecting forehead	Andrews–Parker 1922 s.v. Laekoi	kanaka	archaic/obscure	False		It describes a person's features, and could read as a remark on someone's looks.	The second root is mapped to the wrong homograph ('to urge'), the ʻokina is unknown, it has a single 1922 source, and degree is 1.	Low priority. If checked: laekoi or laekoʻi? Is 'koʻi/koi' there 'sharp, projecting' or 'adze'?		y	doubtful	laekoi		
laelua	lae·lua	A*	022	keep-pending	likely	laelua	inferred	unknown	lae#1	lua#0	partial	double projection	Andrews–Parker 1922 bracket: [Lae, projection, and lua, double]	projecting, prominent, as a ridge	Andrews–Parker 1922 s.v. Laelua	ʻāina	archaic/obscure	False		LUA has an unrelated homograph lua#1 'pit; toilet', and lua#0 itself carries the lua fighting art (Andrews: bone-breaking). Neither is the sense used, but a kumu may notice.	Plausible, with a ridge sense that suits the land field, and degree 14. But it rests on one source, the meaning of 'double' is unexplained, and the spelling is inferred. sense_a is lae#1 because Andrews glosses lae 'projection ... a brow of a hill; a cape'. POLLEX ties forehead and promontory to the same *laqe, so the lae#0/#1 split may be artificial.	Is laelua in P&E? Sense 'projecting, prominent, as a ridge'? Does P&E give a 'Lit.' reading, and does it take lae as 'forehead' or 'headland'?						
lanaau	lana·au	A*	022	keep-pending	likely	lanaau	inferred	unknown	lana#0	au	transparent	float on the current	Andrews–Parker 1922 bracket: [Lana, to float, and au, current]	to drift with the current	Andrews–Parker 1922 s.v. Lanaau	hele	archaic/obscure	False			A transparent, apt word with confirmed roots, but there is a single 1922 source and P&E is needed for its existence and form. Note: au also spells the pronoun 'I' (grammatical) and lana#1 'frog' is a borrowing; neither is used here.	Is lanaau in P&E, as one word or two? Sense 'to float with the current'? Is au here 'current'?						
lapuwale	lapu·wale	A	022	doubtful	yes	lapuwale	attested	1	lapu	unresolved	partial	merely a ghost; a ghost of a thing	Andrews–Parker 1922 s.v. Lapuwale: v. [Lapu, ghost, and wale, only]; n. 'Lit. A ghost of a thing'	worthless; vanity, foolishness	Wiktionary lapuwale 'vanity; good-for-nothing; worthless'; Andrews–Parker 1922 'foolish; worthless'	naʻau	traditional	True	The second root is the postposed particle wale 'only, just', which is grammatical. The ROOTS.md screen drops compounds with a grammatical root. | The root list's WALE is wale 'any bodily secretion or mucus including phlegm, saliva', which is borderline excretory. Linking lapuwale to that stone would be both wrong and unwelcome.	lapu is the ghost or apparition of the dead (Andrews: 'the appearance of the supposed spirit of a deceased person').	A real, well-attested word with a beautiful literal reading ('merely a ghost'). It is held back only by the design question of whether a particle may be a stone. If it is admitted, it needs its own WALE 'only' stone, distinct from wale 'mucus'. As mapped it would link to the mucus root, so it must not ship as is.	Confirm the headword lapuwale (one word). Does P&E give 'Lit., merely a ghost' or similar, and analyse wale as the particle 'only, just'?						
lauala	lau·ala	A*	022	doubtful	doubtful	lauala	inferred	unknown	lau#0	unresolved	partial	rising leaves	Andrews–Parker 1922 bracket: [Lau, leaves, and ala, rising]	fresh, mature taro leaves	Andrews–Parker 1922 s.v. Lauala	ulu	archaic/obscure	False			Two competing words share this spelling in Andrews (taro leaves; pandanus = lauhala). The ALA sense is unresolved among four or more homographs, and there is no modern attestation. It is degree 18, but the analysis is not trustworthy.	Is there a P&E entry lauala (or lau ʻala, lau ala) meaning 'taro leaves', and which ala? Or is lauala only a variant of lau hala? If it is only the variant, drop it.						
lauhala	lau·hala	A	022	keep	yes	lau hala	attested	either	lau#0	hala#1	transparent	pandanus leaf	Wiktionary etymology (surface analysis lau 'leaf' + hala 'screwpine'); Andrews–Parker 1922 bracket	pandanus leaf, for plaiting	POLLEX (Pukui & Elbert 1986) 'Pandanus leaf, especially as used in plaiting'; Wiktionary	ulu	traditional	False		HALA has an unrelated homograph hala#0 'sin, error; to pass away, die'. Make sure the HALA stone is the pandanus root only.	An inherited compound (PNP *lau-fala) confirmed by P&E via POLLEX, Wiktionary and Andrews; transparent, culturally central, no exclusion concern. The only open point is the caption's word break.	Confirm the P&E headword spelling 'lau hala' (two words) versus 'lauhala'. Is there a 'Lit.' reading? Field note: placed in ulu (plant); hana (plaiting) also fits.			keep	lau hala		
lauhalalana	lauhala·lana	A*	023	doubtful	doubtful	lauhala lana	inferred	unknown	lauhala	lana#0	partial	floating pandanus	Andrews–Parker 1922 bracket '[Lauhala, pandanus, and lana, floating]'.	wanderers who never stay long	Andrews–Parker 1922 s.v. Lauhalalana, sense 2: 'epithet applied to those who do not stay long in any place'.	kanaka	unknown	False		An epithet for people who move about. It may be pejorative, which a kumu should judge. lana has a borrowed homograph lana#1 'frog' (from Latin), not used here.	Three parts, and the first 'root' is itself a two-word compound in P&E's spelling. The meaning is an Andrews-only epithet. It would not sit on two stones as one root each.	Is lauhalalana (or lau hala lana) in P&E? If so, spelling and spacing, and is the 'migratory people' sense neutral or disparaging?	https://pollex.eva.mpg.de/entry/lau-fala/	y	drop	lauhalalana		
lauhiʻu	lau·hiʻu	A*	022	drop	no	laukahiʻu	inferred	unknown	lau#0	hiʻu	partial			long-tailed shark	Andrews–Parker 1922 s.v. Laukahiu, sense 1	kai	archaic/obscure	False		Sense 2 is the name of a shark-god (an ʻaumakua-type figure). That is sacred and a proper name, so it needs care even though sense 1 is a common noun.	The candidate word does not exist as spelled. The source word laukahiu has three parts (lau + ka + hiʻu) with an article, and one of its two senses is a deity name.	None needed for this row. Optional: is laukahiʻu a P&E entry (shark sp.)?						
lauhoe	lau·hoe	W	022	keep	yes	lauhoe	attested	1	lau#0	hoe	transparent	leaf of the paddle	Wiktionary etymology: lau ('leaf') + hoe ('paddle')	blade of a paddle	Wiktionary lauhoe (noun); Andrews–Parker 1922 'Paddle blade'	hana	traditional	False			Attested spelling, two sources for the noun's meaning, and a transparent, vivid image (the blade as the paddle's leaf); fits the canoe field. The card must show the noun sense with lau#0. The verb 'to paddle together' uses lau 'many' and would contradict the LAU-leaf stone.	Confirm the headword lauhoe (one word), noun 'paddle blade'. Is there a 'Lit.' reading? Does P&E derive the verb 'to paddle together' from lau 'many' (as Wiktionary does)?						
laukanaka	lau·kanaka	A*	022	keep-pending	likely	laukanaka	inferred	unknown	lau#1	kanaka	transparent	many people	Andrews–Parker 1922 bracket: [Lau, many, and kanaka, people]	a populous place	Andrews–Parker 1922 s.v. Laukanaka: 'A place of people; where many people live'	kanaka	unknown	False			Transparent and nicely paired (laukanaka ʻole, a lonely place), but there is a single 1922 source and the spelling and word break are inferred.	Is laukanaka in P&E (one word)? Sense 'populous; many people'? Is lau there 'many'?						
laukoa	lau·koa	A*	022	keep-pending	likely	laukoa	inferred	unknown	lau#0	koa#0	transparent	koa leaf	Andrews–Parker 1922 bracket: [Lau, leaf, and koa, a tree]	leaf of the koa tree	Andrews–Parker 1922 s.v. Laukoa, n. sense 1	ulu	unknown	False			High degree (20), confirmed roots and a transparent reading, but it rests on one source and may only be a phrase. Do not show 'table knife' (19th-century, and the reason for the name is not sourced) or the unrelated 'hatched' verb.	Does P&E list laukoa or 'lau koa' as an entry? With what senses (koa leaf / table knife / hatched, fledged)? If there is no entry, drop it as a free phrase.						
laukonakona	lau·konakona	A*	023	doubtful	doubtful	laukonakona	inferred	unknown	unresolved	unresolved	partial			to despise; to be exasperated	Andrews–Parker 1922 s.v. Laukonakona: '1. To despise; to contemn... 2. To be disgusted; to be exasperated'.	naʻau	unknown	False		A word for contempt and disgust; not an insult in itself, but a dour card for a warm piece.	lau is unexplained by the only source, and the konakona it uses is Andrews' 'contemptible, undesirable' homograph, which is not the dossier's konakona ('rough, uneven; muscled'). The stones could not be named honestly without Pukui & Elbert.	Is laukonakona a P&E headword? If so, what does P&E make of lau (analysis or 'Lit.')? Does P&E's konakona include 'contemptible / despised' as a separate entry from konakona 'rough; muscular'?						
laukī	lau·kī	A*	023	keep-pending	likely	lau kī	corroborated	2	lau#0	kī#0	transparent	leaf of the ti plant	Andrews–Parker 1922 bracket '[Lau, leaf, and ki, the ti plant]'.	ti leaf	Andrews–Parker 1922 s.v. Lauki: 'The leaf of the ti plant.'	ulu	traditional	False		Ti leaf has ritual and protective uses (reviewer knowledge, unverified). Nothing that needs care at card level. kī also has borrowed homographs (kī 'key', kī 'tea'), but this compound uses the native kī#0.	Transparent and almost certainly real, but only Andrews attests it. Whether P&E lists it at all (headword or sub-entry, not just a phrase) and with what word break has to be confirmed.	Is 'lau kī' a P&E headword or sub-entry (under lau or kī), and is it written as two words? Note any cross-reference to lāʻī (Andrews: 'Lai [contraction of lau kī]').		y	keep-pending	lau kī		
laukō	lau·kō	A*	023	keep-pending	likely	lau kō	inferred	unknown	lau#0	kō#0	transparent	leaf of the sugar cane	Andrews–Parker 1922 bracket '[Lau, leaf, and ko, sugar-cane]'.	sugar cane leaf	Andrews–Parker 1922 s.v. Lauko: 'The leaf of the sugar cane'.	ulu	traditional	False		kō has a homograph kō#1 'to become pregnant; to come to pass', which this word does not use. Nothing sensitive.	Transparent and plausible, but Andrews is the only source. P&E has to confirm that it is listed as an item, and how it is spelled and split.	Does P&E list lau kō / laukō (headword or sub-entry)? One word or two? Andrews says it is 'also called lao'. Does P&E give lao as the cane-leaf word instead?						
laulama	lau·lama	A*	023	keep-pending	likely	laulama	inferred	unknown	lau#1	lama#0	transparent	a great number of torches	Andrews–Parker 1922 bracket '[Lau, a great number and lama, torch]'.	many torches at night	Andrews–Parker 1922 s.v. Laulama.	lani	unknown	False		lama has a borrowed homograph lama#2 'rum; intoxicating drink', which is not the root used here. The stone must be the native lama#0 'torch'.	Transparent ('many + torch') and plausible, but attested only by Andrews. P&E has to confirm the word and whether it carries a sense beyond the literal one.	Is laulama in P&E? Gloss: only 'many torches', or also a figurative sense (cooperation, group effort)? Does P&E's analysis use lau 'many' (not lau 'leaf')?						
laulele	lau·lele	A*	023	doubtful	likely	laulele	inferred	unknown	lau#0	lele	opaque		Andrews' 'leaf + to spring' does not explain any of the four senses, so no literal reading is offered.	self-sown plant eaten in famine	Andrews–Parker 1922 s.v. Laulele, sense 4: 'A plant self propagated, but eaten for food in time of scarcity'.	ulu	unknown	False		Two of Andrews' senses (turnip, dandelion) are introduced plants, so the word may have been reapplied to introduced species in the 19th century.	The senses scatter (introduced turnip, dandelion, a net, a famine plant), and the 'leaf + leap' reading is not shown to be how the word is understood. The card's gloss and parts row could not be settled from the sources. It has high degree (27), so it is worth the P&E lookup.	Is laulele in P&E? Which plant (scientific name), and is it native or introduced? Is the net sense there? Does P&E give a 'Lit.' reading supporting lau 'leaf' + lele 'leap'?						
lauleʻa	lau·leʻa	A	023	drop	likely	lauleʻa	attested	1	unresolved	leʻa#0	partial		Andrews gives no meaning for lau, so there is no literal reading.	peace, friendship; happy, peaceful	Wiktionary lauleʻa ('peace, happiness; happy, glad, peaceful'); Andrews–Parker 1922 ('Peace; friendship').	naʻau	traditional	True	root leʻa#0 has a sexual sense: Wiktionary 'orgasm'; Andrews–Parker Lea n. 2 'Sexual gratification' (DESIGN §4.3: any sexual sense of the word or a root excludes)	The compound itself is warm and innocent. The exclusion comes only from the root's other sense, which would sit alone on a LEʻA stone.	Excluded under §4.3 because root leʻa has a sexual sense (Wiktionary and Andrews agree), and the automated screen missed it. The lau part is unexplained in any case. If a kumu decides that the rule should not reach a root's other senses, it returns as keep-pending.	Only if the exclusion is revisited: confirm the headword lauleʻa and its sense 'peace, friendship', and record what P&E says lau is here.	https://wehiolelo.org/?q=lauleʻa					
laulima	lau·lima	A*	023	keep	yes	laulima	attested	1	lau#1	lima	transparent	many hands	Andrews–Parker 1922 bracket '[Lau, many, and lima, hands]'.	working together, many hands	Andrews–Parker 1922 s.v. Laulima ('a company of men who worked together...'); the modern Hawaiian Wikipedia sentence uses it for working together.	hana	traditional	False			Andrews' analysis plus clear modern use, and the spelling is in current reputable use (UH). It is transparent, uses lau 'many' rather than 'leaf', and raises no exclusion concern. The stone must be lau#1, so it links only to lau 'many' words.	Confirm the headword laulima, P&E's gloss (cooperation / group working together) and whether P&E gives 'Lit., many hands'.	https://laulima.hawaii.edu/portal | https://wehiolelo.org/?q=laulima		keep	laulima		
laulole	lau·lole	A*	023	doubtful	likely	laulole	inferred	unknown	lau#0	lole	transparent	cloth-leafed	Andrews–Parker 1922 s.v. Laulole: 'Cloth-leafed'.	cloth-leafed (of the mulberry)	Andrews–Parker 1922 s.v. Laulole.	ulu	19th-century coinage	False		Andrews glosses lole as 'cloth, particularly foreign cloth'. The 'mulberry' may be the true mulberry introduced for silk, not wauke, so 'cloth-leafed' may be a 19th-century epithet. Register is inferred, not sourced.	An adjectival epithet attested only in Andrews, used in one phrase ('laau laulole'). It may name an introduced tree, and nothing shows modern currency. Even if it exists, it teaches little on a card.	Is laulole in P&E? Which 'mulberry' (wauke / Broussonetia, or introduced Morus)? Is it an adjective only?		y	doubtful	laulole		
laumake	lau·make	A*	023	keep-pending	likely	laumake	inferred	unknown	lau#0	make	transparent	leaf of death	Andrews–Parker 1922 bracket '[Lau, leaf, and make, death]'.	poisonous plant; dead leaf	Andrews–Parker 1922 s.v. Laumake, senses 1 and 2.	ulu	unknown	False		Death and poison. Andrews' asterisk on 'dead leaf' is unexplained. The weapon-point sense (3) is martial. It is not sorcery as sourced, but poisonous plants can touch on poisoning or sorcery practice. A kumu should see it.	Transparent and plausible, but Andrews-only. P&E has to confirm that it exists, its word break, and which sense to show (the gentler 'dead leaf', if P&E has it).	Is laumake / lau make in P&E (one word or two)? Which senses: poisonous plant, dead leaf, weapon point? Is there any sorcery association?						
laumanamana	lau·manamana	A*	023	doubtful	likely	laumanamana	inferred	unknown	lau#0	manamana#1	transparent	divided leaf	Andrews–Parker 1922 bracket '[Lau, leaf, and manamana, divided]'; Andrews' manamana adj. 'branching... divided; split' matches Wiktionary manamana#1 'branches'.	potato variety with divided leaves	Andrews–Parker 1922 s.v. Laumanamana.	ulu	traditional	False			A cultivar name, which is close to a proper name. Its only gloss ('a variety of potato') teaches little, and Andrews' 'potato' does not say whether it means sweet potato (ʻuala) or introduced Irish potato. It depends on P&E listing it.	Is laumanamana in P&E? A variety of sweet potato, or of Irish potato? Does P&E keep the 'divided leaf' reading?						
laupapa	lau·papa	A*	023	keep-pending	yes	laupapa	attested	1	unresolved	papa#0	partial	broad flat surface	POLLEX: PPN *lau-papa 'broad flat surface'. The lau is filed under PPN *lau 'surface area, expanse, breadth' (with laulā 'broad'), not *lau 'leaf'. Andrews' 'lau, leaf' looks like a 19th-century guess.	broad flat of reef or lava	POLLEX < Pukui & Elbert 1986: 'Broad, flat (of coral, lava, reef)'; Andrews–Parker 1922 'A broad smooth plane'.	ʻāina	traditional	False		Andrews derives the place name Kalaupapa from it. Kalaupapa was the Hansen's disease settlement where patients were forcibly isolated (reviewer knowledge, unverified at the source level). The card should stay with the landform and not gesture at the place.	The word and its spelling are confirmed (P&E via POLLEX, plus Andrews), but which root lau is matters. POLLEX puts it under *lau 'breadth, expanse', which is neither of the dossier's homographs (lau#0 leaf, lau#1 many). Making it a LAU 'leaf' stone would put Andrews' guess on the parts row. It needs a glossary decision: either a third lau 'breadth' (shared with laulā) or no parts row.	Does P&E give a 'Lit.' reading for laupapa, and what is lau there ('leaf', or 'broad, expanse')? Confirm the sense 'broad, flat (of coral, lava, reef)'.	https://pollex.eva.mpg.de/entry/lau3/ | https://pollex.eva.mpg.de/entry/lau-papa/					
lauwili	lau·wili	A*	023	keep-pending	likely	lauwili	inferred	unknown	lau#0	wili	partial	leaves twisting in the wind	Andrews–Parker 1922 bracket '[Lau, leaf, and wili, to turn; to twist, as leaves affected by the wind]'.	whirling about; fickle, changeable	Andrews–Parker 1922 s.v. Lauwili, senses 1–3.	naʻau	unknown	False		Andrews' entry for the root wili includes the phrase 'Mai wili, gonorrhea'. That belongs to the phrase maʻi wili, not to wili alone, so it is not flagged, but the reviewer should know. Senses 2–3 describe character faults (fickle, double-tongued), which is mild.	A transparent image (wind-turned leaves leading to fickleness), plausible, but Andrews is the only source. P&E has to confirm the word and its senses.	Is lauwili in P&E? Senses: whirling (wind) and fickle or unstable? Does P&E give 'Lit.' with lau 'leaf' + wili 'twist'?						
lauʻulu	lau·ʻulu	A*	023	keep-pending	likely	lau ʻulu	inferred	unknown	lau#0	ʻulu	transparent	leaf of the breadfruit tree	Andrews–Parker 1922 bracket '[Lau, leaf, and ulu, the breadfruit tree]'.	breadfruit leaf	Andrews–Parker 1922 s.v. Lauulu, sense 1.	ulu	traditional	False			Transparent and plausible, with a good figurative second sense, but Andrews-only. P&E has to confirm the item, its spelling (ʻokina) and its word break.	Is lau ʻulu / lauʻulu in P&E? One word or two? Is the 'indistinctly heard word' sense there?						
lawaiʻamanu	lawaiʻa·manu	A*	023	keep-pending	likely	lawaiʻa manu	inferred	unknown	lawaiʻa	manu	transparent	bird-fisher	Andrews–Parker 1922 bracket '[Lawaia, to fish, and manu, a bird]'.	bird catcher, fowler	Andrews–Parker 1922 s.v. Lawaiamanu: 'A hunter and catcher of birds; a fowler.'	hana	traditional	False			Transparent and evocative (bird-catching as fishing), but Andrews-only. The word break is unknown. Degree 1 makes it a low priority for the board.	Is lawaiʻa manu / lawaiʻamanu in P&E? One word or two? Gloss 'bird catcher'?		y	keep	lawaiʻa manu		
lawakua	lawa·kua	A*	023	keep-pending	likely	lawakua	inferred	unknown	unresolved	kua#0	transparent	bind on the back	Andrews–Parker 1922 bracket '[Lawa, to bind, and kua, back]'.	to bind fast on the back	Andrews–Parker 1922 s.v. Lawakua.	hana	unknown	False			Plausible and transparent, but Andrews-only. The lawa it uses ('bind', PPN *lawa.2) is not in the dossier's homograph list, which has only lawa 'sufficiency', so a new glossary root is needed. Degree 0: it cannot turn on the board as things stand, so it is a low priority for the P&E check.	Is lawakua in P&E? Confirm the sense 'bind tightly on the back' and that lawa here is lawa 'to bind'.	https://pollex.eva.mpg.de/entry/lawa.2/					
lawehala	lawe·hala	A	023	keep	yes	lawehala	attested	1	lawe	hala#0	transparent	carrying an offense	Andrews–Parker 1922: bracket '[Lawe, to bear, and hala, an offense]'; adj. 'Sin-carrying'.	wrongdoing, sin; to transgress	Wiktionary lawehala ('evil; sin; offense; to sin'); Andrews–Parker 1922 ('To transgress').	naʻau	traditional	False		Moral and religious vocabulary, used heavily in Christian texts (the Lord's Prayer in the Hawaiian Wikipedia sentences). hala#0 also means 'to pass away, to die'. Present 'sin' plainly, without preaching. Register 'traditional' is a judgment: hala 'error, offense' is inherited (PPN *sala), but this compound's currency may owe much to missionary usage.	Andrews' analysis, a Wiktionary headword and modern use agree. The spelling is attested, it is transparent, and there is no exclusion concern. The stone is hala#0 'offense', not hala#1 'pandanus', so it must not link to lau hala.	Confirm the headword lawehala (one word), P&E's gloss (sin, sinner; to sin) and any 'Lit.' (e.g. 'carry sin').						
lawehana	lawe·hana	A*	023	keep-pending	likely	lawehana	inferred	unknown	lawe	hana#0	transparent	bearing work	Andrews–Parker 1922 bracket '[Lawe, to bear, and hana, work]'.	worker, laborer	Andrews–Parker 1922 s.v. Lawehana: 'a workman; a laborer'.	hana	traditional	False		hana has a homograph hana#1 'warm', which this word does not use.	Transparent and plausible, and degree 11 makes it useful, but Andrews is the only source reached. P&E should confirm it quickly.	Confirm lawehana in P&E (one word), gloss 'laborer, worker', and any 'Lit.'.	https://wehiolelo.org/?q=lawehana					
lawelua	lawe·lua	A*	023	doubtful	doubtful	lawelua	inferred	unknown	unresolved	lua#0	partial		Andrews' 'tie + double' depends on a sense of lawe that is not otherwise attested, so no reading is offered.	to bind twice; act impartially	Andrews–Parker 1922 s.v. Lawelua, senses 1–2.	hana	unknown	False		lua has a homograph lua#1 'pit; toilet', and Andrews' lua entries mix in the bone-breaking fighting art. This word uses lua#0 'two, double'.	The analysis rests on 'lawe, to tie', which no other source supports. It may be a variant of, or confused with, hawele-based 'tie' words. Its degree (17) makes a P&E look worthwhile.	Is lawelua in P&E? Is it analysed as lawe + lua, and does lawe there mean 'to tie'? Senses: bind twice or tightly; impartial?						
laweola	lawe·ola	A*	023	keep-pending	likely	laweola	inferred	unknown	lawe	ola	transparent	taking life	Andrews–Parker 1922 bracket '[Lawe, take, and ola, life]'.	manslaughter; taking life unintentionally	Andrews–Parker 1922 s.v. Laweola, n. and v. sense 1.	kanaka	unknown	False		Homicide. 'Without malice' reads like the language of 19th-century Western-style law, so it may be a legal coinage (not sourced). The word break changes the meaning from 'take life' to 'take alive'. A kumu should decide whether such a card belongs in a quiet piece.	Plausible and transparent, but Andrews-only, with a sense-dependent word break and a heavy subject. P&E has to settle whether it exists and how it is spelled. Curate it with care even if confirmed.	Is laweola in P&E? One word for 'manslaughter' versus 'lawe ola' for 'take alive'? Is it marked as a legal term?						
lawewale	lawe·wale	A*	024	drop	doubtful	lawe wale	inferred	unknown	lawe	unresolved	transparent	take without reason	Andrews–Parker 1922 bracket [Lawe, to take, and wale, without reason]	to take without right; extort	Andrews–Parker 1922, Lawewale v. and n.	kanaka	traditional	True	The second element is the grammatical postposed particle wale ('only; without cause'), not a content root (§4.3 grammatical). | The dossier's only WALE root is 'bodily secretion, mucus, phlegm, saliva'. That is borderline excretory under §4.3, and the stone would contradict the card either way.	Describes seizure of property by chiefs (Andrews). Mild.	Verb plus particle, not a two-root compound. The WALE stone in the root list means mucus or secretion.	Is 'lawe wale' a P&E sub-entry (one word or two)? If wale there is the particle 'without cause', confirm drop.		y	drop	lawewale		
laʻamake	laʻa·make	A*	024	keep-pending	likely	laʻamake	inferred	unknown	unresolved	make	partial	season of dying	Built from Andrews–Parker 1922 Laa n. 'time of; season' and Make 'death; to die'. Andrews' own bracket reads 'devoted to death', which does not match the definition.	season when plants die back	Andrews–Parker 1922, Laamake: 'time when vegetables generally die or dwindle'	hele	archaic/obscure	False		Contains make (death). The dossier's laʻa root is 'sacred; doomed'. Show only the seasonal sense; never the 'devoted to death' bracket.	One source, plausible, with an antonym pair (laʻaulu). The spelling, the word break and which laʻa it uses all depend on P&E.	Is there a headword laʻamake or 'laʻa make' (and laʻaulu or 'laʻa ulu')? Does P&E have a laʻa meaning 'season, time', and how is it spelled (laʻa, lāʻā …)? Is the sense 'season when vegetation dies or is dormant'? Any Lit.?	https://guides.library.kapiolani.hawaii.edu/apdl/oahu/months					
laʻaua	laʻa·ua	A*	024	doubtful	doubtful	laʻaua	inferred	unknown	unresolved	ua	partial	season of rain	Built from Andrews–Parker 1922 Laa n. 'time of; season' and the n. bracket's 'ua, rain'	time of rain	Andrews–Parker 1922, Laaua n.	hele	archaic/obscure	False		The same spelling's other sense, 'devoted to destruction for breaking kapu', is about kapu punishment and death. A reader who knows it would see it.	Two conflicting Andrews analyses. The rain reading rests on a laʻa sense the root list lacks, and the other homograph is laʻa plus the perfect-tense particle ua with a kapu-death meaning.	Does P&E list laʻaua or 'laʻa ua' as 'rainy season'? Does it carry the 'devoted to destruction' sense? Same laʻa 'season' question as laʻamake.						
laʻaulu	laʻa·ulu	A*	024	keep-pending	likely	laʻaulu	inferred	unknown	unresolved	ulu#0	partial	season of growth	Built from Andrews–Parker 1922 Laa n. 'time of; season' and the bracket's 'ulu, growth'. The bracket itself reads 'devoted or set aside'.	season when plants grow fast	Andrews–Parker 1922, laaulu: 'a time when vegetables spring or grow fast'	hele	archaic/obscure	False			One source, plausible, paired with laʻamake. The spelling, the word break and the laʻa sense need P&E. Degree 2, so a low priority.	Headword laʻaulu or 'laʻa ulu'? 'Season of growth'? Which laʻa (spelling and sense)?						
lehuahi	lehu·ahi	A*	024	keep	yes	lehu ahi	attested	2	lehu	ahi	transparent	fire ash	UH HIGP list reproducing P&E ('Lit., fire ash'); Ka Wai Ola gloss; Andrews bracket [lehu, ashes + ahi, fire]	ashes left by a fire	Andrews–Parker 1922 'the remnants of fire; ashes'; UH HIGP list 'Ashes'	ʻāina	traditional	False			Three sources agree on the word and the analysis, and modern spelling is attested as two words.	Confirm the headword spelling 'lehu ahi' (two words; the UH OCR reads 'lehua ahi') and Lit. 'fire ash'.	https://www.higp.hawaii.edu/~scott/Kahua_Ao_geology/Pohaku_words.pdf | https://kawaiola.news/moomeheu/moolelo/hill-of-the-whale/		keep-pending	lehuahi	keep	Andrews prints the headword (OCR 'Lehuahl', pronunciation le'-hu-a'-hi): [Lehu, ashes, and ahi, fire] 'the remnants of fire; ashes'. The UH Mānoa HIGP list titled 'Puke Wehewehe ʻōlelo Hawaiʻi (Pukui/Elbert)' has 'lehua ahi 1. Ashes; Lit., fire ash'. The extra 'a' is a typing or OCR slip: the entry sits in letter-by-letter order between lehua and lehu ane, and 'fire ash' fits only lehu. Ka Wai Ola (OHA, 1 Oct 2025) writes 'its fiery lehu ahi (fire ash)'. So it is a P&E (sub)entry, written as two words, with a Lit. The second reader found neither source and so left the form joined and the break unknown.
leialiʻi	lei·aliʻi	A*	024	keep-pending	yes	lei aliʻi	corroborated	2	lei	aliʻi	transparent	lei of a chief	Andrews–Parker 1922: 'a king's lei'; bracket [Lei and alii, a chief]	crown; diadem; lei of a chief	Andrews–Parker 1922, Leialii	hana	unknown	False		Royal regalia. Also occurs as a personal name and as a title on non-official sites. Not mainly a proper name.	Compound is solid, but the two-word spelling is only corroborated by Hawaiian Wikipedia, not attested by P&E or a reputable source.	Is 'lei aliʻi' a P&E sub-entry (two words)? Gloss 'crown, chiefly lei'? Any Lit.?						
leihala	lei·hala	A*	024	keep	yes	lei hala	attested	2	lei	hala#1	transparent	wreath of pandanus	Andrews–Parker 1922 bracket [Lei, wreath, and hala, the pandanus]	lei of hala (pandanus) fruit	Andrews–Parker 1922, Leihala 1; Ka Wai Ola	hana	traditional	False		hala also means 'to pass away, die; to err, sin' (hala#0). The lei hala carries beliefs about endings: unlucky at beginnings (weddings, house blessings, new ventures), proper at completions, graduations and New Year (Ka Wai Ola; Bishop Museum). Keep the card neutral, about the lei only. The eel sense is harmless.	Andrews analysis plus consistent modern two-word use in a reputable source. No exclusion. Sensitivity noted for the kumu read.	Confirm 'lei hala' (two words) as a P&E entry or sub-entry with the sense 'lei of pandanus fruit'. Does P&E note the eel sense?	https://kawaiola.news/columns/ka-naauao-o-na-kupuna/the-pandanus/ | https://blog.bishopmuseum.org/nupepa/omens-associated-with-hala-lei/	y	keep	lei hala		
lelehuna	lele·huna	A*	024	keep	yes	lelehuna	attested	1	lele	huna#0	transparent	flying particles	Andrews–Parker 1922 bracket [Lele, to fly + huna, a minute part]	fine windblown spray or mist	UH SOEST list (from P&E): 'fine windblown rain spray, dust, mist'	lani	traditional	False		Andrews lists 'the private parts; kahi huna' under huna n. 3, derived from huna 'to hide'. That is the homograph huna#1, not the huna#0 'particle' used here. Raise it at the kumu read in case a reader links the HUNA stone to that euphemism.	Two sources attest the word, and the P&E-derived list confirms the spelling and a transparent weather sense. The genital euphemism belongs to a homograph, not the root used.	Confirm the headword 'lelehuna' (variant lelehune) and the sense 'fine windblown spray, mist'. Does P&E also give Andrews' 'anything extremely small', and a Lit.?	https://www.soest.hawaii.edu/met/NewPDFs/HawaiianWeatherTerms.pdf					
lelehāuli	lele·hāuli	A*	024	doubtful	doubtful	lelehāuli	inferred	unknown	lele	unresolved	partial	breath flying away	Andrews–Parker 1922 bracket [Lele, to fly away … hauli, spirit, life, breath]	loss of breath; astonishment, fear	Andrews–Parker 1922, lelehauli 1–2	naʻau	archaic/obscure	False		The mapped root hāuli also means 'bruise' (injury). Mild.	Three-part etymology, and the second root as glossed by Andrews matches no root in the list. The split's hāuli 'dark' is the wrong sense.	Does P&E have lelehauli or lelehāuli? Is the second part hauli 'breath, spirit' or hāuli 'dark'? What spelling and Lit.?						
lelemū	lele·mū	A*	024	drop	likely	lelemū	inferred	unknown	lele	mū#2	transparent	rush upon, as the mū does	Andrews–Parker 1922 bracket	to seize someone for sacrifice	Andrews–Parker 1922, lelemu	naʻau	archaic/obscure	True	Belongs to the human-sacrifice rites of heiau dedication: a death ritual, the closest §4.3 category being sorcery or death-prayer. | The root sense used, mū 'procurer of sacrificial victims', is itself of that domain.	Human sacrifice. Not for a casual card.	Sacrificial-killing vocabulary falls within the spirit of §4.3's sorcery and death-prayer exclusion.	Low priority. Confirm drop. Only check if the team wants the record complete.						
lelepali	lele·pali	A*	024	doubtful	doubtful	lelepali	inferred	unknown	lele	pali	transparent	leap down a precipice	Andrews–Parker 1922 bracket	to leap down a cliff	Andrews–Parker 1922, lelepali	hele	archaic/obscure	False		Andrews' only sense ties the word to suicide. Even 'to leap down a cliff' would need care, or omission, at the kumu read.	Probably a free phrase, attested only by Andrews, and its documented sense is suicide.	Is 'lele pali' or lelepali a P&E entry at all? If so, is its sense suicide or cliff-leaping generally?						
lelepono	lele·pono	A*	024	keep-pending	likely	lelepono	inferred	unknown	lele	pono	partial	fly rightly	Andrews–Parker 1922 bracket [Lele, to leap or fly + pono, right]	to prosper; to fare well	Andrews–Parker 1922, lelepono 1: 'to live prosperously; to be blessed in one's business'	naʻau	archaic/obscure	False		Sense 2 is 'to die happily'. Show sense 1 only.	One plausible source. P&E is needed to confirm the word exists, its break and its meaning.	Is lelepono or 'lele pono' in P&E? With what senses (prosper / die well)? Any Lit.?						
leleʻio	lele·ʻio	A*	024	drop	no	leleʻio	inferred	unknown	lele	unresolved	partial			to die suddenly	Andrews–Parker 1922, leleio	kanaka	archaic/obscure	True	The second element is an adverbial intensifier ('really'), grammatical rather than a content root (§4.3). | The candidate's ʻIO stone (hawk) is the wrong root, so its card would teach something false.	The only sense is sudden death.	Mis-split: the Andrews etymology is lele + an intensifier, not lele + ʻio (hawk). The sense is death.	Optional. Is there leleʻiʻo or leleʻio 'to die suddenly'? Confirm it has nothing to do with ʻio, the hawk.		y	drop	leleʻiʻo		
leleʻōpeʻapeʻa	lele·ʻōpeʻapeʻa	A*	024	keep-pending	likely	leleʻōpeʻapeʻa	inferred	unknown	lele	ʻōpeʻapeʻa	transparent	fly like a bat	Andrews–Parker 1922 bracket and definition	to flutter like a bat	Andrews–Parker 1922, leleopeapea	hele	archaic/obscure	False			One plausible source. Spelling and break need P&E. Design caveat: ʻŌPEʻAPEʻA is 10 characters and 6 morae, too long for a 1.5-wide slab, and a reduplicated derivative (Wiktionary: reduplication of peʻa) rather than a simple root.	Does P&E have leleʻōpeʻapeʻa or 'lele ʻōpeʻapeʻa' ('to flutter like a bat')? Exact spelling?						
leopaʻa	leo·paʻa	A*	024	keep-pending	likely	leopaʻa	inferred	unknown	leo	paʻa	transparent	voice held fast	Andrews–Parker 1922 bracket [Leo, voice + paa, tight, fast]	one whose voice is stopped	Andrews–Parker 1922, Leopaa 1	naʻau	unknown	False		A disability term. Andrews' English 'a dumb person' is dated and must not appear. If kept, word the card respectfully (as above).	Plausible, transparent compound from one source. Its existence, spelling and break need P&E. High degree (19), so worth the lookup.	Is leopaʻa or 'leo paʻa' in P&E? One word or two? Sense: mute, or also hoarse or choked voice? Any Lit.?			keep-pending	leopaʻa		
leowaena	leo·waena	A*	024	keep-pending	likely	leowaena	inferred	unknown	leo	waena	transparent	middle voice	Andrews–Parker 1922 bracket	middle voice in part-singing	Andrews–Parker 1922, Leowaena: 'the middle voice in music; a second treble'	naʻau	19th-century coinage	False			Transparent, one source. The register is probably 19th-century Western part-singing (a reviewer inference). Spelling and break need P&E.	Is 'leo waena' or leowaena in P&E (music: alto or second soprano)? One word or two?						
leowahine	leo·wahine	A*	024	keep-pending	likely	leo wahine	corroborated	2	leo	wahine	transparent	voice of a woman	Andrews–Parker 1922 bracket and sense 2	highest voice part; female voice	Andrews–Parker 1922, Leowahine 1–2	naʻau	unknown	False			Plausible, transparent compound with a lexicalized music sense. The two-word spelling is corroborated but not attested by P&E. Sense 2 alone might not count as a lexical item.	Is 'leo wahine' in P&E as a sub-entry under leo? Sense: soprano, the melody, falsetto? Two words?						
lepohānai	lepo·hānai	A*	024	drop	likely	lepohānai	inferred	unknown	lepo	hānai	partial	fed earth	Andrews–Parker 1922 bracket [Lepo, dirt + hanai, to feed]	fill dirt carried into a pit	Andrews–Parker 1922, Lepohanai	ʻāina	archaic/obscure	True	Andrews–Parker's entry for the root lepo lists '2. Dung; excrements' (an excretory sense of the root, §4.3). Wiktionary also gives 'filth'. NB: this test would remove every lepo compound, so the team may want one decision for the whole family.		The root lepo carries an excretory sense in Andrews–Parker. Also obscure, one source, degree 2.	Project-level: does P&E give lepo an 'excrement' sense? If so, every lepo compound falls under §4.3.						
lewalani	lewa·lani	A*	024	keep	yes	lewa lani	attested	2	lewa	lani	transparent	upper air of heaven	Andrews–Parker 1922 bracket [Lewa, the upper air + lani, heaven]	highest stratum of the heavens	UH SOEST list (from P&E); KSBE Kaʻiwakīloumoku	lani	traditional	False		lewa also means 'to carry for burial' (as hoʻolewa, Andrews v. 3) and lani 'high chief, majesty'. Neither is a concern here.	An Andrews analysis, a reputable modern gloss and consistent two-word spelling. Part of a named series of sky layers, which suits the lani field.	Confirm the sub-entry 'lewa lani' (two words), 'highest stratum of the heavens'. Note related lewa nuʻu and lewa hoʻomakua.	https://www.soest.hawaii.edu/met/NewPDFs/HawaiianWeatherTerms.pdf | https://kaiwakiloumoku.ksbe.edu/article/pacific-wayfinding-stellarium-bringing-ka-lewa-lani-to-your-screen	y	keep-pending	lewa lani		
limahana	lima·hana	W	024	keep	yes	limahana	attested	1	lima	hana#0	transparent	working hand	Wiktionary etymology: lima (hand) + hana (work)	worker, employee; labor	Wiktionary	hana	unknown	False			Two sources plus official modern use. Spelling attested. Transparent. Note: the dossier's single lima id merges 'five' and 'hand'; this word uses 'hand'.	Confirm the headword limahana and the gloss 'worker, laborer, employee'. Does P&E give a Lit. reading ('working hand')?	https://labor.hawaii.gov/ | https://labor.hawaii.gov/hlrb/files/2024/09/2023-2024-HLRB-Annual-Report.pdf		keep	limahana		
limahema	lima·hema	A*	025	keep	yes	lima hema	attested	2	lima	hema	transparent	hand, left	Andrews 1922 bracket [Lima, hand, and hema, left]; Wiktionary etymology lima "hand" + hema "left"	left hand; left-handed	Wiktionary "lima hema"; Andrews 1922 "the left hand"	kanaka	traditional	False			Two sources (Wiktionary headword, Andrews) plus consistent modern two-word use; transparent; turns to lima ʻākau (hema ↔ ʻākau, also south ↔ north).	Sub-entry "lima hema" (two words) under lima or hema? Gloss "left hand; left-handed"?						
limaikaika	lima·ikaika	A*	025	doubtful	likely	lima ikaika	inferred	unknown	lima	ikaika	transparent	strong hand	Andrews 1922 bracket [Lima, hand, and ikaika, strong]	strong hand; force, power	Andrews 1922 n. senses 1–2	kanaka	unknown	True	Andrews’ verb sense "to assault; to throw one down; to force one against his will" very probably covers sexual assault (a 19th-century euphemism); if P&E gives "ravish", "rape" or similar, §4.3 removes the whole word. Flag is precautionary pending that check.	Even read as non-sexual, the verb sense is violence (assault, force against will).	One source; spelling and break unconfirmed; the verb sense probably includes sexual assault. Only reconsider if P&E shows no such sense.	Is it "lima ikaika" (two words)? Does any sense read "ravish", "rape" or "force sexually"? If yes, drop; if no, confirm gloss "strong hand; force".						
limakuhi	lima·kuhi	A*	025	keep	yes	lima kuhi	attested	2	lima	kuhi#0	transparent	pointing hand	Andrews 1922 bracket [Lima, hand, and kuhi, to point out]; POLLEX kuhi "point" < PPN *tusu	index finger	POLLEX (P&E 1986) "index finger"; Andrews 1922 sense 1	kanaka	traditional	False			P&E form via POLLEX plus Andrews; transparent; an inherited Polynesian expression (PPN *tusu, Samoan lima-tusi) — exactly what the cards are for.	Confirm sub-entry "lima kuhi" (two words) = index finger; note P&E also has "manamana kuhi".						
limaʻākau	lima·ʻākau	A*	025	keep	yes	lima ʻākau	attested	2	lima	ʻākau	transparent	hand, right	Andrews 1922 bracket [Lima, hand, and akau, right]; Wiktionary etymology	right hand; right-hand man	Wiktionary "lima ʻākau"; Andrews 1922 "the right arm or hand"	kanaka	traditional	False			Two sources plus consistent modern two-word use; transparent; pairs with lima hema.	Confirm sub-entry "lima ʻākau" (two words, ʻokina + kahakō); does P&E also give "right-hand man"?						
lokoliu	loko·liu	A*	025	doubtful	doubtful	lokoliu	inferred	unknown	loko	unresolved	partial	insipid within	Andrews 1922 bracket [Loko, within, and liu, insipid] (doubtful: contradicts Andrews’ liu entries)	cross, angry; indifferent	Andrews 1922 adj.	naʻau	archaic/obscure	False			One source; the root sense used is not any listed homograph (sense unresolved); senses are mixed (insipid / bitter / angry); no modern attestation.	Is there a headword lokoliu or lokoliʻu? Which root: liu (bilge, salty) or liʻu? What sense: insipid, bitter, or cross/angry?		y	doubtful	lokoliu		
lokomaikaʻi	loko·maikaʻi	W	025	keep	yes	lokomaikaʻi	attested	1	loko	maikaʻi	transparent	good inside	Wiktionary etymology loko "interior, inside" + maikaʻi "good"; Andrews 1922 [Loko, disposition, and maikai, good]	kindness, generosity; good will	Wiktionary (good will, generosity, grace; kind, generous); Andrews 1922	naʻau	traditional	False		Widely used for Christian "grace" (several Hawaiian Wikipedia sentences); lead the card with kindness and generosity.	Wiktionary and Andrews agree on parts and meaning; spelling attested in steady modern use; transparent; turns to lokoʻino (maikaʻi ↔ ʻino).	Confirm headword lokomaikaʻi (one word) and any Lit. reading.	https://theswissbay.ch/pdf/Books/Linguistics/Mega%20linguistics%20pack/Austronesian/Hawaiian%20Language%20and%20Complete%20Grammar%20(Judd).pdf					
lokowai	loko·wai	A*	025	keep	yes	loko wai	attested	2	loko	wai#0	transparent	pond of fresh water	Andrews 1922 bracket [Loko, pond, and wai, water]	freshwater pond	Andrews 1922 sense 2; Kumukahi; UH Sea Grant	ʻāina	traditional	False			Andrews plus clear modern use in reputable sources; transparent; high-degree word (24) that turns within the LOKO and WAI families.	Confirm "loko wai" (two words) with sense "freshwater pond, lake"; does P&E keep Andrews’ "fountain" sense or give the fishpond sense?	https://kumukahi.org/units/ka-honua/onaepuni/loko-ia | https://seagrant.soest.hawaii.edu/the-return-of-kuula/ | https://theswissbay.ch/pdf/Books/Linguistics/Mega%20linguistics%20pack/Austronesian/Hawaiian%20Language%20and%20Complete%20Grammar%20(Judd).pdf		keep	loko wai		
lokoʻino	loko·ʻino	W+A	025	keep	yes	lokoʻino	attested	1	loko	ʻino	transparent	bad inside	Wiktionary etymology loko "interior, inside" + ʻino "bad"; Andrews 1922 [Loko, within, and Ino, bad]	unkindness; cruel disposition	Wiktionary (an evil disposition, a lack of kindness; unmerciful, unkind); Andrews 1922 (evil-disposed, cruel)	naʻau	traditional	False		A character judgement (cruelty). Fine as a word; its value is as the opposite of lokomaikaʻi.	Wiktionary and Andrews agree; spelling attested; transparent; ʻino senses (bad, storm, foul, harm) contain nothing §4.3 excludes.	Confirm headword lokoʻino (one word) and any Lit. reading.	https://theswissbay.ch/pdf/Books/Linguistics/Mega%20linguistics%20pack/Austronesian/Hawaiian%20Language%20and%20Complete%20Grammar%20(Judd).pdf					
lolehana	lole·hana	A*	025	keep-pending	likely	lole hana	inferred	unknown	lole	hana#0	transparent	cloth for work	Andrews 1922 bracket [Lole, cloth, and hana, work]	work clothes	Andrews 1922 "a working garment"; "garments for particular work"	hana	19th-century coinage	False			One source; may be a free phrase ("clothes for work") rather than a lexical item; spelling/break need P&E. Andrews glosses lole "cloth, particularly foreign cloth", so the item is post-contact.	Is "lole hana" a P&E sub-entry (two words) meaning work clothes, or absent (free phrase)?						
lolelau	lole·lau	A*	025	doubtful	doubtful	lolelau	inferred	unknown	lole	lau#0	partial		Andrews’ bracket ("cloth" + "leaf") gives no usable reading of "thatching"	thatching a house	Andrews 1922	hana	archaic/obscure	False			Single source; its own analysis does not explain the meaning; which lole sense is used is unclear; obscure.	Does P&E have lolelau (thatching)? If so, what parts does it give (lole "turn, work over" vs "cloth")?						
lolelua	lole·lua	A*	025	keep-pending	likely	lolelua	corroborated	1	lole	lua#0	partial	turned twice	Andrews 1922 bracket [Lole and lua, twice] with Andrews lole v. 1 "to be reversed; to be turned"	fickle; double-minded	Andrews 1922 adj.; Judd 1939 "fickle"	naʻau	traditional	False			Andrews plus independent use in Judd; a real lexical item with a readable metaphor; needs P&E for modern spelling. Andrews’ "to pervert" is the old sense "to turn aside", not sexual.	Headword lolelua (one word, no kahakō)? Sense "fickle, changeable, double-minded"? Any Lit.?	https://theswissbay.ch/pdf/Books/Linguistics/Mega%20linguistics%20pack/Austronesian/Hawaiian%20Language%20and%20Complete%20Grammar%20(Judd).pdf	y	keep-pending	lolelua		
lolokaʻa	lolo·kaʻa	A*	025	keep-pending	likely	lolokaʻa	inferred	unknown	lolo	kaʻa#0	transparent	brain turning	Andrews 1922 bracket [Lolo, brain, and kaa, to turn]	dizziness	Andrews 1922 "dizziness affecting the eyes"	kanaka	unknown	False		Names an illness (mild). LOLO "brain" is a different word from lōlō "paralysed, numb, feeble-minded, crazy" (HPR), and Pidgin "lolo" (stupid) is a common insult; the card must make the brain sense plain.	Single source, transparent and vivid; spelling, break and whether the first part is lolo "brain" (not lōlō "paralysed") need P&E.	Headword lolokaʻa (one word, ʻokina in kaʻa)? Is it lolo "brain", not lōlō? Sense "dizziness, vertigo"?						
lololoa	lolo·loa	A*	025	drop	no	lololoa	inferred	unknown	unresolved	unresolved	opaque			numbness of a limb	Andrews 1922 n.	kanaka	archaic/obscure	False		Paralysis/numbness sense; lōlō also means feeble-minded, crazy (HPR).	Neither part is the dossier root: the adjective is a reduplication of loa, and the noun is lōlō "palsy" + intensive loa. A LOLO "brain" stone or LOA "long" stone would misstate it.	None needed. (If curious: is there a P&E entry lōlōloa / lololoa, and is it a reduplication?)	https://www.hawaiipublicradio.org/hawaiian-word-of-the-day-april-29th-2025					
lolouila	lolo·uila	W	025	keep	yes	lolouila	attested	either	lolo	uila	transparent	electric brain	HPR Hawaiian Word of the Day; Wiktionary etymology	computer	Wiktionary; HPR	hana	modern coinage	False		LOLO "brain" is a different word from lōlō "paralysed, numb, feeble-minded, crazy" (HPR), and Pidgin "lolo" (stupid) is a common insult; the card must make the brain sense plain. Modern coinage: DESIGN §10.7 still has to decide whether these are allowed or marked.	Wiktionary plus HPR; transparent; native coinage (kamepiula is the loan). Break to settle; low degree (2).	Not a P&E 1986 word: check Māmaka Kaiao — lolouila or lolo uila?	https://www.hawaiipublicradio.org/hawaiian-word-of-the-day-april-29th-2025					
lonohiʻi	lono·hiʻi	A*	025	drop	doubtful	lonohiʻi	inferred	unknown	unresolved	hiʻi	opaque			a much-tended child	Andrews 1922	kanaka	archaic/obscure	False		If lono here is the god Lono, the word leans on a deity name.	Degree 0 (no turns in the core), first part unglossed and possibly a deity name, opaque, single source.	None needed.						
luaahi	lua·ahi	A*	025	drop	likely	lua ahi	inferred	unknown	lua#1	ahi	partial	pit of fire	Andrews 1922 bracket [Lua, pit, and ahi, fire]	Kīlauea volcano; (fig.) hell	Andrews 1922	ʻāina	19th-century coinage	True	Sense 1 names one place, the volcano Kīlauea: mainly a proper name (§4.3). | Sense 2 is the missionary "hell"; calling Kīlauea, the home of Pele, hell is exactly what a kumu would wince at. A generic "fire pit" gloss is not in the source.	Kīlauea is sacred to Pele; the Christian-hell sense sets the two against each other. Wiktionary lists "toilet" under lua#1 (the pit root this compound uses). It was not treated as an excretory sense here (it names a place, and lua "pit, crater" is the ordinary word), but if the project reads §4.3 strictly at root level every lua#1 compound goes; that is a project-level call.	Both sourced senses fail §4.3 or the tone; no generic sense in any source.	Only if the project wants it back: does P&E give "lua ahi" a generic sense (fire pit, crater) apart from Kīlauea / hell?						
luahūnā	lua·hūnā	A*	025	drop	likely	lua huna	inferred	unknown	lua#1	unresolved	transparent	hidden pit	Andrews 1922 "a concealed or hidden pit"	hidden pit for valuables	Andrews 1922	ʻāina	archaic/obscure	True	Andrews’ huna n. 3: "[Huna, to hide.] That which is concealed; the private parts; genitals; kahi huna" — a genital sense of the very "hidden" root used here; §4.3 removes any word whose root has a genital sense.	Hidden caves were also used for burials (reviewer knowledge, unverified). Wiktionary lists "toilet" under lua#1 (the pit root this compound uses). It was not treated as an excretory sense here (it names a place, and lua "pit, crater" is the ordinary word), but if the project reads §4.3 strictly at root level every lua#1 compound goes; that is a project-level call.	Genital sense on the hiding root (Andrews); spelling of that root unresolved; low degree (3).	Only if wanted back: does P&E attach "private parts" to huna "hidden" or only to the phrase wahi/kahi huna? And is the compound "lua huna" or "lua hūnā"?		y	drop	lua huna		
lualuaʻi	lua·luaʻi	A*	025	drop	no	lualuaʻi	inferred	1	unresolved	luaʻi	opaque			to chew the cud	Andrews 1922	kanaka	archaic/obscure	True	One sense is "to vomit" (and luaʻi itself is primarily vomit): a bodily discharge, treated here as excretory under §4.3 — project to confirm that reading.	Vomit sense.	A reduplication, not a two-root compound; the first part matches no listed root; vomit sense.	None needed.						
luapaʻahao	lua·paʻahao	A*	025	doubtful	doubtful	lua paʻahao	inferred	unknown	lua#1	paʻahao	transparent	pit for prisoners	Andrews 1922 bracket [Lua, pit, and paahao, iron fast]; paʻahao "prisoner" (Wiktionary)	dungeon	Andrews 1922	hana	19th-century coinage	False		Imprisonment. "The lowest prisons" echoes Bible-translation English. Wiktionary lists "toilet" under lua#1 (the pit root this compound uses). It was not treated as an excretory sense here (it names a place, and lua "pit, crater" is the ordinary word), but if the project reads §4.3 strictly at root level every lua#1 compound goes; that is a project-level call.	Three morphemes (lua + paʻa + hao); probably a free phrase of the Bible-translation era (cf. hale paʻahao, prison); one source.	Is "lua paʻahao" a P&E sub-entry, or only a phrase? If only a phrase, drop.						
luapele	lua·pele	A*	025	keep	yes	lua pele	attested	either	lua#1	pele	transparent	volcano pit	Andrews 1922 bracket [Lua, a pit, and Pele ...]; UH COE ("lua" = hole or pit); pele "volcano" (Wiktionary, POLLEX)	volcano; volcanic crater	Andrews 1922 senses 1–2; UH COE lesson; Judd 1939	ʻāina	traditional	False		pele is used as the common noun (volcano, lava), which DESIGN §4.3 allows, but Andrews’ bracket and the UH lesson both tie the word to the goddess Pele: gloss PELE as "volcano; lava", never "goddess". Wiktionary lists "toilet" under lua#1 (the pit root this compound uses). It was not treated as an excretory sense here (it names a place, and lua "pit, crater" is the ordinary word), but if the project reads §4.3 strictly at root level every lua#1 compound goes; that is a project-level call.	Andrews, Judd and clear modern use agree; transparent; spelling certain, only the break is open (stones are the same either way).	Headword: luapele or lua pele? Sense "volcano, crater"? Any Lit. reading?	https://cds.coe.hawaii.edu/kapilina-noeau/lava-viscosity-vocabulary-lesson/ | https://www.hawaiinewsnow.com/story/11427678/luapele-is-the-name-for-one-of-hawaiis-most-noted-sites/ | https://www.nps.gov/havo/learn/nature/pit-craters.htm | https://theswissbay.ch/pdf/Books/Linguistics/Mega%20linguistics%20pack/Austronesian/Hawaiian%20Language%20and%20Complete%20Grammar%20(Judd).pdf					
luapuhi	lua·puhi	A*	026	doubtful	likely	luapuhi	inferred	unknown	lua#1	unresolved	transparent	blowing hole	Andrews 1922 bracket [Lua, pit, hole, and puhi, to blow]	blowhole	Andrews 1922 'A blow hole'	kai	archaic/obscure	True	Conditional, root-level: Andrews–Parker has a separate entry, Puhi n. 'An uncut foreskin' (genital). If P&E files that sense under the same puhi as 'to blow', §4.3 removes the word. If P&E gives it as a separate homograph, the flag lifts (batch-024 handled huna the same way).	The candidate row maps PUHI to 'eel', the only puhi in the dossier. This compound uses puhi 'to blow' (POLLEX *pusi). Built as listed, its stone would link to eel words while being a different root. Wiktionary lists 'toilet' under lua#1 (the pit root used here). As in batch-025 (luapele) it is not treated as an excretory sense (it names a place, and lua 'pit' is the ordinary word), but a strict root-level reading of §4.3 would remove every lua#1 word; that is a project-level call.	A single 1922 source with no modern attestation. The candidate's PUHI stone is the wrong root (eel, not blow), and one puhi homograph has a genital sense pending P&E. Worth keeping only if P&E lists the word and roots.tsv gains a puhi 'to blow' entry.	Is luapuhi (or lua puhi) a headword or sub-entry glossed 'blowhole'? Is 'blowhole' listed under puhi 'to blow'? Does P&E give a puhi 'foreskin / uncircumcised' sense, and under which puhi homograph?						
luapō	lua·pō	A*	026	keep-pending	likely	luapō	inferred	unknown	lua#1	pō	partial	pit of night	Andrews 1922 bracket [Lua, pit, and po, night]	the grave	Andrews 1922	ʻāina	archaic/obscure	False		Death and burial. pō is also the realm of the dead (Andrews po n. 4 'the place of departed spirits'; POLLEX PCE *poo 'The Underworld'), so 'pit of night' can read as 'pit of Pō'. This is not sorcery or death-prayer, so it is not excluded, but it needs the kumu read. Wiktionary lists 'toilet' under lua#1 (the pit root used here). As in batch-025 (luapele) it is not treated as an excretory sense (it names a place, and lua 'pit' is the ordinary word), but a strict root-level reading of §4.3 would remove every lua#1 word; that is a project-level call.	Transparent and plausible, but from one source. P&E must settle whether it exists, its spelling and its break, and the death sense needs the kumu read before it goes on a card.	Headword luapō, lua pō, or absent? Sense 'grave'? Any Lit. ('pit [of] night')? Does P&E tie it to Pō, the realm of the dead?						
luawahine	lua·wahine	A*	026	drop	no	luawahine	inferred	unknown	unresolved	wahine	opaque			old woman	Andrews 1922; Wiktionary luahine 'old woman'	kanaka	archaic/obscure	False			Not lua + wahine: Wiktionary traces luahine to PNP *nuafine. A LUA stone (two, or pit) would teach a false etymology. If the idea belongs on the board at all, the word is luahine, and that is one root.	None needed for the board. Optional: does P&E list luawahine at all, or only luahine, and with what etymology?		y	drop	luahine		
luaʻikoko	luaʻi·koko	A*	026	drop	likely	luaʻikoko	inferred	unknown	luaʻi	koko	transparent	vomit blood	Andrews 1922 bracket [Luai, to vomit, and koko, blood]	vomiting blood; hemorrhage	Andrews 1922	kanaka	archaic/obscure	True	The first root is luaʻi 'to vomit' (Wiktionary, POLLEX, Andrews), a bodily discharge. As in batch-025 (lualuaʻi), that is treated as excretory under §4.3.	Illness and bleeding (hemorrhage).	The vomit sense is excluded under the project's reading of §4.3, the gloss is a disease, and Andrews is the only source.	None needed.						
luaʻole	lua·ʻole	A*	026	doubtful	likely	lua ʻole	corroborated	either	lua#0	ʻole	transparent	no second	Andrews 1922 bracket [Lua, second, and ole, no; none]; Andrews lua n. 3 'there is no second like it'	matchless, without equal; best	Judd 1939 'matchless, best'; Andrews 1922 'best; a nonesuch'	naʻau	traditional	True	The second stone is the negator ʻole (Andrews 'a word used in denial; no, not'; POLLEX PEP *kore 'Negative'), which is grammatical under §4.3. It falls under the same project-level ruling as the ʻOLE family in batches 004, 007, 009 and 010.		Held back only by the ʻOLE ruling. If the project admits ʻole as a stone, this is the strongest word in that family (a lexicalised meaning, three sources, use in mele), and it moves to keep-pending.	Sub-entry 'lua ʻole' (two words) or headword 'luaʻole'? Sense 'unequaled, matchless'? Any Lit. ('no second')?	https://keolamagazine.com/culture/he-aloha-e-kuu-kahili-nani-luaole/ | https://theswissbay.ch/pdf/Books/Linguistics/Mega%20linguistics%20pack/Austronesian/Hawaiian%20Language%20and%20Complete%20Grammar%20(Judd).pdf					
lulualiʻi	lulu·aliʻi	A*	026	doubtful	doubtful	lulualiʻi	inferred	unknown	unresolved	aliʻi	partial	royal fluttering (garment)	Andrews 1922 bracket [Lulu, a shaking or fluttering, as a loose garment, and alii, chief; royal]	royal robe of bird feathers	Andrews 1922 'a garment of bird's feathers; a robe of royalty'	hana	archaic/obscure	False		Feather cloaks are chiefly regalia, objects of rank and kapu, and need careful handling. The usual term is ʻahu ʻula (Wiktionary).	A single 1922 source with a doubtful bracket. The LULU sense is split between two readings, neither confirmed, and there is no modern use.	Is lulualiʻi in P&E at all? If so, how is the first part spelled (lulu or lūlū), and is there a Lit.: from lulu 'shelter, cloak' or lūlū 'to shake'?						
luluhua	lulu·hua	A*	026	doubtful	doubtful	luluhua	inferred	unknown	unresolved	hua	transparent	sow seed	Andrews 1922 bracket [Lulu, to sow, and hua, seed]	sower of seed	Andrews 1922	ulu	archaic/obscure	True	ROOT-LEVEL; needs the same project ruling as batches 006, 011 and 036. hua has an attested sense 'testicle' (Andrews–Parker 1922 hua n. 5; POLLEX Hawaiian hua 'Testicles', PEC *fua, cited to P&E). The either-root rule flags every word with a HUA stone.		Andrews is the only source, and it is probably a free phrase. The candidate's LULU stone is the wrong root (calm/shelter, not sow), and the HUA root-level ruling is still pending.	Is luluhua (or lūlū hua) an entry? How is the 'to sow' verb spelled, lulu or lūlū? Is it a separate homograph from lulu 'calm, shelter'?						
lunahana	luna·hana	A*	026	keep	yes	luna hana	attested	2	luna#1	hana#0	transparent	officer of work	Andrews 1922 bracket [Luna, officer, and hana, work]	work supervisor; foreman, boss	Andrews 1922 'superintendent of any definite work; boss'; Hawaiian Wikipedia usage	hana	unknown	False		luna is also the plantation overseer of the sugar era, a hard figure in Hawaiʻi's labour history (reviewer knowledge, unverified). A kumu may want the card kept to Andrews' plain sense.	Andrews plus clear, consistent modern use. Transparent, and the spelling is certain.	Sub-entry 'luna hana' under luna? Gloss 'foreman, overseer of work'?	https://oceanexplorer.noaa.gov/expedition-feature/okeanos-okeanos-beyond-the-blue-ex2403-features-oe-careers/					
lunakahiko	luna·kahiko	A*	026	keep	yes	lunakahiko	attested	1	luna#1	kahiko	transparent	old officer	Andrews 1922 bracket [Luna, officer, and kahiko, old]	an elder; elderly man of standing	Andrews 1922 senses 1–2; Judd 1939; KBH 2018	kanaka	19th-century coinage	False		In modern use it is mostly a church office (the Bible's 'elders'). Andrews' first sense is the secular elder of standing; lead the card with that.	Andrews, Judd and the modern-orthography Bible agree on the word and its one-word spelling, and it is transparent. The register is marked as coinage for the church sense; Andrews' first sense may be older.	Headword lunakahiko (one word)? Senses 'elder; church elder'? Any Lit.?	https://www.bible.com/bible/2709/ACT.15.KBH | https://www.bible.com/bible/2709/ACT.20.KBH | https://theswissbay.ch/pdf/Books/Linguistics/Mega%20linguistics%20pack/Austronesian/Hawaiian%20Language%20and%20Complete%20Grammar%20(Judd).pdf	y	keep	lunakahiko		
lunakaua	luna·kaua	A*	026	keep-pending	likely	lunakaua	inferred	unknown	luna#1	kaua	transparent	officer of war	Andrews 1922 bracket [Luna, officer, and kaua, war]	war captain	Andrews 1922 'a captain in war'	kanaka	archaic/obscure	False		War.	Transparent and plausible, but from one source. P&E must settle whether it exists and how it breaks.	Is lunakaua / luna kaua listed? One word or two? 'captain in war'? Check the spelling is kaua 'war' with no kahakō (not kāua 'we two').	https://www.bible.com/bible/2709/JDG.4.KBH					
lunakiaʻi	luna·kiaʻi	A*	026	keep-pending	yes	luna kiaʻi	corroborated	2	luna#1	kiaʻi	transparent	watching officer	Andrews 1922 bracket [Luna, officer, and kiai, to watch]	overseer; watchman	Andrews 1922 senses 1–2	kanaka	unknown	False		The only modern attestation is a Christian epithet ('Bishop of your souls'). Lead the card with Andrews' overseer and watchman.	Two sources and transparent. The common-noun spelling and break rest on one capitalised Bible use, so P&E should confirm them.	Sub-entry 'luna kiaʻi' (two words) or 'lunakiaʻi'? Senses 'overseer, watchman, bishop'?	https://www.bible.com/bible/2709/1PE.2.KBH					
lunakiʻekiʻe	luna·kiʻekiʻe	A*	026	keep-pending	likely	luna kiʻekiʻe	corroborated	2	luna#1	kiʻekiʻe	transparent	high officer	Andrews 1922 bracket [Luna, officer, and kiekie, high]	high official; dignitary	Andrews 1922 'a person high in responsible office'; Hawaiian Wikipedia usage	kanaka	unknown	False			In real use, but possibly a free phrase. A P&E sub-entry would settle whether it counts as a compound.	Is 'luna kiʻekiʻe' a sub-entry (e.g. 'high official, dignitary'), or only a free phrase?						
lunakoa	luna·koa	A*	026	keep-pending	yes	luna koa	corroborated	either	luna#1	koa#0	transparent	officer of soldiers	Andrews 1922 bracket [Luna, officer, and koa, soldier]	military officer	Andrews 1922; Hawaiian Wikipedia usage	kanaka	unknown	False		Military.	Andrews plus modern use, and transparent. The break is inconsistent, so P&E should fix it. koa here is the soldier sense (koa#0, 'warrior'), not the tree.	Sub-entry 'luna koa' or headword 'lunakoa'? Gloss 'military officer'?						
lunakānāwai	luna·kānāwai	A*	026	keep	yes	luna kānāwai	attested	2	luna#1	kānāwai	transparent	officer of law	Andrews 1922 bracket [Luna, officer, and kanawai, law]	judge; magistrate	Andrews 1922; Judd 1939; State of Hawaiʻi Judiciary	kanaka	19th-century coinage	False		Andrews' sense 2, the Book of Judges, is a proper name. It is secondary, so show only 'judge'.	Many independent sources, including the state's own usage. Transparent, and the spelling and break are certain.	Sub-entry 'luna kānāwai' (two words), 'judge'?	https://courts.ehawaii.gov/no-ka-olelo-hawaii | https://www.bible.com/bible/2709/JDG.2.KBH | https://www.bible.com/bible/2709/ACT.23.KBH | https://theswissbay.ch/pdf/Books/Linguistics/Mega%20linguistics%20pack/Austronesian/Hawaiian%20Language%20and%20Complete%20Grammar%20(Judd).pdf		keep	luna kānāwai		
lunalawe	luna·lawe	A*	026	doubtful	likely	lunalawe	inferred	unknown	luna#1	lawe	partial	carrying officer	Andrews 1922 bracket [Luna, officer, and lawe, to take; to carry]	upper servant	Andrews 1922	kanaka	archaic/obscure	False			One obscure 1922 source with an unclear meaning. 'Upper servant' would teach little on a card.	Is lunalawe listed? If so, what kind of servant is it, and is it one word?		y	doubtful	lunalawe		
lunamanaʻo	luna·manaʻo	A*	026	keep	yes	lunamanaʻo	attested	1	luna#1	manaʻo	transparent	director of one's thoughts	Andrews 1922 gloss 'the director of one's thoughts' and bracket [Luna, officer, and manao, thought]	conscience	Andrews 1922; Judd 1939; KBH 2018	naʻau	19th-century coinage	False			Three sources agree on the word and its spelling, and the metaphor is transparent. Andrews dates it as a 19th-century coinage (from a Moral Philosophy textbook), which the card's register should show.	Headword lunamanaʻo (one word), 'conscience'? Any note on the coinage? (KBH also uses lunaʻikehala, Acts 23:1.)	https://www.bible.com/bible/2709/ROM.2.KBH | https://theswissbay.ch/pdf/Books/Linguistics/Mega%20linguistics%20pack/Austronesian/Hawaiian%20Language%20and%20Complete%20Grammar%20(Judd).pdf					
lunaʻauhau	luna·ʻauhau	A*	026	keep	yes	luna ʻauhau	attested	2	luna#1	ʻauhau	transparent	officer of tax	Andrews 1922 bracket [Luna, officer, and auhau, a tax]; Wiktionary etymology luna 'overseer, official' + ʻauhau 'tax'	tax collector	Wiktionary 'luna ʻauhau'; Andrews 1922 'tax-gatherer'	kanaka	unknown	False		Andrews lists a separate auhau meaning the femur and humerus bones. It is a different homograph and does not matter here, but a kumu may notice it.	Wiktionary, Andrews and the modern Bible agree. Transparent, and the spelling and break are certain.	Sub-entry 'luna ʻauhau', 'tax collector'?	https://www.bible.com/bible/2709/MAT.9.KBH					
lunaʻohana	luna·ʻohana	A*	026	keep-pending	likely	lunaʻohana	inferred	unknown	luna#1	ʻohana#0	transparent	head officer of a family	Andrews 1922 bracket [Luna, head officer, and ohana, family]	head of a family	Andrews 1922 'headman or father of a family or tribe'	kanaka	archaic/obscure	False			Transparent and plausible, but from one source. P&E must settle whether it exists and how it breaks.	Is lunaʻohana / luna ʻohana listed? Gloss 'head of a family'?						
lunaʻōlelo	luna·ʻōlelo	A*	026	keep	yes	lunaʻōlelo	attested	1	luna#1	ʻōlelo	transparent	officer of speech	Andrews 1922 bracket [Luna, officer, and olelo, speech]	apostle; messenger, proclaimer	Andrews 1922 'officer of communication; one sent to make proclamation; an apostle'; Judd 1939; KBH 2018	kanaka	19th-century coinage	False		A Christian term (the Apostles). Lead the card with Andrews' first sense, one sent to proclaim. Hawaiian Wikipedia gives the loan ʻaposetolo as its synonym, which the card must not show.	Four sources agree, and it is transparent. Bible-translation register.	Headword lunaʻōlelo (one word), 'apostle; messenger'? Any Lit.?	https://www.bible.com/bible/2709/ACT.1.KBH | https://www.bible.com/bible/2709/ACT.15.KBH | https://theswissbay.ch/pdf/Books/Linguistics/Mega%20linguistics%20pack/Austronesian/Hawaiian%20Language%20and%20Complete%20Grammar%20(Judd).pdf					
lāhana	lā·hana	A*	026	keep-pending	likely	lā hana	corroborated	2	lā#2	hana#0	transparent	day of work	Andrews 1922 bracket [La, day, and hana, to work]	workday; a day's work	Andrews 1922 'a day's work'; modern community 'lā hana' (workday)	hana	unknown	False			Andrews plus modern use, and transparent. It may be a free phrase rather than a lexical item; P&E would settle that.	Sub-entry 'lā hana'? Sense 'workday / day's work'? (Wiktionary has the parallel lā hānau and lā noa.)	https://kuahawaii.org/event/loko-ia-workday-paaiau-oahu/ | https://www.lokoea.org/come-to-community-volunteer-work-day.html					
lāhui	lā·hui	A	027	drop	doubtful	lāhui	attested	1	lā#2	hui	opaque		Andrews' 'a time of coming together' is a folk reading and should not appear on a card.	nation, people, race	Wiktionary noun 'race, nation, tribe, people, nationality'; Andrews–Parker 'People; tribe; nation'; POLLEX (P&E) 'Nation, race, tribe, people'.	kanaka	traditional	False		lāhui carries political weight today (ka lāhui Hawaiʻi, the Hawaiian nation). The verb sense, to lay a kapu, is ritual-legal. A card that showed 'LĀ day · HUI unite' as the word's parts would print a discredited etymology, the kind of error a knowledgeable reader winces at.	The two-root split rests on one 19th-century bracket, and POLLEX (Pukui & Elbert data) gives a different, single-morpheme origin. The word is real and common. It is just not lā + hui. It survives as a single root in lāhui·kaua and lāhui·ʻāina.	Check that P&E gives no 'Lit.' reading splitting lāhui into lā + hui. Note its etymology (POLLEX: PPN *lafu for the noun, PEP *raafui for 'prohibit'). If P&E does analyse it as lā + hui, reopen.		y	doubtful	lāhui		
lāhuikaua	lāhui·kaua	A*	027	keep-pending	likely	lāhui kaua	inferred	unknown	lāhui	kaua	transparent	war assemblage	Andrews–Parker bracket '[Lahui, assemblage, and kaua, war.]'	warriors; company of soldiers	Andrews–Parker 'People assembled for war; warriors; a company of soldiers'.	kanaka	unknown	False		War and warfare. Not excluded, but this is the only sense the word has.	One 19th-century source, transparent, with no exclusion concern. Pukui & Elbert has to show it as a headword or sub-entry, or it is a free phrase. P&E also has to settle the word break.	Is 'lāhui kaua' a P&E headword or sub-entry (under lāhui or kaua)? One word or two? Gloss 'warriors, army' or similar? If it appears only in an example sentence, mark it a phrase and drop.						
lāhuiʻāina	lāhui·ʻāina	A*	027	doubtful	doubtful	lāhui ʻāina	inferred	unknown	lāhui	ʻāina	transparent	people (of the) land	Andrews–Parker bracket '[Lahui, people, and aina, land.]'	peoples of many lands	Andrews–Parker 'The nations of many lands ... the people of many countries'.	kanaka	unknown	False			This is a single-source collective phrase with no sign of lexicalisation and no modern use. Its meaning adds little beyond the two parts.	Is 'lāhui ʻāina' in P&E at all, as an entry and not just an example phrase? If it is absent, drop it.						
lālāhū	lālā·hū	A*	027	doubtful	doubtful	lālāhū	inferred	unknown	unresolved	hū#0	partial		Andrews glosses only hū ('to rise up'). No literal reading is in the sources.	convex, swelling out	Andrews–Parker 'Convex; swelling out, as a bone set crookedly'.	kanaka	archaic/obscure	False		The source sense describes an injury (a badly set bone).	The first root is unidentified and the spelling is entirely inferred. It has degree 2, so it buys little board even if confirmed.	Does P&E have lalahū or lālāhū? Is the first part lala (short vowels) or lālā? What meaning? If the first part is not lālā 'branch', the split is wrong.						
lālālāʻau	lālā·lāʻau	A*	027	drop	doubtful	lālā lāʻau	inferred	either	lālā	lāʻau	transparent	branch (of a) tree	Andrews–Parker bracket '[Lala, branch, limb, and laau, tree.]'	branch of a tree	Andrews–Parker 'A branch or limb of a tree'.	ulu	unknown	True	root lāʻau: Pukui & Elbert, via POLLEX (PPN *raqa-kau row, cited Pki), lists 'male erection' among the senses of lāʻau 'wood, stick, stiff as wood'. It is the same root in sense, not a homograph. Under the strict reading of §4.3 (any sense of either root is sexual) the word goes. This is a policy call for the design and the kumu, and it touches every lāʻau compound. | The gloss teaches nothing beyond lālā alone ('branch'), §4.3 'a gloss that would teach nothing'.		It is a free phrase (Andrews writes 'lala laau' as a phrase), its meaning just repeats lālā, and it carries the root-level lāʻau flag.	Only if it is kept for some reason: does P&E list lālā lāʻau as a sub-entry? Expected answer: no.						
lāʻauala	lāʻau·ala	A*	027	doubtful	likely	lāʻau ʻala	corroborated	2	lāʻau	unresolved	transparent	fragrant wood	MNBG 'laʻau ʻala (fragrant wood)'; Andrews–Parker bracket '[Laau, wood, and ala, odoriferous.]'	sandalwood	Andrews–Parker 'Sandal-wood ... Syn: Iliahi'; MNBG.	ulu	traditional	True	root lāʻau: Pukui & Elbert, via POLLEX (PPN *raqa-kau row, cited Pki), lists 'male erection' among the senses of lāʻau 'wood, stick, stiff as wood'. It is the same root in sense, not a homograph. Under the strict reading of §4.3 (any sense of either root is sexual) the word goes. This is a policy call for the design and the kumu, and it touches every lāʻau compound.	Sandalwood recalls the 1810s–1830s sandalwood trade: forced upland labour and famine. That is fine as a plant name, but it is loaded history. Also, the second stone would read ʻALA, not ALA, so it must not link to the ala 'path' or 'awake' stones.	A real name, but the candidate's root mapping is wrong. ala should be ʻala 'fragrant', a root missing from the dossier's inventory. On top of that it carries the root-level lāʻau flag. If ʻala 'fragrant' is added as a root and lāʻau is cleared, it becomes keep-pending.	Is it a headword or sub-entry, 'lāʻau ʻala' (two words, ʻokina on ʻala), glossed 'sandalwood'? Confirm the spelling of ʻala 'fragrant'. Is there also a variant lāʻau ʻaʻala?	https://mnbg.org/hawaiian-native-plant-collection/iliahi-santalum-haleakalae/ | https://www.kekoacreative.com/stories-and-ike//laau-ala-hawaiian-sandalwood-complete-species-guide					
lāʻaukeʻa	lāʻau·keʻa	A*	027	doubtful	doubtful	lāʻau keʻa	inferred	unknown	lāʻau	keʻa#0	transparent	wooden cross	Andrews–Parker bracket '[Laau, wood, and kea, a cross.]'	a wooden cross	Andrews–Parker 'A cross of wood'.	hana	19th-century coinage	True	root lāʻau: Pukui & Elbert, via POLLEX (PPN *raqa-kau row, cited Pki), lists 'male erection' among the senses of lāʻau 'wood, stick, stiff as wood'. It is the same root in sense, not a homograph. Under the strict reading of §4.3 (any sense of either root is sexual) the word goes. This is a policy call for the design and the kumu, and it touches every lāʻau compound. | Borderline: the spelling keʻa also has a P&E entry 'Male animal reserved for breeding, virile male' (POLLEX PEP *teka, whose proto-gloss is 'penis'). It is a separate etymon from keʻa 'cross-piece' (PCE *teka), so it is a homograph, not this root. Recorded for the kumu.	This is the Christian cross. It sits awkwardly with a piece that keeps religious imagery out (DESIGN §8). See also the keʻa homograph note.	Single source, probably a free phrase from missionary-era usage, root-level lāʻau flag, and a religious-symbol concern.	Is 'lāʻau keʻa' a P&E entry or sub-entry, and is it the Christian cross? Does P&E list keʻa 'virile male, breeding animal' as a separate numbered entry (homograph) or as a sense of keʻa 'cross-piece'?		y	drop	lāʻaukeʻa		
lāʻaukia	lāʻau·kia	A*	027	doubtful	likely	lāʻau kia	inferred	unknown	lāʻau	kia#0	transparent	entrapping stick	Andrews–Parker bracket '[Laau, stick, and kia, to entrap.]'	bird-catcher's limed stick	Andrews–Parker 'A rod pointed with bird-lime and used in taking birds'.	hana	traditional	True	root lāʻau: Pukui & Elbert, via POLLEX (PPN *raqa-kau row, cited Pki), lists 'male erection' among the senses of lāʻau 'wood, stick, stiff as wood'. It is the same root in sense, not a homograph. Under the strict reading of §4.3 (any sense of either root is sexual) the word goes. This is a policy call for the design and the kumu, and it touches every lāʻau compound.		Without the root-level lāʻau flag this would be keep-pending: one good source, transparent, and a real traditional tool (bird-catching for feathers). The flag needs a policy decision first.	Is 'lāʻau kia' (or lāʻau kia manu) a P&E entry, glossed as a bird-lime stick? One word or two?						
lāʻaukū	lāʻau·kū	A*	027	doubtful	likely	lāʻau kū	inferred	unknown	lāʻau	kū#0	transparent	standing wood	Andrews–Parker bracket '[Laau and ku, to stand.]' plus 'from its erect position'.	upright post; doorpost	Andrews–Parker 'A side post of a door ... an upright post'.	hana	traditional	True	root lāʻau: Pukui & Elbert, via POLLEX (PPN *raqa-kau row, cited Pki), lists 'male erection' among the senses of lāʻau 'wood, stick, stiff as wood'. It is the same root in sense, not a homograph. Under the strict reading of §4.3 (any sense of either root is sexual) the word goes. This is a policy call for the design and the kumu, and it touches every lāʻau compound. With kū 'to stand, rise', the literal reading 'standing wood' is the one most exposed to that sense.	Do not confuse it with the moon nights Lāʻau Kū Kahi and Lāʻau Kū Lua (calendar names). A card must not borrow their sense.	One source, transparent, high degree (12). Its literal reading carries the root-level lāʻau flag more than most, so it needs the policy decision and a kumu's ear before keep-pending.	Is 'lāʻau kū' a P&E entry (door post, upright post)? One word or two? Is it kept distinct from the moon-night names? Does P&E give a Lit.?						
lāʻauluaʻi	lāʻau·luaʻi	A*	027	doubtful	likely	lāʻau luaʻi	inferred	unknown	lāʻau	luaʻi	transparent	vomit medicine	Andrews–Parker bracket '[Laau, medicine, and luai, to vomit.]'	an emetic	Andrews–Parker 'An emetic'.	kanaka	unknown	True	root lāʻau: Pukui & Elbert, via POLLEX (PPN *raqa-kau row, cited Pki), lists 'male erection' among the senses of lāʻau 'wood, stick, stiff as wood'. It is the same root in sense, not a homograph. Under the strict reading of §4.3 (any sense of either root is sexual) the word goes. This is a policy call for the design and the kumu, and it touches every lāʻau compound. | Borderline: luaʻi 'to vomit'. If §4.3 'excretory' is read to cover vomiting, this goes on its own account.	Bodily and medical. lāʻau lapaʻau (Hawaiian medicine) is a specialist practice, and some kumu treat it with reserve.	A real 19th-century medical term from one source, with a root-level lāʻau flag and a borderline excretory root. It teaches little a card would want to show.	Is 'lāʻau luaʻi' a P&E entry ('emetic')? One word or two?						
lāʻaumoe	lāʻau·moe	A*	027	doubtful	likely	lāʻau moe	inferred	unknown	lāʻau	moe	transparent	sleep medicine	Andrews–Parker bracket '[Laau, medicine, and moe, to sleep.]'	sleep-inducing medicine	Andrews–Parker 'Medicine causing sleep; an opiate'.	kanaka	unknown	True	root lāʻau: Pukui & Elbert, via POLLEX (PPN *raqa-kau row, cited Pki), lists 'male erection' among the senses of lāʻau 'wood, stick, stiff as wood'. It is the same root in sense, not a homograph. Under the strict reading of §4.3 (any sense of either root is sexual) the word goes. This is a policy call for the design and the kumu, and it touches every lāʻau compound.	Andrews' 'opiate' is a drug sense, so show only 'sleep-inducing medicine'. moe also means 'to die' and 'to marry' (Wiktionary). Check whether P&E's moe includes a sexual sense.	Without the root-level lāʻau flag this would be keep-pending: one source, transparent, high degree (13). The flag, and the open question about moe, come first.	Is 'lāʻau moe' (or lāʻau hoʻomoe) a P&E entry? Gloss? Separately, does P&E's moe list a sexual sense ('to sleep with')? That matters for every moe compound.						
lāʻaupiʻi	lāʻau·piʻi	A*	027	drop	likely	lāʻau piʻi	inferred	unknown	lāʻau	piʻi#0	partial		Andrews glosses only piʻi ('to ascend'). No literal reading for the whole word is given.	an emetic	Andrews–Parker 'An emetic'.	kanaka	unknown	True	root piʻi#0: Wiktionary lists an explicitly sexual, vulgar sense ('to mount, to breed, to fuck') in the same sense group as 'to climb'. §4.3 sexual. | root lāʻau: Pukui & Elbert, via POLLEX (PPN *raqa-kau row, cited Pki), lists 'male erection' among the senses of lāʻau 'wood, stick, stiff as wood'. It is the same root in sense, not a homograph. Under the strict reading of §4.3 (any sense of either root is sexual) the word goes. This is a policy call for the design and the kumu, and it touches every lāʻau compound. | Both roots carry sexual senses, so the literal reading of the compound invites the double meaning.	Medical (emetic), with a double-meaning risk from both roots.	Both roots have sexual senses in the sources, and the compound's literal reading makes the double meaning obvious. An emetic is also a weak card.	None needed for the board. For the root list: does P&E's piʻi carry the sexual sense Wiktionary gives? That decides every piʻi compound.						
mahamoe	maha·moe	A*	027	doubtful	doubtful	mahamoe	inferred	unknown	unresolved	moe	opaque			small sand-dwelling clam	Andrews–Parker 'A small clam-like shell fish living in the sand along the seacoasts'.	kai	archaic/obscure	False			Opaque, from one source, with three unrelated senses and an uncertain first root. At best it is a shellfish name with no parts row.	Is mahamoe in P&E, and as what: a clam, 'plump, glossy', or both? Any Lit.? If P&E gives only a shellfish with no analysis, treat it as opaque (DESIGN §10.7).		y	doubtful	mahamoe		
mahelelua	mahele·lua	A*	027	doubtful	doubtful	māhele lua	inferred	unknown	mahele	lua#0	transparent	divide (in) two	Andrews–Parker bracket '[Mahele, to divide, and lua, two.]'	to divide in two	Andrews–Parker 'To divide into two parts'.	hele	unknown	False		A māhele stone may evoke Ka Māhele, the 1848 land division and the alienation of land that followed. Not a reason to exclude, but a kumu should know. The compound uses lua#0 'two', not lua#1 (pit; toilet).	Probably a free phrase from a single source. The root spelling in the data (mahele) also needs its kahakō checked.	Root spelling: māhele or mahele? Does P&E list 'māhele lua' (or māhelelua) as an entry, or only as a phrase? If it is not an entry, drop it.	https://kamehamehapublishing.org/wp-content/uploads/sites/38/2020/09/Hulili_Vol10_6.pdf					
mahinaʻai	mahina·ʻai	A*	027	doubtful	doubtful	mahina ʻai	corroborated	2	unresolved	ʻai	partial	cultivating the food	Andrews–Parker bracket 'a contraction of mahi ana i ka ai'.	cultivated field, farm	Andrews–Parker 'A field, either in a state of cultivation or prepared for it ... a cultivated patch'.	ulu	traditional	False			A real word with the wrong split. Its first stone is 'mahina' = cultivation (from mahi), which must never link to MAHINA 'moon'. It survives only if the glossary gets a separate mahina² stone that P&E supports. Otherwise drop it.	Headword 'mahina ʻai'? Does P&E analyse it (Lit.)? Is there a separate entry mahina 'cultivation' derived from mahi? If P&E derives it from mahi, the moon stone must not be used.						
mahiʻai	mahi·ʻai	W+A	027	keep	yes	mahiʻai	attested	either	mahi	ʻai	transparent	cultivate food	Wiktionary etymology mahi 'to farm' + ʻai 'food'; Andrews–Parker bracket 'Mahi, to cultivate, and ai, food'.	farmer; to farm	Wiktionary 'farmer; farming, agriculture'; Andrews–Parker 'a cultivator of the soil ... to cultivate land'.	ulu	traditional	False			Two independent analyses plus wide modern use, the spelling is attested, and there is no exclusion concern. Only the caption's word break (mahiʻai or mahi ʻai) is left for P&E.	Headword: mahiʻai or mahi ʻai? Kumukahi writes two words; Wiktionary, NPS and hawwiki mostly one. Does P&E give a Lit. ('food cultivate')?	https://kumukahi.org/units/na-kanaka/oihana/mahi-ai | https://www.hawaii.edu/kawaihapai/hana-list/mahi-%CA%BBai/ | https://www.nps.gov/articles/000/a-fertile-landscape-havo.htm		keep	mahiʻai		
mahiʻili	mahi·ʻili	A*	027	doubtful	doubtful	mahiʻili	inferred	unknown	mahi	ʻili	partial		Andrews' bracket glosses only ili ('the skin'). The 'left nothing but their skin' story is an explanation, not a literal reading.	seize property for the king	Andrews–Parker 'To take or seize property for the king'. P&E should confirm the wording, since Andrews' 'king' may stand for a ruling chief.	kanaka	archaic/obscure	False		Describes extortion of commoners by chiefs' officers. That is historically loaded, and a kumu may not want it as a casual card.	A single 19th-century source, the first root is unglossed, the meaning comes from an anecdote, and it has low degree (4).	Is mahiʻili in P&E? With what meaning, and does it give a Lit.? Is the first part mahi 'cultivate' or something else?						
mailuna	mai·luna	A*	027	drop	no	mai luna	corroborated	2	unresolved	luna#0	transparent	from above	Andrews–Parker 'From above'.	from above	Andrews–Parker.	hele	traditional	True	Grammatical: mai is a directional particle or preposition ('from'; POLLEX PPN *mai 'from, preposition'), and the phrase is adverbial. §4.3 grammatical. | Andrews' unmarked 'Mai' entry runs together maʻi 'sickness; the private parts', a different word with an ʻokina. A reader of unmarked text could conflate them.		A grammatical phrase, not a lexical compound. The dossier's only mai homograph is 'don't', so even the sense id cannot be resolved.	None needed. It is a phrase.						
makaala	maka·ala	A*	027	keep	yes	makaʻala	attested	1	maka#0	ala#1	transparent	eye awake	Andrews–Parker bracket '[Maka, eye, and ala, awake.]'	alert, vigilant, watchful	POLLEX (Pukui & Elbert) 'Alert, vigilant, watchful, awake'; DLNR 'Stay alert, be Vigilant'.	naʻau	traditional	False			Two independent analyses (POLLEX PPN *mata-qara; Andrews), the spelling is attested, and there is no exclusion concern. One data-model caveat: PPN *q survives here as ʻokina, so the second stone reads ʻALA, while the same root standing alone is ala (POLLEX 'Ala, Awake, *qara'). Under §4.4, ʻALA and ALA are different stones, but under §2 they are the same root in sense. The design must decide whether they link. Degree 17 was counted on ALA.	Confirm the headword makaʻala and any Lit. reading. Does P&E list ʻala (with ʻokina) as a form of ala 'awake'? That decides whether this stone reads ʻALA and whether it links to ALA 'awake' words.	https://dlnr.hawaii.gov/ecosystems/files/2013/07/Cultual-Study-Puu-Makaala.pdf	y	keep-pending	makaʻala		
makaaniani	maka·aniani	W	027	keep	yes	makaaniani	attested	1	maka#0	aniani#0	transparent	eye glass	Wiktionary etymology maka 'eye' + aniani 'glass'.	eyeglasses, spectacles	Wiktionary.	hana	unknown	False			One analytical source plus consistent modern one-word use, and the spelling is attested. It is a calque built from native roots, not a loanword. aniani 'glass' extends 'mirror, clear' (Andrews 1922 'a glass; a mirror'). It is a name for an introduced object, and it is absent from Andrews, so it may be post-1922.	Headword makaaniani, one word? Gloss 'eyeglasses, spectacles'? Any Lit.? Is it marked as a modern word, or as in Māmaka Kaiao?	https://kaleopaulele.weebly.com/n257-pauk363-a-n257-hoa.html | https://www.huapala.org/T/Tutu.html					
makahakahaka	maka·hakahaka	A*	028	keep-pending	likely	makahakahaka	inferred	unknown	unresolved	hakahaka	partial		Andrews' bracket glosses only the second part ('open, full of holes'). There is no reading for maka, so no literal reading is offered.	open clearing; deep pit	Andrews–Parker senses 1–2: 'A deep pit or hole' and 'Open space, as a clearing in a forest or clear land in a lava flow'.	ʻāina	unknown	False		Sense 3, 'deep-set eyeballs', could read as a remark on someone's looks if shown. Show the land senses only.	A plausible compound from one 1922 source, with a sound second root. But the maka sense is unknown. It could be 'eye' (deep-set eyes) or 'opening/surface' (a clearing, a pit), and the three senses pull apart. P&E has to settle whether the word exists and which maka it uses before a MAKA stone can link it.	Is makahakahaka a headword, and written as one word? Which senses does P&E give (pit / clearing in forest or lava / deep-set eyes)? Does it give a Lit. reading that names a sense of maka?						
makahema	maka·hema	A*	028	doubtful	doubtful	maka hema	inferred	2	maka#0	hema	transparent	eye, left	Andrews–Parker bracket '[Maka, eye, and hema, left.]'	the left eye	Andrews–Parker 'The left eye.'	kanaka	unknown	False			Very likely a free phrase, not a lexeme. One 1922 source, no modern trace, and an inferred spelling. The gloss teaches only what the parts already say. It would turn neatly to maka ʻākau (hema ↔ ʻākau) if P&E lists them.	Does P&E list maka hema (or makahema) as an entry or sub-entry, as it may for lima hema? If yes, promote it together with maka ʻākau, written as P&E writes it. If it appears only as a free phrase, or not at all, drop it.						
makahiamoe	maka·hiamoe	A*	028	keep-pending	likely	makahiamoe	inferred	unknown	maka#0	hiamoe	transparent	sleepy eye	Andrews–Parker '[Lit., sleepy-eye.]'	sleepy; to doze off	Andrews–Parker adj. 'Sleepy' and v. 'To fall asleep; to doze'.	kanaka	unknown	False		The adjective also means 'dull; stupid' (Andrews), a mild put-down. Show only 'sleepy / to doze'. hiamoe alone can be a euphemism for death (Andrews 'to rest in sleep, that is, to be dead'). That is harmless here, but worth knowing.	A transparent compound with a source Lit. reading, and a warm, simple image. Single source and inferred spelling and word break, so it needs P&E.	Is makahiamoe (or maka hiamoe) in P&E? Is it one word or two? Is the sense 'sleepy, drowsy', and is there a Lit. 'sleepy eye'?						
makahiō	maka·hiō	A*	028	doubtful	likely	makahiō	inferred	unknown	maka#0	hiō	partial		Andrews glosses only hio ('to lean'), and gives no Lit. reading.	darting, glancing this way and that	Andrews–Parker 'Darting, applied to the eyes. A looking this way and that.'	kanaka	unknown	True	Conditional excretory homograph, the same issue batch-003 flagged on hanahiō. The unmarked spelling hio carries 'to fart silently' (Wiktionary hio, verb, < PNP *fio 'whistle') and 'a passage of wind from the bowels' (Andrews, noun Hio). The compound is attested only as Andrews' unmarked 'makahio'. It clears only if P&E spells both the 'lean' root and this compound with kahakō (hiō, makahiō), so that the stone is HIŌ and never HIO.	Even if cleared, HIŌ sits one kahakō away from the flatulence word. A reader who knows hio may still hear it.	Andrews-only, no modern trace, and the kahakō that keeps it clear of an excretory homograph is inferred, not attested.	Spelling of the 'lean' word: hiō or hio? Does any hiō/hio entry carry the 'break wind' sense? Is the compound listed, and as makahiō or makahio? If P&E writes it without kahakō, drop.						
makakoa	maka·koa	A*	028	keep	yes	maka koa	attested	2	maka#0	koa#1	transparent	a soldier's face	Andrews–Parker 'Lit., a soldier's face'	bold, fearless	POLLEX (Pukui & Elbert 1986) 'Bold, fearless'; Andrews–Parker 'Fierce in countenance'.	naʻau	traditional	False			Two independent sources, one of them P&E's spelling via POLLEX with a PPN etymon, and a transparent meaning. The second stone is koa#1 (Wiktionary 'to be brave, military' < PPN *toqa), not the koa tree. Wiktionary's koa#0 lumps 'warrior' with the tree (*toa), but POLLEX puts both 'brave' and 'warrior' under *toqa, and P&E's gloss 'bold, fearless' is the brave sense. Andrews' 'soldier' also falls within koa#1 ('military').	Confirm the headword 'maka koa' (two words) and its sense 'bold, fearless'. Does P&E give a Lit. reading? Confirm the koa is the 'brave' koa, not the tree.		y	keep	maka koa		
makakole	maka·kole	A*	028	drop	likely	makakole	inferred	unknown	maka#0	kole	transparent	eye raw / sore	Andrews–Parker bracket '[Maka, eye, and kole, raw, sore.]'	sore, inflamed eyes	Andrews–Parker 'Inflammation of the eyes; sore eyes.'	kanaka	unknown	True	Genital etymon and cognates for the KOLE stone. POLLEX files Hawaiian kole 'Raw, red, inflamed' (P&E) under PPN *tole 'Female genitals'. Wiktionary's own etymology for kole lists the cognates 'Māori tore ("vagina, vulva"), Samoan toletole and Tongan tole'. POLLEX's cognates are all genital (Samoan 'Clitoris', Tongan 'Private parts of a woman'), and Hawaiian ʻōkole 'anus, buttocks' is a reflex of the same etymon. The root card (DESIGN §4.5) prints the protoform and its cognates, so the stone would carry them. | A Hawaiian vulgar sense of kole itself has not been ruled out. P&E should be checked.	Disease of the eyes. Andrews also records hoʻomakole as 'humorous raillery' (being unlucky).	The KOLE stone carries a genital etymon and cognates that the card would print. A reader who knows Māori or Tongan would wince. On top of that, the word is single-source and Andrews calls it the less usual variant of makole, and the gloss is a disease. Degree 18 does not outweigh this.	Does P&E give kole any vulgar or genital sense? (The same check decides every KOLE compound.) Note only, low priority: whether makakole is a headword or only makole.						
makaluku	maka·luku	A*	028	keep-pending	likely	makaluku	corroborated	1	maka#0	luku	partial	face (set on) slaughter	Andrews–Parker bracket '[Maka, face, and luku, slaughter.]', parts only. Andrews gives no Lit. reading.	turned against one, for harm	Andrews–Parker 'To be turned against one for harm; to be bent on slaughter.'	naʻau	unknown	False		Violence and killing (luku 'massacre, slaughter'). Not excluded, but grim for this piece's tone. A kumu might prefer it never be an opening word.	One analytical source plus one modern one-word use. The meaning wavers between 'bent on harm' and 'seize violently', which P&E should settle. It is fit to keep, but the curate read should weigh the tone.	Is makaluku a headword? What is its sense: 'hostile, bent on destruction' (Andrews) or 'to seize violently' (as the Hawaiian Wikipedia use suggests)? Any Lit. reading?						
makamomi	maka·momi	A*	028	keep-pending	likely	makamomi	inferred	unknown	maka#0	momi	partial	pearl eye	Andrews–Parker bracket '[Maka, eye, and momi, the pearl in the oyster shell.]', parts only.	white speck in the eye	Andrews–Parker 'A white speck in the eye, caused by disease.'	kanaka	unknown	False		An eye disease (a cataract-like speck). Andrews also has an unrelated momi 'to swallow' (same as moni). Harmless.	A vivid metaphor (pearl in the eye) from one 1922 source, with inferred spelling. Needs P&E for existence and sense.	Is makamomi in P&E? Is it one word? What is the sense: a white speck or opacity in the eye (cataract)?						
makamua	maka·mua	A*	028	keep	yes	maka mua	attested	2	maka#0	mua	partial		No source gives a literal reading, and Andrews leaves maka unglossed. The maka here is plausibly 'point, front, beginning' (POLLEX PPN *mata 'Point, blade, cutting-edge'; Andrews maka sense 9 'See hoomaka, a beginning'). That sense is not among the dossier glosses, so no reading is offered.	first; beginning	POLLEX (P&E) 'First, beginning, commencement'; Andrews–Parker 'The beginning; the first of things'.	hele	traditional	False		Andrews' example 'ka makamua o na la' is glossed as 'the Son of God', a Bible-translation use. Nothing to exclude.	Three sources, P&E's two-word spelling among them, and a PPN etymon. One caveat for linking: the maka used is the 'point / front / beginning' sense of PPN *mata, which Wiktionary's maka#0 does not list. maka#0 is chosen because it is the noun *mata (maka#1 is 'raw'). The root card for MAKA must then carry 'point, beginning' as well as 'eye, face', or P&E may show it as a separate root.	Confirm 'maka mua' (two words) and its senses (first; first-born?). Which sense of maka does P&E assign here: 'point / beginning', or 'eye / face'? Any Lit. reading?			keep	maka mua		
makanahele	maka·nahele	W+A	028	keep-pending	likely	makanahele	attested	1	maka#0	nahele	partial	face of the wild	Andrews–Parker bracket '[Maka, face, and nahele, the wild.]', parts only; Wiktionary 'maka + nahele'.	wild, untamed	Wiktionary 'wild, untamed'; Andrews–Parker 'Wild; untamed; dwelling in the wilderness'.	ʻāina	unknown	False			The spelling is attested and two sources give maka + nahele. But the main source also offers ma ka nahele, 'in the forest', a grammatical phrase that would make the MAKA stone false, and the homograph makana·hele 'parting gift' shares the spelling. P&E's analysis decides it.	Does P&E give a Lit. reading for makanahele, and does it analyse it as maka + nahele or as ma ka nahele? If it is ma ka nahele, drop. Is 'parting gift' (makana + hele) listed as a separate entry?						
makapaʻa	maka·paʻa	A*	028	keep-pending	likely	makapaʻa	inferred	unknown	maka#0	paʻa	transparent	eyes fast (shut)	Andrews–Parker bracket '[Maka, eyes, and paa, fast.]'	blind; with closed eyes	Andrews–Parker 'With closed eyes; without sight; blind.'	kanaka	unknown	False		A word for blindness. Present it plainly, as a description, not a figure of speech.	Transparent, with a well-attested second root, and degree 34 makes it one of the batch's best connectors. But it rests on one 1922 source with an inferred spelling. It also nearly duplicates makapō, the attested word for 'blind'.	Is makapaʻa a P&E headword, one word? What is its sense: blind, or 'with eyes closed'?		y	keep-pending	makapaʻa		
makapouli	maka·pouli	A*	028	keep	yes	makapōuli	attested	1	maka#0	pouli	transparent	darkness of the eye	Andrews–Parker bracket '[Maka, eye, and pouli, darkness.]'; Andrews n. 'The sensation of darkness that precedes fainting'.	dizzy, faint	POLLEX (P&E) 'Dizzy, dizziness, faint'; Andrews–Parker 'To faint ... to be dizzy'.	kanaka	traditional	False			Two independent analyses, P&E's spelling via POLLEX, a PCE etymon, and a transparent meaning. One data-model problem to fix first. The root is spelled 'pouli' in Wiktionary and roots.tsv (and POLLEX's root row writes 'Pouli'), but P&E's compound, and PCE *mata-poouri, imply the root pōuli. Under §4.4 POULI and PŌULI are different stones. The root glossary must use P&E's spelling, or this stone will not link to free-standing 'pōuli' words. pōuli is itself pō + uli, lexicalised since Proto-Polynesian (*poo-quli), so it counts as one stone.	Confirm the headword makapōuli. Then the root: is the free word written pōuli or pouli? (That decides the spelling of the stone everywhere.)						
makapō	maka·pō	A*	028	keep	yes	makapō	attested	1	maka#0	pō	transparent	eye in darkness	Andrews–Parker bracket '[Maka, eye, and po, darkness.]'	blind; a blind person	POLLEX (P&E) 'Blind(ness), blind person'; Andrews–Parker 'To be blind; to be unable to see'.	kanaka	traditional	False		A word for a disability. Show the literal sense only. Andrews' figurative senses ('in darkness mentally; ignorant; morally blind') equate blindness with ignorance, and should not appear on the card or be implied by pairing with naʻaupō.	Three agreeing sources, among them P&E's exact spelling, a PEP etymon, and modern use. Transparent. It shares the PŌ stone with naʻaupō, ʻauinapō and the rest.	Confirm makapō and its Lit. reading, if any ('night eye'?). Low priority: the word is already secure.			keep	makapō		
makawai	maka·wai	A*	028	keep-pending	likely	makawai	inferred	unknown	maka#0	wai#0	transparent	eye, water	Andrews–Parker bracket '[Maka, eye, and wai, water.]'	watery-eyed	Andrews–Parker adj. 'Watery-eyed; near-sighted.' The alternative noun sense, 'small water outlets through taro-patch banks' (Andrews), would sit in ulu, by the loʻi and ʻauwai.	kanaka	unknown	False		Also a land-section name in Kona (Andrews), but the common senses come first, so it is not mainly a proper name.	Transparent, and degree 38 makes it the batch's best connector. It mirrors waimaka 'tears' with the stones reversed. But it rests on one 1922 source. P&E should confirm the word and say which sense to show; the loʻi-outlet sense would suit the ulu field well.	Is makawai a P&E headword, one word? Which senses does it give: 'watery-eyed / near-sighted', 'small water outlet in a loʻi bank', or both? If both, which is primary?						
makaʻole	maka·ʻole	A*	028	drop	doubtful	makaʻole	inferred	unknown	maka#0	unresolved	opaque		Andrews' bracket rests on an unconfirmed noun 'ole, eye tooth'. Read with the mapped ʻOLE stone, it would come out as 'eyeless', which is wrong.	shoot before leaves form	Andrews–Parker sense 2: 'The beginning of a seed growth; the shoot before it develops leaves.'	ulu	unknown	True	As mapped, the second stone is the grammatical negator ʻole (§4.3 grammatical; the project-wide ʻOLE ruling is still open). Its degree of 24 comes entirely from that false ʻOLE link.	Most readers would take maka ʻole as 'without eyes', which is wrong for this word and unpleasant.	The split is misanalysed. The candidate's ʻOLE (negator) is not the word's element: Andrews' element is an obscure 'ole, eye tooth' with unknown spelling. Add an ambiguous OCR'd sense ('epithet of the oo'), no modern trace, and a misleading surface reading.	Low priority. Is there a headword makaole / makaʻole meaning 'young shoot' or 'edge of the eye teeth'? Is 'ole, eye tooth' a P&E word, and how is it spelled?						
makaʻukiʻi	makaʻu·kiʻi	A*	028	doubtful	doubtful	makaʻukiʻi	inferred	unknown	makaʻu	kiʻi#0	transparent	fear of images	Andrews–Parker bracket '[Makau, fear, and kii, idol.]'	dread of the gods	Andrews–Parker 'Dread of the gods. Fear of the gods.'	naʻau	unknown	False		Religious. Andrews' 'idol' is the missionary-era framing of kiʻi (sacred images of akua). A kumu may object to a card that teaches kiʻi as 'idol' and Hawaiian religion as dread.	Probably a phrase, single-source, with an inferred spelling. It carries a charged 19th-century framing of Hawaiian religion. At degree 2 it adds almost nothing to the board.	Low priority. Is makaʻukiʻi listed at all? If so, is it one word, and what is the sense?						
makaʻākau	maka·ʻākau	A*	028	doubtful	doubtful	maka ʻākau	inferred	2	maka#0	ʻākau	transparent	eye, right	Andrews–Parker bracket '[Maka, eye, and akau, right.]'	the right eye	Andrews–Parker 'The right eye.'	kanaka	unknown	False			Very likely a free phrase, not a lexeme. One 1922 source, no modern trace, and an inferred spelling. Its fate is tied to maka hema.	Does P&E list maka ʻākau as an entry or sub-entry, as it may for lima ʻākau? If yes, promote it with maka hema, written two words as P&E has it. Otherwise, drop.		y	doubtful	maka ʻākau		
makehewa	make·hewa	A*	028	keep-pending	likely	makehewa	inferred	unknown	unresolved	hewa	partial	a bad bargain	Andrews–Parker, Make sense 4: 'Make hewa, a bad bargain; no profit; in vain'.	in vain; to no profit	Andrews–Parker 'In vain; to no profit; not answering the purpose'.	naʻau	unknown	False			A real word by Andrews' evidence (headword, adverb, derived causative, and a phrase gloss), and the gloss is useful. The make sense is unresolved, though. The barter sense is not among Wiktionary's 'death; to die; to faint', and if it is a separate root, a MAKE line to make wai or to death words would be false. The spelling and break also need P&E.	Is the headword makehewa or make hewa? Does P&E give a Lit. reading (e.g. 'wrong exchange / bad bargain')? Is P&E's 'make, to be exchanged, bought' the same entry as make 'to die', or a separate one?						
makewai	make·wai	A*	028	keep	yes	make wai	attested	2	make	wai#0	transparent	desire for water	Andrews–Parker bracket '[Make, to desire, and wai, water.]'	thirst; thirsty	POLLEX (P&E) 'Thirst; thirsty'; Andrews–Parker 'To be thirsty; to thirst'.	kanaka	traditional	False			Two independent sources, P&E's spelling via POLLEX, a PCE etymon, and a transparent meaning. The MAKE stone is the dossier's single 'make' homograph, and POLLEX files this 'desire, need' sense under the same PPN *mate as 'die' and 'faint'. But Wiktionary's glosses for make lack it, so the root card must add 'to want, need'. Its natural partner, make ʻai 'hungry' (POLLEX/P&E, PCE *mate-kai), is not in the candidate list and is worth adding.	Confirm 'make wai' (two words) and its sense 'thirst; thirsty'. Under make, does P&E give 'want, need' as a sense of the same headword as 'die'? Is make ʻai 'hungry' an entry too (a candidate to add)?						
makewale	make·wale	A*	028	drop	doubtful	make wale	inferred	2	make	unresolved	partial	die without cause	Andrews–Parker bracket '[Make, death, and wale, without cause.]'	that which died of itself	Andrews–Parker 'That which has died of itself.'	kanaka	unknown	True	The second element is a grammatical postposed particle (wale 'only, without cause'), §4.3 grammatical. | The only WALE stone in the root list means bodily secretion, mucus or phlegm. Linking this word to it would be wrong, and close to the excretory line.	Death: an animal found dead, carrion.	A verb plus a grammatical particle, not root + root. This is the same ruling as hanawale, helewale, komowale and lawewale in earlier batches. Its degree of 15 comes from the false WALE link. The sense is also carrion.	None needed. If anything, confirm that P&E treats it as the phrase make wale, if it lists it at all.						
makeʻana	make·ʻana	A*	029	drop	no	make ʻana	attested	2	make	unresolved	opaque			to mourn, wail for the dead	Andrews–Parker 1922, makeana: 'To mourn … to wail, as for the dead'	naʻau	archaic/obscure	True	grammatical: the second element is the participial or nominalising particle ana/ʻana, not a root. Andrews' bracket reads 'a dying', and modern 'make ʻana' means 'the dying of'. | root mis-mapped: no listed sense of ʻana ('pumice') is involved	Death and mourning (wailing for the dead).	Not a root + root compound. It is make plus the particle ana, and its only lexical sense (mourning) survives only in Andrews. The degree of 3 comes from a wrong root mapping.	Only if wanted: does P&E list a lexical 'makeʻana' or 'make ʻana' meaning 'to mourn'? If it does, is the second part the particle ʻana? No check is needed to drop it.						
makuakāne	makua·kāne	A*	029	keep	yes	makua kāne	attested	either	makua	kāne	transparent	male parent	Andrews–Parker 1922, makuakane: 'The male parent'; bracket [Makua and kane, male]	father	Andrews–Parker 1922: 'a father; the husband of one's mother'. Wiktionary root glosses: makua 'parent', kāne 'male'	kanaka	traditional	False		Kāne is also the name of a major god (Andrews, kane n. 4). The card should show only the common noun 'male'.	Compound of exactly these two roots, by Andrews and by modern use (KBH, hawwiki, Wiktionary). Spelling attested, no exclusion concern. Only the word break should follow P&E.	Is it written 'makua kāne' (two words, a sub-entry under makua) or 'makuakāne'? Does the gloss 'father' (and perhaps uncle or male relative of the parents' generation) agree?	https://www.bible.com/bible/2709/EXO.20.KBH | https://www.bible.com/versions/2709					
makuakōlea	makua·kōlea	A*	029	doubtful	likely	makua kōlea	inferred	unknown	makua	unresolved	partial	parent who seeks kinship	Andrews–Parker 1922 bracket: 'Makua, parent, and kolea, to make a friend or seek relationship'	parent-in-law	Andrews–Parker 1922, makuakolea: 'A parent-in-law, either father or mother'	kanaka	unknown	False			One source, and the meaning is unsettled. Andrews gives kōlea as both 'stepfather or stepmother' and 'parent-in-law'. P&E's in-law word is makuahūnōwai (POLLEX), and KBH Exod. 18:2 uses 'makuahōnōwai kāne' for Jethro. The kōlea it uses (a kin term, or 'to befriend') is not among the dossier homographs, so a KŌLEA stone would wrongly link to the plover. Spelling and word break are inferred.	Does P&E have 'makua kōlea' or 'makuakōlea'? Does it mean stepparent or parent-in-law? Is this kōlea a separate homograph from kōlea 'Pacific golden plover', or a sense of the same entry? One word or two?	https://www.bible.com/bible/2709/EXO.18.KBH | https://www.bible.com/versions/2709	y	doubtful	makuakōlea		
makualiʻi	makua·liʻi	A*	029	keep-pending	yes	makualiʻi	attested	1	makua	liʻi#1	transparent	parent-chief	Andrews–Parker 1922 bracket: 'Makua, parent, and lii, chief'	patriarch; progenitor	Andrews–Parker 1922: 'A progenitor; a patriarch'. KBH Heb. 7:4 and Acts 7:8 render 'patriarch'	kanaka	unknown	False		Modern attestation is biblical (Abraham, the twelve patriarchs), so the card carries a Christian frame.	The word and its spelling are settled (Andrews plus KBH). What's open is the parts row. It rests on liʻi 'chief' as 'short for aliʻi' (Wiktionary liʻi#1, and Andrews' bracket). A speaker may read LIʻI as 'small' (liʻi#0), so P&E should confirm the analysis before a LIʻI-chief stone links to anything.	Is makualiʻi a P&E headword (one word), glossed patriarch or progenitor? Does P&E analyse it as makua + (a)liʻi 'chief' (and is liʻi listed as a short form of aliʻi), rather than liʻi 'small'?	https://www.bible.com/bible/2709/HEB.7.KBH | https://www.bible.com/bible/2709/ACT.7.KBH | https://www.bible.com/versions/2709					
makuawahine	makua·wahine	A*	029	doubtful	likely	makuahine	attested	1	makua	wahine	transparent	female parent	Andrews–Parker 1922 bracket: 'Makua, parent, and wahine, female'	mother	Andrews–Parker 1922, makuawahine: 'A mother'	kanaka	archaic/obscure	False			The living word is makuahine, which does not spell makua + wahine and so cannot sit on these two stones. Showing 'makua wahine' or 'makuawahine' would look wrong to a speaker unless P&E gives it as a variant. Its degree of 9 makes it worth one look.	Does P&E list 'makua wahine' or 'makuawahine' as a variant of makuahine? If not, drop it. Also, how does P&E split makuahine?	https://www.bible.com/bible/2709/EXO.20.KBH | https://www.bible.com/versions/2709					
malumake	malu·make	A*	029	doubtful	likely	malu make	corroborated	2	malu	make	transparent	shade of death	Andrews–Parker 1922 bracket: 'Malu, shade, and make, death'	shadow of death	Andrews–Parker 1922, malumake: 'The shade or shadow of death'	naʻau	19th-century coinage	False		Death. A biblical image (Job; Ps. 23), heavy for the piece's warm tone.	Most likely a Bible-translation calque, and KBH itself varies between malu make, malu o ka make and aka o ka make. No secular or modern use was found, and it may be a free phrase rather than a lexical item. If P&E lists it, it could become keep-pending, with a sensitivity read.	Does P&E list 'malu make' (or malumake) as an entry or sub-entry? With what gloss? Is it marked biblical? Check malukoi too.	https://www.bible.com/bible/2709/JOB.10.KBH | https://www.bible.com/bible/2709/PSA.23.KBH | https://www.bible.com/bible/2709/ISA.9.KBH | https://www.bible.com/versions/2709					
manahālō	mana·hālō	A*	029	drop	doubtful	manahalo	inferred	unknown	mana#1	unresolved	partial	limb + fin-stroke	Andrews–Parker 1922 bracket: 'Mana, limb, and halo, motion of fins'	arm and leg strokes in swimming	Andrews–Parker 1922, manahalo: 'The motion of the arms and legs in swimming'	hele	archaic/obscure	False			Degree 0, so it adds no turns. One source. Root b is mis-mapped: the fin-motion halo is not among the listed homographs. The spelling is pieced together from the wrong root.	No check needed for the board. If curious: does P&E have 'manahalo', and is halo 'fin motion; to swim with the hands' unmarked?						
manamanalima	manamana·lima	A*	029	keep	yes	manamana lima	attested	2	manamana#0	lima	transparent	branch of the hand	Andrews–Parker 1922: '[Manamana, to branch, and lima, hand or arm.] The branching of the arm'	finger	Andrews–Parker 1922, manamanalima: 'the finger'. KBH 2 Sam. 21:20 'manamana lima' for fingers	kanaka	traditional	False			Two independent sources (Andrews, plus modern-orthography use in KBH 2018). Transparent, with no exclusion concern. One of a family: manamana lima, manamana nui and manamana wāwae turn into one another on a shared MANAMANA stone.	Is 'manamana lima' a P&E sub-entry under manamana, written as two words, with the gloss 'finger'? Are manamana 'finger, toe' (#0) and manamana 'branching' (#1) one P&E entry? If so, merge them for linking. Andrews' literal reading uses the 'branch' sense.	https://www.bible.com/bible/2709/2SA.21.KBH | https://www.bible.com/versions/2709					
manamananui	manamana·nui	A*	029	keep	yes	manamana nui	attested	2	manamana#0	nui	transparent	large branch	Andrews–Parker 1922 bracket: 'Manamana, branch, and nui, large'	thumb; big toe	Andrews–Parker 1922, manamananui: 'The thumb or the great toe'. KBH Lev. 8:23–24 uses it for both	kanaka	traditional	False			Two independent sources (Andrews, plus modern-orthography use in KBH 2018). Transparent, with no exclusion concern. One of a family: manamana lima, manamana nui and manamana wāwae turn into one another on a shared MANAMANA stone.	Is 'manamana nui' a P&E sub-entry under manamana, written as two words, with the gloss 'thumb; big toe'? Are manamana 'finger, toe' (#0) and manamana 'branching' (#1) one P&E entry? If so, merge them for linking. Andrews' literal reading uses the 'branch' sense.	https://www.bible.com/bible/2709/LEV.8.KBH | https://www.bible.com/versions/2709	y	keep-pending	manamana nui		
manamanawāwae	manamana·wāwae	A*	029	keep	yes	manamana wāwae	attested	2	manamana#0	wāwae	transparent	branch of the foot	Andrews–Parker 1922 bracket: 'Manamana, branch, and wawae, foot'	toe	Andrews–Parker 1922, manamanawawae: 'The toes'. KBH 2 Sam. 21:20 'manamana wāwae' for toes	kanaka	traditional	False			Two independent sources (Andrews, plus modern-orthography use in KBH 2018). Transparent, with no exclusion concern. One of a family: manamana lima, manamana nui and manamana wāwae turn into one another on a shared MANAMANA stone.	Is 'manamana wāwae' a P&E sub-entry under manamana, written as two words, with the gloss 'toe'? Are manamana 'finger, toe' (#0) and manamana 'branching' (#1) one P&E entry? If so, merge them for linking. Andrews' literal reading uses the 'branch' sense.	https://www.bible.com/bible/2709/2SA.21.KBH | https://www.bible.com/versions/2709					
manawahua	manawa·hua	A*	029	drop	yes	manawahua	attested	1	manawa	unresolved	partial			indigestion; ill-tempered	POLLEX (P&E 1986): 'Discomfort of the stomach or indigestion'. Andrews–Parker 1922: 'Of bad disposition … angry'	kanaka	traditional	True	excretory: P&E (via POLLEX) 'with gas and often diarrhea'; Andrews 'An unpleasant state of the bowels … An evacuation of the bowels' | root hua carries a 'testicle' sense (Andrews hua n. 5; POLLEX PEC *fua 'Testicles', cited to P&E)	Bodily illness.	One of the compound's own senses is excretory, so under §4.3 the whole word goes, even though the 'ill-tempered' sense is innocent. The manawa it uses (P&E: 'belly') is also not the listed 'feelings' sense.	No check needed: P&E's own sense (via POLLEX) excludes it.						
manawaʻino	manawa·ʻino	A*	029	keep-pending	likely	manawaʻino	inferred	unknown	manawa	ʻino	transparent	bad disposition	Andrews–Parker 1922 bracket: 'Manawa, disposition, and ino, bad'	ill-natured, unfriendly	Andrews–Parker 1922, manawaino: 'having a bad disposition; unlovely; unfriendly'	naʻau	unknown	False		A character insult ('evil minded'). Mild, but a card should keep the gloss plain.	Transparent and plausible, but it has only one source and no modern use. P&E has to confirm that it exists, its spelling, and whether it is one word.	Is 'manawaʻino' (or 'manawa ʻino') in P&E? Is the gloss 'ill-natured, malicious'? Does it use manawa 'feelings, disposition'?						
manaʻolana	manaʻo·lana	A	029	keep	yes	manaʻolana	attested	1	manaʻo	lana#0	transparent	buoyant thought	Andrews–Parker 1922: 'Manao, thought, and lana, to float … To be buoyed up, as the mind; not to sink'	hope; to hope	Wiktionary manaʻolana: 'hope; to hope'. Andrews–Parker 1922: 'To hope; to trust in; to expect'	naʻau	unknown	False		Part of the Christian triad in 1 Cor. 13:13 (faith, hope, love). Not a problem, but it carries that echo.	Attested spelling (Wiktionary, KBH, hawwiki), transparent by Andrews' explicit buoyancy reading, and no exclusion concern. Wiktionary's suffix analysis is the one thing for P&E to settle. lana#1 'frog' (a Latin loan) is not involved.	Does P&E give 'Lit., floating thought' or 'buoyant thought' (root lana), or treat -lana as a suffix? Confirm the one-word headword manaʻolana.	https://www.bible.com/bible/2709/1CO.13.KBH | https://www.bible.com/versions/2709					
manaʻopaʻa	manaʻo·paʻa	A*	029	keep-pending	likely	manaʻo paʻa	corroborated	2	manaʻo	paʻa	transparent	firm thought	Andrews–Parker 1922 bracket: 'Manao, thought, and paa, firm'	resolve; firm purpose	Andrews–Parker 1922, manaopaa: 'A plan; a resolution; a design'	naʻau	traditional	False			Andrews (with 19th-century literary citations) plus modern two-word use make it plausible, and it is transparent. But it could be a free phrase, and the word break needs P&E. At degree 19 it is the most connective word in this batch, so it is worth the lookup.	Is 'manaʻo paʻa' a P&E sub-entry under manaʻo (two words), glossed 'determination, resolve' or 'determined'? Or is it absent, which would mean a free phrase?						
manaʻoʻiʻo	manaʻo·ʻiʻo	W+A	029	keep	yes	manaʻoʻiʻo	attested	1	manaʻo	ʻiʻo#1	transparent	think it true	Andrews–Parker 1922 bracket: 'Manao, think, and io, real; substantial'; 'Same as manao oiaio, to think to be truth'	faith; to believe	Wiktionary manaʻoʻiʻo: 'faith, confidence; to believe'	naʻau	unknown	False		The main modern use is religious faith (KBH 1 Cor. 13:13; hawwiki articles on religions). Fine, but it carries that frame.	Two sources (Wiktionary, Andrews) plus clear modern use. Spelling attested, transparent, no exclusion concern. The one fine point is the ʻiʻo sense: 'true, genuine' (ʻiʻo#1), per Andrews' 'real'. POLLEX (P&E) puts 'true, genuine' under the same entry as 'flesh', so P&E may merge #0 and #1.	Confirm the one-word headword manaʻoʻiʻo, 'faith, belief; to believe'. Is the ʻiʻo here P&E's ʻiʻo 'true, genuine', and is that a separate homograph from ʻiʻo 'flesh', or the same entry? That decides whether ʻIʻO stones link.	https://www.bible.com/bible/2709/1CO.13.KBH | https://www.bible.com/versions/2709	y	keep	manaʻoʻiʻo		
manuhelekū	manu·helekū	W	029	keep-pending	likely	manuhelekū	attested	1	manu	helekū	transparent	bird that walks upright	Wiktionary etymology: manu 'bird' + helekū 'to walk upright'	penguin	Wiktionary manuhelekū: 'penguin'	lani	modern coinage	False			Lovely and transparent, but only crowd-edited Wiktionary supports it, and penguins are not native, so it is probably a modern coinage. Needs Māmaka Kaiao or P&E. The design must also decide whether a stone that is itself a compound (HELEKŪ) is allowed.	Is manuhelekū in Māmaka Kaiao (or P&E) for 'penguin'? One word, with the kahakō on kū? If so, mark it a modern coinage.						
manuheu	manu·heu	A*	029	drop	doubtful	manuheu	inferred	unknown	manu	unresolved	opaque			dispersal; civil strife	Andrews–Parker 1922, manuheu: 'A breaking up; a flying away; a setting at variance … civil commotion'	kanaka	archaic/obscure	False		Civil strife. Other homographs are about bruising and injury.	Andrews' 'heu, wing' is not supported by any listed heu sense. The word has four unrelated homograph entries. The meaning does not compose from 'bird' and 'down', and there is no modern use.	No check needed. If curious: is manuheu in P&E, and with which senses?						
manuhuhū	manu·huhū	A*	029	doubtful	doubtful	manu huhū	corroborated	2	manu	huhū	transparent	angry bird	Andrews–Parker 1922 bracket: 'Manu, bird, and huhu, angry'	bird of prey	Andrews–Parker 1922, manuhuhu: 'A wild, ravenous bird. General name for fierce birds'	lani	19th-century coinage	False		Literally 'angry bird'. A careless card risks a game-title joke, so if it is kept, gloss it 'bird of prey'.	Probably a free phrase from Bible translation. KBH writes it as two ordinary words for 'ravenous bird', and there is no other use. Keep it only if P&E lists it as a set term.	Does P&E list 'manu huhū' as a sub-entry (e.g. 'bird of prey'), or not at all?	https://www.bible.com/bible/2709/ISA.46.KBH | https://www.bible.com/versions/2709					
manuihu	manu·ihu	A*	029	keep-pending	likely	manu ihu	inferred	unknown	manu	ihu	partial	nose of the bird (beak)	Andrews–Parker 1922: '[Manu, bird, and ihu, nose.] The beak'	beak end-piece of a canoe	Andrews–Parker 1922, manuihu: 'The beak, that is, the end of the bow and stern of a canoe'	hana	archaic/obscure	False			A good canoe word, consistent with Andrews' manu 'canoe end-piece' and with ihu 'prow'. But it has one source, no modern use, and its spelling and break are inferred. Note that the manu it uses is the canoe end-piece (Andrews manu n. 3), which Wiktionary's single manu entry ('bird') does not list. P&E should say whether that is a separate sense for linking.	Is 'manu ihu' (or manuihu) in P&E as the bow end-piece of a canoe? One word or two? Is the canoe sense of manu a sub-sense of manu 'bird', or its own entry? Should MANU stones in bird words link to it?						
manuū	manu·ū	A*	029	drop	doubtful	manu ʻū	corroborated	2	manu	unresolved	partial	mourning bird	Andrews–Parker 1922 bracket: 'Manu, bird, and u, to mourn or utter a plaintive note'	a biblical bird (crane?)	Andrews–Parker 1922, manuu: 'A bird; perhaps a crane; the turtle dove, as mentioned in Scripture'. KBH Jer. 8:7 has it where KJV has 'crane'	lani	19th-century coinage	True	gloss would teach nothing certain: a Bible-translation bird whose identity Andrews himself hedges ('perhaps a crane; the turtle dove')		The root is mis-mapped: the real element is ʻū, which is not among the listed homographs (ū 'breast', ū 'drip'). It is a Bible-translation bird name with an uncertain referent, and it has no other use.	No check needed. If curious: is 'manu ʻū' in P&E, and as which bird?	https://www.bible.com/bible/2709/JER.8.KBH | https://www.bible.com/versions/2709					
maʻalahi	maʻa·lahi	W	030	keep-pending	likely	maʻalahi	attested	1	maʻa	lahi	partial			easy, simple	Wiktionary maʻalahi (verb): 'easy', 'simple'; (noun) 'ease, simplicity'	hana	traditional	False		Andrews' maʻa block includes a separate adjective 'offensive in smell; stinking'. It is a different word, not excretory, and not the sense used here.	The word and its spelling are secure. The split rests on one bare Wiktionary etymology, and no source says how maʻa 'accustomed' and lahi 'thin, frail' make 'easy', so the parts row has no reading to cite. The 1922 senses ('fortunate; to escape harm') also differ from the modern 'easy'. Degree 2.	Does P&E derive maʻalahi from maʻa + lahi, and does it give a Lit. reading? Confirm the headword maʻalahi (one word) and the sense 'easy, simple'.		y	keep-pending	maʻalahi		
maʻaleʻa	maʻa·leʻa	A*	030	doubtful	doubtful	maʻalea	corroborated	1	maʻa	unresolved	partial	thoroughly practised	Andrews–Parker 1922 bracket: 'Maa, accustomed, and lea, adv., very'	crafty, cunning; skilled by practice	Andrews–Parker 1922 Maalea: adj. 'cunning; crafty'; n. 'cunning; craft; subtlety, such as is obtained by practice'	naʻau	traditional	True	Conditional, root level: the proposed split puts the word on a LEʻA stone. leʻa#0 lists 'orgasm' (Wiktionary), and Andrews files 'Sexual gratification' as Lea n. 2. The compound uses the adverb (leʻa#1), but §4.3 drops a word when a reader may know another sense on the same stone. batch-008 (huna) and batch-026 (puhi) handled this the same way. If P&E confirms maʻalea with an unmarked lea, the stone would be LEA. LEA has no root sense in the dossier, so the split fails anyway.	The gloss is a character judgement that can be negative (crafty, deceitful). Andrews also gives 'prudent; wise'. Show it neutrally.	An Andrews-only etymology that the modern spelling contradicts: maʻalea has no ʻokina where leʻa needs one. The second root is unresolved, and the LEʻA stone carries a sexual homograph.	Headword: maʻalea or maʻaleʻa? Does P&E analyse it as maʻa + leʻa, or give a Lit.? If the headword is maʻalea, the split maʻa·leʻa fails as spelled.	https://wehiolelo.org/?q=maʻalea					
maʻaweʻula	maʻawe·ʻula	A*	030	keep-pending	likely	maʻaweʻula	inferred	unknown	maʻawe	ʻula#0	transparent	red track	Andrews–Parker 1922 bracket: 'Maawe, a track, and ula, red; brown'	path worn down to red earth	Andrews–Parker 1922 Maaweula: 'A path or road so much trodden as to cause the red or brown earth to appear'	hele	archaic/obscure	False		ʻula has other homographs, 'sacred, royal' (#1) and 'blood' (#2). Neither is the sense used, and the ʻULA stone must link only with ʻula#0 'red' words.	Transparent, and the bracket parses cleanly with the right root sense, but it rests on Andrews alone and the spelling is pieced together.	Does P&E list maʻaweʻula 'path trodden until the red earth shows'? Confirm one word, the ʻokina before ula, and any Lit. ('red track').						
maʻaʻula	maʻa·ʻula	A*	030	drop	no	maulaula	inferred	unknown	unresolved	ʻula#0	opaque			red earth used for colouring	Andrews–Parker 1922 Maulaula: 'A red earth used in coloring, obtained in some deep ravines' (the gloss belongs to maulaula, not to the candidate)	ʻāina	archaic/obscure	False			Not a word as spelled. It is an artifact of a non-concatenating Andrews parse: the headword is maulaula, and maʻa is never glossed. Its degree of 7 comes from MAʻA and ʻULA stones it has no real tie to.	None needed to drop. Optional: does P&E have maulaula, or a spelling like maʻaʻula, for a red pigment earth? If P&E lists maʻaʻula as a headword, reopen.						
meakiaʻi	mea·kiaʻi	A*	030	drop	doubtful	mea kiaʻi	corroborated	2	mea#0	kiaʻi	transparent	guarding one	Andrews–Parker 1922 bracket: 'Mea, thing, and kiai, to guard'	a guard, protector	Andrews–Parker 1922 Meakiai: 'A guard; a protection; a preserver'	kanaka	unknown	False		Andrews' only distinct sense is 'epithet of Jehovah', a religious title.	This is the productive agentive construction mea + verb, not a lexical item. It works almost like a prefix: a MEA stone would link dozens of 'one who ___' phrases with lines that mean only 'both are agent nouns', the problem §2 names for hoʻo-. Degree 2.	Not needed to drop. Optional: is 'mea kiaʻi' a P&E sub-entry, or only a phrase?						
meaʻē	mea·ʻē	A*	030	doubtful	doubtful	mea ʻē	corroborated	2	mea#0	ʻē#1	transparent	another thing	Andrews–Parker 1922 bracket: 'Mea, thing, and e, another'	a strange thing; a wonder	Andrews–Parker 1922 Meae n. 2: 'a stranger; one unknown; a new thing; a wonder; a prodigy'	naʻau	traditional	False		ʻē#0 is the English-derived name of the letter E. It is not the sense used, and the ʻĒ stone must link only with ʻē#1 'strange, different'.	A noun-plus-modifier phrase, attested as a word only in Andrews. Modern use is the grammatical 'mea ʻē aʻe' ('other things'), so a card reading 'a wonder' would rest on a 1922 sense alone. A MEA stone also invites the mea + X over-linking that meakiaʻi shows.	Is 'mea ʻē' a P&E sub-entry (under mea or ʻē) meaning 'stranger; strange thing, wonder', or only a phrase? One word or two?						
mikiʻaiā	miki·ʻaiā	A*	030	drop	no	mikiʻala	corroborated	1	miki#1	unresolved	opaque			alert; quick to rise early	Andrews–Parker 1922 Mikiala: v. 'to rise quickly or early in the morning'; adj. 'early on hand; ready for business; watchful'	hele	traditional	True	The candidate spelling 'mikiʻaiā' is not a word. It is an OCR-repair artifact of Andrews' 'mikiala', and the root ʻaiā 'ungodly, wicked' it was mapped to is not part of the word.	As mapped, the ʻAIĀ stone would print 'ungodly, godless, wicked' on the card of a word that means 'alert, early-rising'. That would be a real error.	Built from a misread. Drop this row. If wanted, re-enter the real word as miki·ʻala (mikiʻala 'alert, quick to rise'), with the second root to be confirmed in P&E (ʻala 'awake, alert' as in makaʻala).	Not needed to drop. For a possible re-entry: headword mikiʻala? Does P&E analyse it as miki + ʻala (as in makaʻala), and give a Lit.?		y	drop	mikiala		
mikiʻoi	miki·ʻoi	A*	030	doubtful	doubtful	mikiʻoi	inferred	unknown	unresolved	ʻoi	partial			neat, deft, as fine work	Andrews–Parker 1922 Mikioi: adj. 'Neat; nice, as work done in a workmanlike manner'; n. 'excellency in work'	hana	traditional	False			The first root is unglossed and its sense unresolved. The second root's sense ('to excel') is not in the dossier's homograph list. The spelling is pieced together, and the degree is 0.	Headword spelling: mikioi or mikiʻoi? Does P&E analyse it as miki + ʻoi ('excel'), and which miki (quick/active?)?						
moamahi	moa·mahi	A*	030	keep-pending	likely	moa mahi	inferred	either	moa	mahi	transparent	strong fowl	Andrews–Parker 1922 bracket: 'Moa, fowl, and mahi, strong'	victorious fighting cock; any conqueror	Andrews–Parker 1922 Moamahi: '1. A cock that conquers. 2. A conqueror of any kind'; Mahi adj.: 'moa mahi, a fighting-cock'	lani	archaic/obscure	False		Cockfighting: a traditional pastime, now illegal. Note that mahi here is the 'strong' sense (Andrews adj.; PPN *mafi 'strong'), while Wiktionary's mahi gives only 'to cultivate'. The MAHI stone's card gloss must fit both, or the two must be treated as the same root, as POLLEX implies.	Transparent, and the bracket is supported by Andrews' own example, but it is Andrews-only with an unknown word break. The 'strong' sense of mahi is not in Wiktionary's sense list. Degree 1.	Does P&E list moa mahi or moamahi 'fighting cock; champion'? One word or two? Is mahi 'strong' the same entry as mahi 'to cultivate' (POLLEX *mafi)?						
moanakai	moana·kai	A*	030	keep-pending	likely	moanakai	inferred	unknown	moana#0	kai	transparent	sea of salt water	Andrews–Parker 1922 bracket: 'Moana, sea, and kai, salt'	salt sea; salt lake	Andrews–Parker 1922 Moanakai: '1. The salt sea … 2. Applied in geography to salt lakes'	kai	19th-century coinage	False			Transparent with a clean bracket, but only Andrews has it, with no modern use. Andrews ties it to geography and the Dead Sea, which suggests a 19th-century teaching or Bible term. Degree 11 makes the P&E check worth doing.	Does P&E list moanakai or moana kai 'salt sea; salt lake'? One word or two? Any Lit.?						
moanapaʻakai	moana·paʻakai	A*	030	doubtful	doubtful	moanapaʻakai	inferred	unknown	moana#0	paʻakai	transparent	sea of salt	Andrews–Parker 1922 bracket: 'Moana, sea, and paakai, salt'	the salt ocean, salt sea	Andrews–Parker 1922 Moanapaakai: 'The salt ocean or salt sea'	kai	archaic/obscure	False			Three morphemes, Andrews-only, and a near-duplicate of moanakai. The card would teach nothing moanakai doesn't. Degree 2.	Is moanapaʻakai in P&E at all? If it isn't, drop it.						
moanawai	moana·wai	A*	030	keep-pending	likely	moanawai	inferred	unknown	moana#0	wai#0	transparent	freshwater sea	Andrews–Parker 1922 bracket: 'Moana, sea, and wai, fresh water'	a lake of fresh water	Andrews–Parker 1922 Moanawai: 'A lake; a lake of fresh water'	ʻāina	unknown	False			Transparent and cleanly bracketed, and it pairs neatly with moanakai, but it is Andrews-only with no modern use. With degree 23, the highest in this batch, it is the most valuable P&E lookup here.	Does P&E list moanawai or moana wai 'lake, freshwater lake'? One word or two? Any Lit.? Is it marked as a geography or Bible term?						
moawī	moa·wī	A*	030	doubtful	doubtful	moawī	inferred	unknown	moa	unresolved	opaque			a setting (brooding) hen	Andrews–Parker 1922 Moawi: 'A setting hen'	lani	archaic/obscure	False		wī#2 is the English-derived name of the letter V, and wī#0 includes 'famine'. Neither is shown to be the sense used.	The second root is unglossed and its sense unresolved, so the parts row would be a guess. The spelling is pieced together, and the degree is 1.	Does P&E list moawī or moa wī 'setting hen'? Which wī is it (squeal? famine?), and is there a kahakō?		y	doubtful	moawī		
moehewa	moe·hewa	W+A	030	keep	yes	moehewa	attested	1	moe	hewa	transparent	sleeping wrongly	Wiktionary etymology (moe 'to sleep' + hewa 'to be wrong'); Andrews–Parker bracket 'Moe, sleep, and hewa, wrong'	to talk or walk in sleep	Wiktionary moehewa: 'to fidget, talk, or walk in one's sleep; to have a nightmare'; Andrews–Parker 1922: 'to talk in sleep; to get up and do things in sleep'	kanaka	traditional	False		Wiktionary's moe senses include 'to die' and 'to marry'. Andrews–Parker also has moe compounds with sexual meanings (moeipo 'fornicator', moekolohe 'adulterous'), which shows moe used for 'to lie with'. Same design-owner call as batches 003/004/010/014/027: if P&E's moe has a sexual sense, §4.3's either-root rule reaches every moe word. hewa also means 'sin' (Christian usage). The compound uses 'wrong, amiss'.	Two independent sources agree on the split and the meaning. The spelling is a Wiktionary headword, and the compound is transparent. Its only open question is the moe family's design-owner call.	Confirm the headword moehewa (one word), the sense 'to talk or walk in sleep; nightmare', and whether P&E gives a Lit. ('wrong sleep'?). For the whole moe family: does P&E's moe include a sexual sense?						
moeone	moe·one	A*	030	keep-pending	likely	moeone	inferred	unknown	moe	one	transparent	lies in sand	Andrews–Parker 1922 bracket: 'Moe, to lie, and one, sand'	an earth-dwelling worm	Andrews–Parker 1922 Moeone: 'A worm that lives in the earth; a peelua'	ʻāina	archaic/obscure	False		Wiktionary's moe senses include 'to die' and 'to marry'. Andrews–Parker also has moe compounds with sexual meanings (moeipo 'fornicator', moekolohe 'adulterous'), which shows moe used for 'to lie with'. Same design-owner call as batches 003/004/010/014/027: if P&E's moe has a sexual sense, §4.3's either-root rule reaches every moe word.	Transparent with a clean bracket, but Andrews-only. The creature is vague ('a worm … a peelua'), and P&E should say what it is before a card names it. Degree 7.	Does P&E list moeone? One word? What creature is it (a sand- or earth-dwelling worm; same as peʻelua?), and is there a Lit. ('sand sleeper')?						
moeʻino	moe·ʻino	A*	030	keep-pending	likely	moeʻino	inferred	unknown	moe	ʻino	transparent	bad sleep	Andrews–Parker 1922 bracket: 'Moe, sleep, and ino, bad, unpleasant'	an unpleasant dream; uneasy sleep	Andrews–Parker 1922 Moeino: '1. Sleeping uncomfortably for want of room … 2. An unpleasant dream'	naʻau	traditional	False		Wiktionary's moe senses include 'to die' and 'to marry'. Andrews–Parker also has moe compounds with sexual meanings (moeipo 'fornicator', moekolohe 'adulterous'), which shows moe used for 'to lie with'. Same design-owner call as batches 003/004/010/014/027: if P&E's moe has a sexual sense, §4.3's either-root rule reaches every moe word. ʻino's senses include 'foul, rotten, smelly'. These are not excretory and not the sense used.	Transparent and cleanly bracketed, with internal Andrews support (moekahua = moeino). It is Andrews-only, and the word break is unknown.	Headword: moeʻino or moe ʻino? Sense 'nightmare, bad dream'? Lit. 'bad sleep'?						
moeʻuhane	moe·ʻuhane	A*	030	keep	yes	moeʻuhane	attested	1	moe	ʻuhane	transparent	sleep of the soul	Andrews–Parker 1922 bracket: 'Moe, to sleep, and uhane, soul; spirit'	a dream; a vision	Andrews–Parker 1922 Moeuhane: 'A dream; a vision; a trance'	naʻau	traditional	False		ʻuhane also means the ghost or spirit of a dead person (Andrews; Wiktionary 'ghost'), and dreams carry spiritual weight in Hawaiian tradition. The Hawaiian Wikipedia article lists moe ʻuhane among traditional ways of knowing, so treat the card with respect. Wiktionary's moe senses include 'to die' and 'to marry'. Andrews–Parker also has moe compounds with sexual meanings (moeipo 'fornicator', moekolohe 'adulterous'), which shows moe used for 'to lie with'. Same design-owner call as batches 003/004/010/014/027: if P&E's moe has a sexual sense, §4.3's either-root rule reaches every moe word.	Andrews' clean analysis plus clear, consistent modern use as one word. Transparent and well known. It awaits only the moe family's design-owner call.	Confirm the headword moeʻuhane (one word), 'dream; to dream', and P&E's Lit. ('soul sleep'?).	https://wehiolelo.org/?q=moeʻuhane					
mokuhonua	moku·honua	W	030	keep	yes	mokuhonua	attested	1	moku	honua#0	transparent	island of land	Wiktionary etymology: moku ('island, section') + honua ('Earth, land, world'). Compare Andrews–Parker's place-name reading 'district of level land'.	continent	Wiktionary mokuhonua: 'continent'	ʻāina	modern coinage	False		It is also a land-section name in Hilo (Andrews' place-name list), but the modern word is the common noun 'continent'. moku's first Wiktionary sense, 'to be severed, amputated', is not the sense used.	Wiktionary's analysis plus clear modern use, with an attested spelling, and it is transparent. As a common noun it is probably a post-1922 coinage (absent from Andrews), which is a design choice (ROOTS.md point 4), not a defect.	Is mokuhonua in P&E or Māmaka Kaiao as 'continent'? One word? Does P&E prefer ʻāina nui or ʻāinapuniʻole?	https://haw.wikipedia.org/wiki/Mokuhonua		keep	mokuhonua		
mokukaua	moku·kaua	A*	030	keep	yes	moku kaua	attested	2	moku	kaua	transparent	war ship	Andrews–Parker 1922 bracket: 'Moku, ship, and kaua, war'	warship, man-of-war	Andrews–Parker 1922 Mokukaua: 'A war ship; a man-of-war'	hana	19th-century coinage	False		War. In modern use it names the US Navy (ʻOihana Moku Kaua), and a Hawaiian Wikipedia sentence uses it beside the bombing of Kahoʻolawe. The Navy's history at Kahoʻolawe and Puʻuloa is a charged subject in Hawaiʻi. moku 'ship' is itself a post-contact sense (Andrews: ships were 'so called from the supposition when first seen that they were islands').	Andrews' clean analysis plus consistent modern two-word use, and transparent. Keep it, with the sensitivity note for the kumu read. Degree 15.	Confirm P&E writes 'moku kaua' (two words), 'warship, man-of-war'.		y	keep-pending	moku kaua		
mokulele	moku·lele	W	030	keep	yes	mokulele	attested	1	moku	lele	transparent	flying ship	Wiktionary etymology: moku ('large ship') + lele ('to fly')	airplane	Wiktionary mokulele: 'airplane'	hana	modern coinage	False			Wiktionary's analysis plus heavy modern use, an attested spelling, and fully transparent. It is a 20th-century coinage (absent from Andrews 1922), which is a design choice, not a defect. Degree 18.	Confirm the headword mokulele 'airplane' (P&E or Māmaka Kaiao) and any Lit. ('flying ship').						
mokuluʻu	moku·luʻu	W	031	keep-pending	likely	mokuluʻu	attested	1	moku	luʻu	transparent	diving ship	Wiktionary etymology: moku 'large boat' + luʻu 'dive'	submarine	Wiktionary	hana	modern coinage	False			Transparent, spelling attested as a Wiktionary headword, but only Wiktionary vouches for it and it has no use in Hawaiian Wikipedia. Needs Māmaka Kaiao to confirm it is the standard term. Whether modern coinages belong is a design choice (ROOTS.md, point 4).	Māmaka Kaiao (P&E predates the object): is 'mokuluʻu' the entry for submarine, written as one word? Is another term listed alongside it?						
mokumāhu	moku·māhu	A*	031	keep-pending	likely	mokumāhu	inferred	unknown	moku	māhu	transparent	steam ship	Andrews–Parker bracket [Moku, boat, and mahu, steam]	steamship	Andrews–Parker 'A steamship'	hana	19th-century coinage	False		Andrews' unmarked 'Mahu' also spells māhū, glossed in Andrews as 'a man who ... dresses his person like a woman; a hermaphrodite; a eunuch'. In modern use māhū is a third-gender identity and is also used as a slur. In modern spelling MĀHU 'steam' and MĀHŪ are different words and different stones, and the root here is steam, so the word is not excluded. But a reader who misses the kahakō could misread the stone. The more common synonym mokuahi avoids the problem.	Transparent and plausible, but it rests on Andrews alone, the spelling is pieced together, and Andrews says mokuahi was the usual word. P&E must confirm the headword. If P&E lacks it, drop it in favour of moku·ahi.	Is 'mokumāhu' or 'moku māhu' a P&E headword meaning 'steamship'? Confirm the vowel length: māhu (steam), not māhū. Does P&E point to mokuahi instead?						
mokupuni	moku·puni	W+A	031	keep	yes	mokupuni	attested	1	moku	puni#0	transparent	surrounded land-section	Andrews–Parker definition 'a division of land surrounded (by water)'; Wiktionary etymology moku 'island, section' + puni 'surrounded'	island	Wiktionary 'island'; Andrews–Parker 'the full form for island'	ʻāina	traditional	False			Two sources agree on the analysis, the spelling is in consistent modern use, the meaning composes, and no exclusion applies. puni here is puni#0 'surrounded' (PPN *puni), not puni#1 'deceived'.	Confirm the headword 'mokupuni', one word, 'island'. Does P&E give a 'Lit.' reading (e.g. 'surrounded section')?						
mokuwāhi	moku·wāhi	A*	031	doubtful	likely	mokuwāhi	inferred	unknown	moku	wāhi	partial	divided and broken apart	Andrews–Parker bracket [Moku and wahi, to break]; Andrews moku v. 'to be divided in two'	to be at odds	Andrews–Parker 'To be at enmity or variance, as two men'	naʻau	archaic/obscure	False		A word for enmity. The moku root also carries 'to be cut off, amputated'. Mild.	Andrews–Parker itself marks it obsolete. One source, no modern use, spelling unconfirmed. P&E may not carry it, and an obsolete word for a quarrel adds little to the piece.	Does P&E have 'mokuwāhi' or 'mokuwahi', 'at variance, at enmity'? If so, wahi or wāhi, and is there a 'Lit.'?						
mokuʻāina	moku·ʻāina	W	031	keep	yes	mokuʻāina	attested	1	moku	ʻāina	transparent	land section	Wiktionary etymology: moku 'island, section' + ʻāina 'land'	state; district; island	Wiktionary 'state, district, province; island'	ʻāina	unknown	False		Its commonest modern sense is a US state ('Ka Mokuʻāina o Hawaiʻi'), and statehood is politically charged for many Hawaiians. Consider leading the card with 'island; district' and letting the fluent-speaker read decide whether to show 'state'.	Wiktionary analysis plus heavy, consistent modern use. Spelling attested, transparent, no exclusion. Register is unknown: Andrews lacks it, and the 'state' sense is presumably modern.	Is 'mokuʻāina' a P&E headword, one word? Which senses does P&E give (island / district / state), and is 'state' P&E's or only Māmaka Kaiao's? Is there a 'Lit.'? Is the two-word 'moku ʻāina' listed separately as 'continent'?		y	keep	mokuʻāina		
momikū	momi·kū	A*	031	drop	doubtful	momikū	inferred	unknown	unresolved	kū#0	partial	swallow standing	Andrews–Parker 'To swallow standing up'	to swallow up, standing	Andrews–Parker	naʻau	archaic/obscure	False		Attributed to Kamehameha I as an expression of contempt for his enemies. A kumu may not want a chiefly utterance about war reduced to a game tile.	A historical expression credited to one person, known only from the 1922 dictionary, archaic. Its first root is momi 'to swallow' (a variant of moni), not momi 'pearl', so the stone would link to the wrong root.	Low priority. Only if looking anyway: is 'momikū' in P&E at all, and with which momi?						
monakō	mona·kō	W	031	keep-pending	likely	monakō	attested	1	mona	kō#0	partial	sugar fat	Wiktionary etymology: 'literally “sugar fat”'	glucose	Wiktionary	ulu	modern coinage	False		kō has a homograph kō#1 'to become pregnant'. It is not the root used here and is not an exclusion under §4.3.	A modern scientific coinage known only from Wiktionary; needs Māmaka Kaiao. Degree 2, so it adds little to the board, and a chemistry term sits awkwardly with the piece's subject (ROOTS.md, point 4).	Māmaka Kaiao: is 'monakō' the entry for glucose, one word? Does it give a reading of the parts?						
moʻaleʻa	moʻa·leʻa	A*	031	drop	doubtful	moʻa leʻa	inferred	either	moʻa	leʻa#1	transparent	cooked thoroughly	Andrews–Parker bracket [Moa, cooked, and lea, very]	thoroughly cooked	Andrews–Parker 'Thoroughly cooked, as food'	ulu	traditional	True	The spelling leʻa has a sexual sense: Wiktionary leʻa#0 includes 'orgasm', and Andrews has lea n. 2 'sexual gratification'. Under §4.3 a word goes if any of its senses is sexual, because a reader may know that sense. The automated screen did not catch this.		Excluded under §4.3 (sexual sense of leʻa). It is also probably a free phrase, the adverb leʻa used as an intensifier, rather than a lexical compound.	None needed (excluded). If the rule is ever relaxed for homographs: does P&E give 'moʻa leʻa' as a phrase under leʻa?						
moʻamaka	moʻa·maka	A*	031	keep-pending	likely	moʻamaka	inferred	unknown	moʻa	maka#1	transparent	cooked-raw	Andrews–Parker bracket [Moa, cooked, and maka, raw]	partly cooked	Andrews–Parker 'Imperfectly or partially cooked'	ulu	unknown	False			Transparent and appealing (two opposite roots), but only Andrews has it, and spelling and word break are pieced together. Degree 1, so low priority.	Is 'moʻamaka' or 'moʻa maka' in P&E, meaning 'half-cooked'? One word or two?						
moʻoakua	moʻo·akua	A*	031	doubtful	doubtful	moʻoakua	inferred	unknown	unresolved	akua	transparent	story of the gods	Andrews–Parker bracket [Moo, a story, and akua, a god]	legend of the gods	Andrews–Parker 'A legend; a story concerning the gods'	naʻau	unknown	False		Sacred subject (akua, gods). Read as moʻo + akua, it names lizard or water deities, still honoured as ʻaumakua by some families.	One 1922 source. moʻo could mean 'story' or 'lizard', and the deity reading is probably the usual one today. Sacred subject matter.	Does P&E have 'moʻoakua' or 'moʻo akua'? If so, does it mean 'legend of the gods' (Andrews) or 'lizard god'? One word or two?						
moʻoaliʻi	moʻo·aliʻi	A*	031	keep-pending	likely	moʻoaliʻi	inferred	unknown	unresolved	aliʻi	transparent	line of chiefs	Andrews–Parker bracket [Moo, a line, and alii, chief]	genealogy of chiefs	Andrews–Parker 'The names of a line of chiefs; a genealogy'	kanaka	traditional	False		Chiefly genealogies are treated as sacred, family-held knowledge. Handle with respect.	Transparent and plausible, but only Andrews has it, and spelling and word break are pieced together. Needs the separate moʻo 'line' root before it can link correctly.	Is 'moʻo aliʻi' or 'moʻoaliʻi' in P&E (perhaps as a phrase under moʻo 'succession'), meaning 'chiefly genealogy'? One word or two? Also confirm that P&E keeps moʻo 'succession, lineage' as a separate entry from moʻo 'lizard'.		y	keep-pending	moʻoaliʻi		
moʻokanaka	moʻo·kanaka	A*	031	keep-pending	likely	moʻokanaka	inferred	unknown	unresolved	kanaka	transparent	line of people	Andrews–Parker bracket, reading 'live' as OCR for 'line', + kanaka 'human being'	genealogy; list of the people	Andrews–Parker 'A genealogy or a list of the people'	kanaka	unknown	False		Andrews ties it to tax rolls. 'Genealogy' is the respectful sense to show.	Plausible and transparent, but one source with an OCR-damaged bracket, and spelling and word break unconfirmed.	Is 'moʻokanaka' or 'moʻo kanaka' in P&E? Does it mean a genealogy of commoners, or a census or tax list? One word or two?						
moʻokupuna	moʻo·kupuna	A*	031	keep-pending	likely	moʻokupuna	inferred	unknown	unresolved	kupuna	transparent	line of ancestors	Andrews–Parker bracket [Moo, line, and kupuna, grandfather]	line of ancestors; genealogy	Andrews–Parker 'A list or line of ... one's family or ancestors; a genealogy'	kanaka	traditional	False		Genealogy is treated as sacred knowledge. Handle respectfully.	Transparent and plausible. One source, and spelling and word break are pieced together.	Is 'moʻokupuna' or 'moʻo kupuna' in P&E, meaning 'ancestral line, genealogy'? One word or two?						
moʻokūʻauhau	moʻo·kūʻauhau	A*	031	keep	yes	moʻokūʻauhau	attested	1	unresolved	kūʻauhau	transparent	line of genealogy	Andrews–Parker bracket [Moo, a line, and kuauhau, a story]	genealogy, line of descent	Andrews–Parker 'genealogy, a line of descent'	kanaka	traditional	False		Genealogy is sacred: Andrews, quoting Malo, names the Kumulipo at its head. Show it with respect.	Andrews' analysis plus consistent modern one-word use; spelling settled by use; transparent; no exclusion. Condition: the glossary needs moʻo 'line, succession' as its own root line, or this stone will wrongly link to moʻo 'lizard'.	Confirm the headword 'moʻokūʻauhau', one word, 'genealogy'. Confirm moʻo here is moʻo 'succession, lineage' (a separate P&E entry from moʻo 'lizard').	https://kaiapuni-wp.coe.hawaii.edu/wp-content/uploads/2015/04/Na-Ana-Makau-Olelo-Papa-3.pdf		keep	moʻokūʻauhau		
moʻolele	moʻo·lele	A*	031	keep-pending	likely	moʻo lele	corroborated	2	moʻo	lele	transparent	flying reptile	Andrews–Parker bracket [Moo, reptile and lele, to fly]	flying serpent, dragon	Andrews–Parker 'flying serpent or dragon'	lani	19th-century coinage	False		This is the Bible's 'fiery flying serpent'. moʻo also names revered water-guardian spirits, so avoid a card that makes moʻo sound monstrous in general.	Transparent, and used consistently for one Biblical creature, so plausibly a fixed term. But only Andrews has it as a headword, and the modern Bible writes it as two words beside similar ad-hoc moʻo phrases. P&E must say whether 'moʻo lele' is an entry.	Is 'moʻo lele' an entry or sub-entry in P&E (under moʻo), meaning 'flying serpent, dragon' (Bible)? The modern Bible writes two words. Confirm the two-word form.	https://www.bible.com/bible/2709/ISA.14.KBH | https://www.bible.com/bible/2709/ISA.30.KBH					
moʻomake	moʻo·make	A*	031	doubtful	doubtful	moʻo make	corroborated	2	moʻo	make	transparent	deadly reptile	Andrews–Parker 'A deadly reptile' and bracket [Moo, reptile, and make, death]	deadly reptile; viper	Andrews–Parker 'A deadly reptile; asp; viper'	ʻāina	19th-century coinage	False		Death root (make). A venomous-snake sense from the Bible.	Probably a descriptive translation phrase ('moʻo make', deadly reptile), not a lexical item. It is written as two words, the same Bible uses other phrases for related snakes, and only Andrews lists it. It also carries the death root.	Does P&E list 'moʻo make' (asp, viper) as a sub-entry? If not, drop.	https://www.bible.com/bible/2709/ISA.11.KBH | https://www.bible.com/bible/2709/ACT.28.KBH					
moʻonui	moʻo·nui	A*	031	doubtful	doubtful	moʻo nui	corroborated	2	moʻo	nui	transparent	great lizard	Andrews–Parker bracket 'a great lizard'	dragon (in Scripture)	Andrews–Parker 'in the Scriptures ... translated dragon'	ʻāina	19th-century coinage	False		In legend, 'moʻo nui' names particular lizard deities (Andrews: Kihanuilulumoku of Paliuli).	Probably a free phrase (moʻo + nui 'great'), not a lexical compound. Only Andrews' Bible-sense headword supports it, and the modern use is a different, phrasal meaning.	Does P&E list 'moʻo nui' as a sub-entry in any sense ('dragon'?), or not at all?	https://www.bible.com/bible/2709/ISA.27.KBH | https://www.bible.com/bible/2709/REV.12.KBH	y	doubtful	moʻo nui		
moʻopuna	moʻo·puna	A	031	doubtful	doubtful	moʻopuna	attested	1	unresolved	puna#0	partial	succession springing up, as water	Andrews–Parker bracket [Moo, succession, and puna, springing up, as water]	grandchild; descendant	Wiktionary 'grandchild'; POLLEX/P&E 'Grandchild'; Andrews–Parker 'posterity generally'	kanaka	traditional	False			An excellent word with an attested spelling, but POLLEX's reconstruction (*makupuna) makes the moʻo + puna split a folk etymology. It could come back under an opaque-compound rule (ROOTS.md, point 3) with no parts row, or with the reading framed as a traditional explanation if P&E gives one.	Spelling is settled (POLLEX match). Check only this: does P&E give a 'Lit.' or etymology for moʻopuna beyond PPN *mokopuna? If P&E offers 'moʻo + puna', note it.						
moʻoʻōlelo	moʻo·ʻōlelo	A*	031	keep-pending	yes	moʻoʻōlelo	corroborated	1	unresolved	ʻōlelo	transparent	connected line of speech	Andrews–Parker bracket [Moo, line, and olelo, discourse]	history; tradition; connected narrative	Andrews–Parker 'A continuous or connected narrative of events; a history; a tradition'	naʻau	traditional	False			Compound status is well supported: Andrews analyses it, and moʻolelo is its contraction. But its own spelling and word break are thin (3 uses in Hawaiian Wikipedia), and P&E may mention it only in moʻolelo's etymology, possibly as 'moʻo ʻōlelo'.	Is 'moʻoʻōlelo' a P&E headword, or only cited in the etymology of moʻolelo? If cited, give the exact form ('moʻo ʻōlelo'?) and the 'Lit.' reading (e.g. 'succession of talk').			keep-pending	moʻoʻōlelo		
mulihope	muli·hope	A*	031	keep-pending	likely	mulihope	inferred	unknown	muli	hope	transparent	last end	Andrews–Parker bracket [Muli, last, and hope, end]	the last; youngest born	Andrews–Parker 'The last; the youngest born'	kanaka	unknown	False		POLLEX's Hawaiian gloss for hope (from P&E) includes 'buttocks'. That is a body part, not genital or excretory, so it is not an exclusion, but the reviewer should know.	Transparent and plausible, but only Andrews has it, and spelling and word break are pieced together. Degree 1, so low priority.	Is 'mulihope' or 'muli hope' in P&E, meaning 'youngest child, last-born'? One word or two?						
mūakua	mū·akua	A*	032	drop	doubtful	mūakua	inferred	unknown	mū#2	akua	partial			merciless, unsparing	Andrews 1922 'Unfriendly; unsparing; without mercy'	naʻau	archaic/obscure	True	Built on the human-sacrifice rite of heiau dedication. The sense of mū used is the procurer of sacrificial victims (Andrews mū n. 3). That is a death ritual, nearest to §4.3's sorcery/death-prayer category. Same call as lelemū (batch-024).	Human sacrifice and a deity root (akua). Not for a casual card.	Single obscure source. The word's meaning rests on the sacrificial victim-procurer. It is a simile rather than a transparent compound. Degree 3 does not justify it.	Low priority: confirm drop. Check only if the record should be complete (is there a headword mūakua at all?).	https://www.ulukau.org/kaniaina/?a=q&r=1&results=1&txq=%22m%C5%ABakua%22&l=en					
mūkole	mū·kole	A*	032	drop	doubtful	mūkole	inferred	unknown	unresolved	kole	partial			raw, galled, inflamed	Andrews 1922 'To be red or raw; to be galled; to be inflamed'	kanaka	archaic/obscure	True	Genital etymon and cognates for the KOLE stone. POLLEX files Hawaiian kole 'Raw, red, inflamed' (P&E) under PPN *tole 'Female genitals'. The root card prints the protoform and cognates (DESIGN §4.5, §7). Same call as makakole (batch-028).	Injury or inflammation of the skin.	The KOLE etymon problem, plus an unglossed first element, a single source and degree 2.	Low priority. The KOLE-family question decides it: does P&E give kole any vulgar or genital sense? Only otherwise: is mūkole a headword, and what is mū in it?						
naʻauao	naʻau·ao	W+A	032	keep	yes	naʻauao	attested	1	naʻau	ao#0	transparent	daylight mind; light in the mind	Wiktionary etymology naʻau 'mind' + ao 'daylight'; Andrews 1922 [naau, the mind + ao, light]	wise, learned; wisdom	Wiktionary 'enlightened, intelligent, wise; wisdom'; Andrews 1922 'Wise; knowing; learned'; UH News 'Learned, knowledge, wisdom'	naʻau	traditional	False		naʻau is also 'intestines', the seat of thought; not excretory. A value word that is widely taught; keep the card plain. The AO stone must be ao#0 'daylight', not ao#2 'cloud'.	Wiktionary, Andrews and UH News agree. The spelling is settled by consistent modern use, the meaning composes, and there is no exclusion concern. It pairs with naʻaupō in a single tumble.	Confirm headword naʻauao (one word) and any Lit. reading (e.g. 'daylight mind'). Confirm ao = daylight (not cloud).	https://www.hawaii.edu/news/2022/03/22/hawaiian-word-of-the-week-naauao/ | https://www.ulukau.org/kaniaina/?a=q&r=1&results=1&txq=%22na%CA%BBauao%22&l=en	y	keep	naʻauao		
naʻaulua	naʻau·lua	A*	032	keep-pending	likely	naʻaulua	inferred	unknown	naʻau	lua#0	transparent	two minds	Andrews 1922 bracket [naau, mind + lua, two] and its gloss 'to be of two minds'	undecided; of two minds	Andrews 1922 'To be doubtful as to the decision or course to pursue; to be of two minds'	naʻau	unknown	False		The LUA spelling also carries lua#1 'pit, hole; toilet' (Wiktionary). That is a different root and a different stone, not the one used here. Raised so the LUA¹/LUA² split (DESIGN §4.5) is applied with that sense in mind.	Transparent and well defined, with secure root spellings. Degree 16, so it carries a lot of board. But it is single-source with no modern use found. P&E must settle whether it is a headword and whether it is one word or two.	Is there a headword or sub-entry 'naʻaulua' or 'naʻau lua'? If so, which (one word or two), and does P&E give 'doubtful, undecided, of two minds' with a Lit. like 'two minds'?	https://www.ulukau.org/kaniaina/?a=q&r=1&results=1&txq=%22na%CA%BBaulua%22&l=en | https://www.ulukau.org/kaniaina/?a=q&r=1&results=1&txq=%22na%CA%BBau%20lua%22&l=en					
naʻaupono	naʻau·pono	A*	032	keep-pending	likely	naʻaupono	inferred	unknown	naʻau	pono	transparent	right mind; upright heart	Andrews 1922 bracket [naau, mind + pono, right]	upright, just	Andrews 1922 'To be upright; to be just'	naʻau	unknown	False		pono is a heavily used value word. A card should not moralise.	Plausible and transparent, and it would sit well beside naʻauao/naʻaupō. But it has one source, no modern attestation found, and may be a free phrase. P&E decides.	Is 'naʻau pono' or 'naʻaupono' listed (headword or under naʻau)? Spacing? Sense 'upright, just, righteous'? Any Lit.?	https://www.ulukau.org/kaniaina/?a=q&r=1&results=1&txq=%22na%CA%BBaupono%22&l=en | https://www.ulukau.org/kaniaina/?a=q&r=1&results=1&txq=%22na%CA%BBau%20pono%22&l=en					
naʻaupō	naʻau·pō	W+A	032	keep	yes	naʻaupō	attested	1	naʻau	pō	transparent	night mind; darkness of mind	Wiktionary etymology naʻau 'mind' + pō 'night'; Andrews 1922 [naau, mind + po, night], 'darkness of mind'	ignorant; ignorance	Wiktionary 'ignorant; ignorance'; Andrews 1922 'Ignorance; darkness of mind'	naʻau	traditional	False		Wiktionary also gives 'ignoramus', so it can be an insult; show 'ignorant; ignorance', not the personal noun. Andrews' pō adj. 2, 'Fig. ignorant; rude; wild; savage', shows how 19th-century writing used darkness for the unconverted. The card must not suggest that framing.	Wiktionary and Andrews agree, and modern use is consistent (Hawaiian Wikipedia, native-speaker transcripts). The spelling is attested and the meaning transparent. Degree 8, and its tumble with naʻauao carries meaning.	Confirm headword naʻaupō (one word, kahakō on ō) and any Lit. ('night mind'). Note whether P&E marks any derogatory use.	https://www.ulukau.org/kaniaina/?a=q&r=1&results=1&txq=%22na%CA%BBaup%C5%8D%22&l=en		keep	naʻaupō		
neneleʻa	nene·leʻa	A*	032	drop	doubtful	neneleʻa	inferred	unknown	unresolved	leʻa#0	partial			joy, gladness	Andrews 1922 'Joy; gladness'	naʻau	archaic/obscure	True	Root leʻa has a sexual sense: Wiktionary leʻa#0 includes 'orgasm', and Andrews lea n. 2 is 'Sexual gratification'. The leʻa used here is that same homograph (joy, pleasure). Same call as moʻaleʻa (batch-031). | Root nene: Wiktionary's etymology and POLLEX both give PPN *nene 'Orgasm, sensory pleasure' (Rarotongan nene 'orgasm'). The root card would print it.		Both stones carry sexual senses or etyma, and the first element is unglossed. Single source, degree 3.	Low priority: confirm drop.						
nihoawa	niho·awa	A*	032	drop	doubtful	nihoʻawa	inferred	unknown	niho	unresolved	partial	poison tooth	Andrews 1922 bracket [niho, tooth + awa, poisonous] and gloss 'Poison toothed'	poison-toothed; corroding	Andrews 1922 'Poison toothed, as some animals; poisonous; corroding'	kanaka	archaic/obscure	False		Poison. Hawaiʻi has no venomous land animals. 'As some animals' suggests a translation word, perhaps biblical (unverified).	As split (niho + awa 'channel'), the row is wrong. An AWA stone would link it to harbour words. With the root re-mapped to ʻawa it is a different, single-source, degree-2 obscure word.	Low priority. Only if kept: is there 'nihoʻawa' (or 'niho ʻawa'), and is its second element ʻawa 'bitter, sour; kava'?						
nihohui	niho·hui	A*	032	doubtful	doubtful	niho huʻi	inferred	unknown	niho	unresolved	transparent	tooth ache	Andrews 1922 bracket [niho, tooth + hui, pain]	toothache	Andrews 1922 'The toothache; a pain in a tooth'	kanaka	unknown	False		Pain or illness, mild.	A real word, but not of these two roots. A HUI stone (join, club) would link 'toothache' to huikala and the club words. To keep it, re-map the second stone to a new root huʻi 'ache' (not in the core list), which changes its degree. It is also probably a phrase.	Is the ache word huʻi (with ʻokina)? Is 'niho huʻi' listed as toothache, and as one word or two?	https://www.ulukau.org/kaniaina/?a=q&r=1&results=1&txq=%22niho%20hui%22&l=en	y	keep-pending	niho huʻi		
noaloa	noa·loa	A*	032	drop	no	noaloa	inferred	unknown	noa	loa	partial	free of kapu for a long time	Andrews 1922 bracket [noa, free from tabu + au, time + loa, long]	epithet: reigning without kapu	Andrews 1922 'A name applied to Kauikeaouli because he reigned over the people without tabu'	kanaka	archaic/obscure	True	Mainly a proper name: an epithet of one person, Kauikeaouli (Kamehameha III). | Three-part word (noa + au + loa) squeezed into two stones. | Root level, for the whole NOA family: Andrews noa n. 2 is 'A prostitute'. Under §4.3's any-sense rule that may remove every NOA compound. A project decision, flagged here.	Names a specific aliʻi. Root LOA: Andrews loa n. 2 'A receptacle of filth' should be looked at once for the whole LOA family. Probably not excretory, but check.	Not a two-root compound: three parts, an extraction error, and an epithet of a named king.	Low priority for the word: confirm drop. Root-level, important: does P&E give noa a 'prostitute' sense (decides every NOA compound)? And what is loa 'receptacle of filth' in Andrews? Is it in P&E?						
nohoaliʻi	noho·aliʻi	A*	032	keep	yes	noho aliʻi	attested	2	noho	aliʻi	transparent	seat of a chief	Andrews 1922 bracket [noho, a seat + alii, chief], gloss 'a king's seat'	throne; reign	Andrews 1922 'A throne; a king's seat' and v. 'to reign as a king'; Hawaiian Wikipedia usage (reign)	kanaka	traditional	False		Tied to the Hawaiian Kingdom. Hawaiian Wikipedia uses it of Liliʻuokalani's reign and the 1893 overthrow. aliʻi is a rank, not a proper name. Keep the card plain.	Andrews plus clear, consistent modern use, from two independent corpora. Spelling and the two-word break are settled by usage. Transparent, degree 9, no exclusion concern.	Confirm P&E lists 'noho aliʻi' (two words, probably under noho) as 'throne; reign'. Any Lit. ('chief's seat')?	https://www.ulukau.org/kaniaina/?a=q&r=1&results=1&txq=%22noho%20ali%CA%BBi%22&l=en					
nohoaloha	noho·aloha	A*	032	doubtful	doubtful	noho aloha	corroborated	2	noho	aloha	transparent	dwelling in aloha	Andrews 1922 adj. 'dwelling in unity' with noho v. 'to dwell' (Andrews); the bracket [noho, seat + aloha, compassion] belongs to the 'mercy seat' sense	living in friendship; at peace	Andrews 1922 adj. 'Friendly; at peace; on friendly terms; dwelling in unity'	kanaka	unknown	False		Do not show the 'mercy seat' sense (biblical). aloha is the most over-used word in tourist Hawaiian (DESIGN §8). A card built on it should be especially plain.	Sense 1 is a Bible-translation coinage. Sense 2 behaves as a free phrase (noho + state) in native speech. Degree 4.	Is 'noho aloha' listed? If so, as 'mercy seat' (biblical) or as 'to live in friendship'? If it is only a phrase example under noho, drop.	https://www.ulukau.org/kaniaina/?a=q&r=1&results=1&txq=%22noho%20aloha%22&l=en					
nohopaʻa	noho·paʻa	A*	032	keep-pending	likely	noho paʻa	attested	2	noho	paʻa	transparent	sit firm	Andrews 1922 bracket [noho, to sit + paa, firm; tight]	settled; firmly established	Andrews 1922 'To be confirmed; to be established'; modern use 'permanent residence' (Kaniʻāina, Hawaiian Wikipedia)	kanaka	traditional	False		Modern use includes confinement (house arrest). Avoid that sense on the card.	Spelling and word break are attested, and the meaning is transparent. Degree 20, so it is very connective. The open question is lexical status: P&E must show it as a listed sub-entry, not just noho + paʻa used freely.	Is 'noho paʻa' listed under noho (or as a headword)? With what sense ('to be established; settled; to reside permanently')? Any Lit.?	https://www.ulukau.org/kaniaina/?a=q&r=1&results=1&txq=%22noho%20pa%CA%BBa%22&l=en					
nohopio	noho·pio	A*	032	doubtful	doubtful	noho pio	corroborated	2	noho	pio#1	transparent	dwelling as a captive	Andrews 1922 bracket [noho, to dwell + pio, a prisoner]	to live in captivity	Andrews 1922 'To dwell in captivity; to live a prisoner'	kanaka	unknown	False		Captivity and bondage (war captives, Babylonian exile). Sits poorly with the piece's tone.	Andrews himself treats it as a phrase example under noho. Thin modern use, degree 4, heavy subject.	Low priority. Is 'noho pio' a listed sub-entry, or only an example of noho + state?	https://www.ulukau.org/kaniaina/?a=q&r=1&results=1&txq=%22noho%20pio%22&l=en					
nukuwai	nuku·wai	A*	032	keep-pending	likely	nukuwai	inferred	unknown	nuku#0	wai#0	transparent	mouth of water	Andrews 1922 bracket [nuku, mouth + wai, water]	mouth of a stream	Andrews 1922 'The mouth of a stream of water'	ʻāina	unknown	False			Transparent, well-formed, and degree 21 (the most connective in this batch). It would suit the map's stream. But it is single-source with no modern attestation in this sense. P&E must confirm it exists and settle the spacing.	Is 'nuku wai' or 'nukuwai' listed as 'mouth of a stream'? One word or two? Or is the stream-mouth word only muliwai / nuku (alone)?	https://www.ulukau.org/kaniaina/?a=q&r=1&results=1&txq=%22nukuwai%22&l=en | https://www.ulukau.org/kaniaina/?a=q&r=1&results=1&txq=%22nuku%20wai%22&l=en	y	keep-pending	nukuwai		
nānāao	nānā·ao	A*	032	keep-pending	likely	nānāao	inferred	unknown	nānā#1	ao#2	transparent	looking at clouds	Andrews 1922 bracket [nana, to look + ao, clouds]	one who reads the clouds	Andrews 1922 'A cloud interpreter'	lani	archaic/obscure	False		Cloud reading for omens (kilo) is observational and spiritual knowledge, not sorcery. Do not caption it as 'superstition', 'mystical' or 'astrologer' (Andrews' word).	Transparent and fitting (sky field). But it is single-source and degree 2. Low priority for the P&E check.	Low priority. Is 'nānā ao' or 'nānāao' listed ('cloud reader/interpreter')? Spacing? If P&E has only kilo ao or similar, drop.	https://www.ulukau.org/kaniaina/?a=q&r=1&results=1&txq=%22n%C4%81n%C4%81%20ao%22&l=en					
nānāuli	nānā·uli	A*	032	keep-pending	likely	nānā uli	inferred	unknown	nānā#1	uli#0	transparent	looking at the blue sky	Andrews 1922 bracket [nana, to look + uli, the blue sky]	weather foreteller, sky watcher	Andrews 1922 'One who predicted the weather by looking at the sky'; under uli, 'foretellers of the weather'	lani	archaic/obscure	False		Andrews' uli n. 3 is 'a class of gods worshiped by sorcerers' (Uli). That is not the sense used and not a §4.3 trigger (same note as aouli, batch-001).	Transparent and attractive for the sky field. But it rests on one literary passage, and its spacing is unknown. Degree 3.	Is 'nānā uli' (or nānāuli) listed as weather forecaster / sky watcher? One word or two? Is uli here 'sky' (dark blue)?	https://www.ulukau.org/kaniaina/?a=q&r=1&results=1&txq=%22n%C4%81n%C4%81%20uli%22&l=en					
nīnauhōʻike	nīnau·hōʻike	A*	032	doubtful	likely	nīnauhōʻike	inferred	unknown	nīnau	hōʻike	transparent	asking and making known	Andrews 1922 bracket [ninau, to ask + hoike, to exhibit, to cause to know]	learning by question and answer	Andrews 1922 sense 1 'A learning by question and answer'	naʻau	19th-century coinage	False		Mission-era religious instruction (catechism). A kumu may not want that history presented neutrally on a card.	A 19th-century mission-school coinage with no modern attestation, a prefix-built second root and degree 2. Today it may be misread (see reviewer knowledge).	Low priority. Is 'nīnau hōʻike' listed? With what sense (catechism vs. modern 'test question')? Spacing?	https://www.ulukau.org/kaniaina/?a=q&r=1&results=1&txq=%22n%C4%ABnau%20h%C5%8D%CA%BBike%22&l=en					
nīnauʻuhane	nīnau·ʻuhane	A*	032	drop	likely	nīnauʻuhane	inferred	unknown	nīnau	ʻuhane	transparent	asking spirits	Andrews 1922 bracket [ninau, to ask + uhane, ghost]	consulting spirits of the dead	Andrews 1922 'talking with or getting information from ghosts'	naʻau	unknown	True	Belongs to spirit-consulting (necromancy), the sorcery domain of §4.3.	Spirits of the dead. 'Familiar spirits' is also the biblical condemnation (Deut. 18:11), so the word carries a missionary judgement as well.	Sorcery and spirit consultation; excluded by §4.3 regardless of attestation.	None needed: drop.						
olokaʻa	olo·kaʻa	A*	032	keep-pending	likely	olokaʻa	corroborated	1	unresolved	kaʻa#0	partial			to roll over and over	Andrews 1922 'To roll; to roll over and over, as a stone'; Kaniʻāina usage (rolling)	hele	traditional	False		Root kaʻa (whole family): Andrews kaa v. 5 'to take effect as a cathartic'. Treated as a note, not an exclusion, as in kaʻapuni (batch-013); holokaʻa (batch-005) flagged it. That one project decision covers every kaʻa word.	A living word with a corroborated spelling and a gloss that fits the piece exactly: Andrews' example is a stone rolled from top to bottom. But olo is unglossed and the initial ʻokina wavers. P&E must confirm the split and the spelling.	Headword olokaʻa or ʻolokaʻa? Does P&E analyse it as olo + kaʻa, and if so which olo ('rub back and forth'?) — or is olo- a formative? Any Lit.?	https://www.ulukau.org/kaniaina/?a=q&r=1&results=1&txq=%22oloka%CA%BBa%22&l=en					
olokeʻa	olo·keʻa	A*	033	doubtful	likely	olokeʻa	inferred	unknown	unresolved	keʻa#0	partial		Andrews' bracket glosses only kea ('crosswise'); no literal reading for olo.	laid crosswise; a scaffolding	Andrews–Parker 1922 olokea v. 'to throw together criss-cross, as sticks of wood'; n. 4 'the frame on which the people climbed and stood in putting up a house; a scaffolding'.	hana	traditional	True	ROOT-LEVEL, borderline (same call as hōʻakakeʻa in batch-009 and keʻapua in batch-013): the spelling keʻa has the sense 'male animal reserved for breeding, virile male' (POLLEX, cited to P&E; reflex of PEP *teka 'penis'; Andrews kea n. 1). The compound uses keʻa#0 'cross-piece', but the KEʻA stone shows that spelling.	Two senses of the compound itself need care: 'a heap of bones thrown together promiscuously' (iwi are sacred; a card must not touch this) and 'a cross or gibbet' (execution, crucifixion). Also 'disobliging, contrary' as a disposition.	Andrews-only, olo unexplained (sense_a unresolved), keʻa root-level exclusion concern shared with other keʻa words, and two sensitive senses (bones, gibbet). The scaffold/criss-cross sense is attractive if P&E confirms it and the keʻa ruling goes the lenient way.	Is olokeʻa a P&E headword, spelled exactly so (one word)? Which senses: scaffold / ladder / cross / gibbet / heap of bones? Does P&E analyse it (olo + keʻa) and say what olo means here? Does P&E's keʻa entry carry 'male animal reserved for breeding' under the same headword as 'cross-piece'?		y	drop	olokeʻa		
olokiki	olo·kiki	A*	033	drop	doubtful	olokiki	inferred	unknown	unresolved	unresolved	opaque			to slide along a surface	Andrews–Parker 1922 olokiki: 'To move along a surface; to slide.'	hele	unknown	True	ROOT-LEVEL: Andrews' verb kiki (frequentative of ki 'to shoot, squirt') has sense 3 'to practice masturbation' (sexual). Same call as kikialo in batch-014: a KIKI stone carries that spelling.	See exclusion: sexual sense on the KIKI spelling.	Split unsupported (bracket glosses fit neither root), word attested only once in Andrews, and the KIKI root carries a sexual sense under §4.3.	Only if it is wanted at all: is olokiki in P&E, with what meaning, and does P&E analyse it as olo + kiki?						
olokē	olo·kē	A*	033	doubtful	doubtful	olokē	inferred	unknown	unresolved	unresolved	partial		Andrews' bracket ('loud noise' + 'intent upon') gives no usable literal reading.	clamorous, incoherent talk	Andrews–Parker 1922 oloke adj.: 'Clamorous and incoherent'.	naʻau	unknown	False		Andrews defines it by 'the talk of one deranged'; a card should not define it through mental illness.	One source; the kē element is unsupported and the synonym pioloke points to a single stem oloke, so this may not be a two-root compound at all; the kahakō is a guess.	Headword: oloke or olokē? Is it a sub-entry or cross-reference of pioloke? Does P&E analyse it as olo + kē, or as one stem? Meaning 'clamorous, confused (speech)'?						
olomua	olo·mua	A*	033	drop	likely	olomua	inferred	unknown	unresolved	mua	partial			(excluded: genital sense)	Andrews–Parker 1922 olomua n.	kanaka	unknown	True	Genital: the compound's only sense is 'the foreskin' (§4.3).	Genital term; never shown.	Its only sense is genital (§4.3).	None needed; dropped on Andrews' own definition.						
omokoko	omo·koko	A*	033	keep-pending	likely	omokoko	inferred	unknown	omo	koko	transparent	blood-sucker	Andrews–Parker 1922 bracket '[Omo, to suck, and koko, blood.]' and its own gloss 'a blood-sucker'.	a leech, a bloodsucker	Andrews–Parker 1922 omokoko n.: 'A horse leech; a blood-sucker.'	kanaka	unknown	False		'Bloodsucker' is an insult for a person in English; keep the card to the animal. Blood.	Transparent and well-formed from two clear roots, but Andrews is the only witness, and 'horse leech' suggests a word from Bible translation rather than everyday use; P&E needs to confirm existence, spelling and register.	Is omokoko a P&E headword (one word or 'omo koko')? Gloss 'leech'? Any note that it is biblical (Proverbs 30:15 'horseleach')?						
omoliu	omo·liu	A*	033	keep-pending	likely	omoliu	inferred	unknown	omo	liu	transparent	sucking bilge-water	Andrews–Parker 1922 bracket '[Omo, to suck, and liu, bilge-water.]'.	bilge pump; to pump bilge	Andrews–Parker 1922 omoliu n. and v. (ship pump; to discharge bilge-water from a canoe or ship).	hana	19th-century coinage	False			Clean, transparent, canoe-and-ship vocabulary; Andrews' note that pauma later replaced it marks it as the native coinage for an introduced device. Needs P&E for existence and spelling. Low degree (2).	Is omoliu in P&E, one word? Gloss 'ship pump; to bail/pump bilge'? Is the verb also used of canoes?						
onehānau	one·hānau	A*	033	keep	yes	one hānau	attested	2	one	hānau	transparent	sands of birth	Andrews–Parker 1922 bracket '[One, sand, and hanau, born.]'; the Hawaiʻi Aloha translation 'sands of my birth' (en.wikipedia).	birthplace; native land	Andrews–Parker 1922 onehanau n.: 'The place of one's birth; native place; one's native country'.	ʻāina	traditional	False		A cherished phrase, best known from Hawaiʻi Aloha ('kuʻu one hānau'), which is sung at gatherings almost as an anthem; render it with care.	Andrews plus consistent modern two-word use (Hawaiian Wikipedia; the Hawaiʻi Aloha lyric); transparent, clean. Only drawback: degree 2.	Confirm 'one hānau' (two words) as a sub-entry under one, gloss 'birthplace, homeland'; any 'Lit.' reading (sands of birth)?	https://en.wikipedia.org/wiki/Hawaii_Aloha	y	keep	one hānau		
oneʻā	one·ʻā	A*	033	keep-pending	likely	oneʻā	inferred	unknown	one	ʻā#0	transparent	burning sand	Andrews–Parker 1922 bracket '[One, sand, and a, burning.]'.	gunpowder	Andrews–Parker 1922 onea n.: 'Gunpowder'.	hana	19th-century coinage	False		Firearms and gunpowder came with the wars of unification and foreign contact; a weapon word.	A transparent native coinage ('burning sand') for an introduced thing, but one source, spelling pieced together, and degree 1 (it barely connects).	Is there a P&E entry for gunpowder spelled oneʻā or 'one ʻā'? Does P&E have the adj. 'desolate' (Andrews o-ne'-a) and how is it spelled, so the two are not confused?			keep-pending	oneʻā		
paepaepuka	paepae·puka	A*	033	keep-pending	likely	paepae puka	corroborated	2	paepae	puka	transparent	doorway platform	Andrews–Parker 1922 bracket '[Paepae, a platform, and puka, a doorway]'.	threshold, doorsill	Andrews–Parker 1922 paepaepuka n.: 'A threshold.'	hana	unknown	False			Transparent and plausible, but one dictionary source and only a weak modern hit; P&E must settle existence and word break. Degree 2.	Headword: 'paepae puka' (two words) or paepaepuka? Gloss 'threshold, doorsill'?						
paepū	pae·pū	A*	033	drop	doubtful	paepū	inferred	unknown	unresolved	unresolved	partial	sounds striking together	Andrews–Parker 1922 bracket '[Pae, to strike, as a sound, and pu, together.]'.	the deafening roar of surf	Andrews–Parker 1922 paepu n.	kai	unknown	True	Grammatical (§4.3): the second element is the particle pū 'together', not a root; same call as pūʻalu in batch-039. A PŪ stone here would link by spelling to pū 'conch', 'tree' or 'gun' words.		Second element is a grammatical particle and the first uses a pae sense the root list lacks; Andrews-only.	Only if wanted: is paepū in P&E with 'roar of surf', and does P&E analyse pū as the particle?						
pahuana	pahu·ana	A*	033	drop	no	pahu ʻana	inferred	2	pahu#1	unresolved	transparent			a thrusting, a striking	Andrews–Parker 1922 pahuana: 'A thrusting; a striking, as with a weapon.'	hana	unknown	True	Grammatical (§4.3): the second element is the nominalising particle ana, not a root.	Weapon sense ('striking, as with a weapon').	Verb + nominalising particle, not a two-root compound. Its degree of 12 is an artefact of the ANA stone linking to 'cave' and 'measure' words by spelling; dropping it removes false connections.	None needed.						
pahukani	pahu·kani	A*	033	keep-pending	yes	pahu kani	corroborated	2	pahu#0	kani	transparent	sounding box	Andrews–Parker 1922 bracket '[Pahu, box, and kani, to sound.]'.	drum; percussion instrument	Andrews–Parker 1922 pahukani n.: 'A drum; ... any musical instrument of the percussive kind.'	naʻau	19th-century coinage	False		pahu#0 also means coffin; harmless here.	Compound and meaning are solid (Andrews plus modern use, transparent), but the modern spelling rests on thin Hawaiian Wikipedia evidence; P&E should confirm the two-word headword. Andrews' senses (bass viol, music box) suggest a 19th-century general term for introduced instruments, distinct from the traditional pahu drum.	Headword 'pahu kani' (two words)? Gloss: drum, or any percussion/musical instrument? Is it marked as a term for introduced instruments?			keep-pending	pahu kani		
pahukapu	pahu·kapu	A*	033	keep-pending	likely	pahukapu	inferred	unknown	unresolved	kapu#0	partial	sacred box	Andrews–Parker 1922 pahukapu: 'Lit. A sacred box.'	kapu marker; consecrated place	Andrews–Parker 1922 pahukapu senses 1 ('a place consecrated to a particular use') and 2 ('tabu stake; token showing a place where it was kapu').	naʻau	traditional	False		Sacred: kapu and consecrated places. The 'sanctuary / sacred box' sense may be a Bible-translation use (the tabernacle or ark); a kumu should choose which sense, if any, is shown.	Attested in Andrews with a citation to Lāʻieikawai, but the two senses rest on different pahu and the card's parts row cannot be fixed until P&E says which sense is primary; sacred subject.	Is pahukapu (or 'pahu kapu') in P&E? Which sense: kapu stake/marker (pahu 'post') or sanctuary (pahu 'box')? Any Lit. reading?		y	keep-pending	pahu kapu		
pahupalapala	pahu·palapala	A*	033	keep-pending	likely	pahupalapala	inferred	unknown	pahu#0	palapala	transparent	box for printing	Andrews–Parker 1922 bracket '[Pahu, box, and palapala, writing.]' with sense 1 (dye for printing tapa).	kapa-dye box; writing desk	Andrews–Parker 1922 pahupalapala senses 1 and 2.	hana	traditional	False			Transparent, and sense 1 ties it to kapa printing (traditional); sense 2 is the 19th-century extension. One source, spelling and word break unconfirmed.	Is it in P&E as pahupalapala or 'pahu palapala'? Does P&E keep the kapa-dye container sense, or only 'writing desk'?						
pakakahi	paka·kahi	A*	033	doubtful	likely	pakakahi	inferred	unknown	paka#4	kahi#0	transparent	raindrops one by one	Andrews–Parker 1922 bracket '[Paka, drop, as rain, and kahi, one.]' with its gloss 'to drop at intervals'.	scattered drops of light rain	Andrews–Parker 1922 pakakahi v.: 'To drop scatteringly a little rain'.	lani	unknown	True	ROOT-LEVEL, conditional, homograph only: the spelling paka also has paka#2 'bugger', an English loan with a sexual/slur sense (Wiktionary). The compound uses paka#4 'raindrops'. If §4.3 is applied by spelling ('a reader may know the other sense') the PAKA stone is affected; if loan homographs are ruled apart (as batch-004 did for pia 'beer'), the flag lifts. The loan is probably obscure.	Spelling paka also means tobacco and butter (loans) and 'bugger' (loan, vulgar).	A lovely, transparent weather word, but Andrews-only, and it waits on the design ruling for the PAKA spelling's vulgar loan homograph. If that ruling is lenient it becomes keep-pending.	Is pakakahi in P&E (one word or 'paka kahi')? Gloss 'drops falling here and there, light rain'? Does P&E list paka 'bugger' at all?						
palaholo	pala·holo	A*	033	doubtful	likely	palaholo	corroborated	1	unresolved	holo#0	partial	soft and flowing	Andrews–Parker 1922 bracket '[Pala, soft, and holo, to flow.]'.	paste, as for kapa	Andrews–Parker 1922 palaholo sense 1 (paste or dye used in pasting and dyeing tapa); Hawaiian Wikipedia's 'paste' use.	hana	traditional	True	ROOT-LEVEL, conditional on the homograph ruling: the spelling pala carries an excretory sense (POLLEX, cited to P&E: 'Dab of excreta', < PNP *pala 'mud, dirt, filth, excrement'; Wiktionary's only pala homograph, 'to smear, daub, blot', gives that same etymon) and a venereal-disease sense (Andrews pala n. 2 'The syphilis'; POLLEX 'Form of syphilis'). The compound uses pala 'soft, ripe' (Andrews adj.), which is not among the dossier's homographs. Under §4.3 ('a reader may know the other sense') the PALA stone carries those senses; if P&E files 'ripe, soft' as a separate headword and the design rules homographs apart, the flag lifts.	If the pala in palaholo is really pala 'to daub, smear' (plausible for a paste), it is the very homograph P&E glosses 'dab of excreta'.	Good word (kapa paste, still used for 'paste'), but it waits on the PALA ruling; pala's sense here (soft vs daub) is unresolved.	Headword palaholo: senses (amaumau-fern paste for kapa; paste generally; a fern)? Which pala does P&E derive it from? Does P&E file pala 'ripe, soft' separately from pala 'dab, daub (as of excreta)' and pala 'syphilis'?						
palaimaka	palai·maka	A*	034	keep-pending	likely	palaimaka	inferred	unknown	unresolved	maka#0	transparent	turn away the face	Andrews–Parker bracket [Palai, to turn away, and maka, face]	averted; to turn the face away	Andrews–Parker 1922 (adj. 'averted'; v. 'to turn away'; bracket 'maka, face')	naʻau	unknown	False		Andrews' senses include contempt, hostility and distrust. Show the averted-face sense, not 'contempt'. The homograph palai#1 'to fry' is an English loan; it is not used here.	Rests on one 1922 source. The sense it needs, palai 'to turn the face away', is neither homograph in the dossier: palai#0 is a fern and palai#1 is 'fry', from English. It would need its own glossary line, or the stone would wrongly link to the fern words. P&E has to settle spelling, word break and meaning.	Is palaimaka a headword, and one word? Does P&E list palai 'to turn the face aside (as in shame)' as a homograph separate from palai 'fern' and palai 'fry'? Does it give the sense 'to turn the face away' and a Lit. reading?						
palakea	pala·kea	A*	033	doubtful	likely	palakea	inferred	unknown	unresolved	kea	transparent	soft white	Andrews–Parker 1922 bracket '[Pala, soft, and kea, white.]'.	pure white, unclouded	Andrews–Parker 1922 palakea adj.: 'white; clear; unclouded; unshaded with any color'.	lani	unknown	True	ROOT-LEVEL, conditional on the homograph ruling: the spelling pala carries an excretory sense (POLLEX, cited to P&E: 'Dab of excreta', < PNP *pala 'mud, dirt, filth, excrement'; Wiktionary's only pala homograph, 'to smear, daub, blot', gives that same etymon) and a venereal-disease sense (Andrews pala n. 2 'The syphilis'; POLLEX 'Form of syphilis'). The compound uses pala 'soft, ripe' (Andrews adj.), which is not among the dossier's homographs. Under §4.3 ('a reader may know the other sense') the PALA stone carries those senses; if P&E files 'ripe, soft' as a separate headword and the design rules homographs apart, the flag lifts.		Transparent and useful (degree 9), but Andrews-only and subject to the PALA ruling; pala 'soft' is not a resolvable sense id.	Is palakea in P&E? Senses: white/clear, a taro variety, a famine fern? Which pala (ripe/soft)? Same pala homograph question as palaholo.						
palalalo	pala·lalo	A*	033	drop	likely	palalalo	inferred	unknown	unresolved	lalo	partial	soft beneath	Andrews–Parker 1922 bracket '[Pala, soft, and lalo, below.]'.	soft and rotten, as taro	Andrews–Parker 1922 palalalo adj.	ulu	unknown	True	Venereal disease in the compound's own senses: 'applied to persons ... diseased with the pala', and Andrews' pala n. 2 is 'The syphilis' (POLLEX/P&E 'Form of syphilis'). | ROOT-LEVEL, conditional on the homograph ruling: the spelling pala carries an excretory sense (POLLEX, cited to P&E: 'Dab of excreta', < PNP *pala 'mud, dirt, filth, excrement'; Wiktionary's only pala homograph, 'to smear, daub, blot', gives that same etymon) and a venereal-disease sense (Andrews pala n. 2 'The syphilis'; POLLEX 'Form of syphilis'). The compound uses pala 'soft, ripe' (Andrews adj.), which is not among the dossier's homographs. Under §4.3 ('a reader may know the other sense') the PALA stone carries those senses; if P&E files 'ripe, soft' as a separate headword and the design rules homographs apart, the flag lifts.	Disease (syphilis).	One of the compound's own senses is 'diseased with the pala' (syphilis); on top of the root-level PALA concern.	None needed.		y	drop	palalalo		
palalauhala	pala·lauhala	A*	033	doubtful	doubtful	palalauhala	inferred	unknown	unresolved	lauhala	partial	softened pandanus leaf	Andrews–Parker 1922 bracket '[Pala, softness, and lauhala, a tree.]'.	the feebleness of old age	Andrews–Parker 1922 palalauhala n.: 'the feeble state and infirmities of old age'.	kanaka	unknown	True	ROOT-LEVEL, conditional on the homograph ruling: the spelling pala carries an excretory sense (POLLEX, cited to P&E: 'Dab of excreta', < PNP *pala 'mud, dirt, filth, excrement'; Wiktionary's only pala homograph, 'to smear, daub, blot', gives that same etymon) and a venereal-disease sense (Andrews pala n. 2 'The syphilis'; POLLEX 'Form of syphilis'). The compound uses pala 'soft, ripe' (Andrews adj.), which is not among the dossier's homographs. Under §4.3 ('a reader may know the other sense') the PALA stone carries those senses; if P&E files 'ripe, soft' as a separate headword and the design rules homographs apart, the flag lifts.	Old age, infirmity and 'to lie like one dead, from age': handle gently. The image is probably the yellowed lauhala leaf (POLLEX/P&E gives pala 'ripe, mellow; yellow, as leaves'), but that reading is the reviewer's, not a source's.	Figurative, three-morpheme, Andrews-only, word break unknown, and subject to the PALA ruling.	Is it in P&E, and as palalauhala, 'pala lauhala' or 'pala lau hala'? Gloss 'feebleness of old age'? Does P&E give a Lit. reading (e.g. 'ripe/yellowed pandanus leaf')?						
palaloli	pala·loli	A*	033	doubtful	likely	palaloli	inferred	unknown	unresolved	loli#1	transparent	gone soft and changed	Andrews–Parker 1922 bracket '[Pala, soft, and loli, to change.]'.	decayed, gone rotten	Andrews–Parker 1922 palaloli: 'soft; decayed; corrupted; rotten'.	ulu	unknown	True	ROOT-LEVEL, conditional on the homograph ruling: the spelling pala carries an excretory sense (POLLEX, cited to P&E: 'Dab of excreta', < PNP *pala 'mud, dirt, filth, excrement'; Wiktionary's only pala homograph, 'to smear, daub, blot', gives that same etymon) and a venereal-disease sense (Andrews pala n. 2 'The syphilis'; POLLEX 'Form of syphilis'). The compound uses pala 'soft, ripe' (Andrews adj.), which is not among the dossier's homographs. Under §4.3 ('a reader may know the other sense') the PALA stone carries those senses; if P&E files 'ripe, soft' as a separate headword and the design rules homographs apart, the flag lifts.		Transparent but Andrews-only, and subject to the PALA ruling; a gloss of 'rotten' teaches little on its own.	Is palaloli in P&E? Gloss 'decayed, rotten'? Same pala homograph question as palaholo.						
palapalakea	palapala·kea	A*	034	doubtful	doubtful	palapalakea	inferred	unknown	unresolved	kea	opaque			clear, bright white	Andrews–Parker 1922 ('clear; bright; white; shining')	lani	archaic/obscure	False		If the first element is reduplicated pala rather than palapala 'writing', the pala exclusion applies (P&E via POLLEX: 'dab of excreta', 'form of syphilis'). Andrews also lists kea n. 'a male animal reserved for propagating its kind; male of virile power'. That is a breeding sense of the root, so a kumu should judge it under §4.3.	The split is probably wrong. The core root palapala means 'printed pattern; document; writing', which does not compose with kea to give 'clear, bright white'. Andrews points to palakea as the base. That makes this a reduplication with three morphemes, not two roots.	Is palapalakea a headword? Does P&E treat it as a reduplication of palakea (pala + kea)? If so, remove it from the two-root list.						
palaʻai	pala·ʻai	A*	034	drop	likely	palaʻai	corroborated	1	unresolved	ʻai	partial	soft food	Andrews–Parker bracket [Pala, soft, and ai, food]	fat, as animals	Andrews–Parker 1922 (adj.)	ulu	unknown	True	Root pala has an excretory sense: POLLEX (citing Pukui & Elbert 1986) gives Hawaiian pala 'dab of excreta' (PNP *pala 'mud, dirt, filth, excrement'); Wiktionary's own etymology of pala cites 'excrement'. | Root pala has a venereal-disease sense: POLLEX (P&E 1986) 'form of syphilis'; Andrews–Parker 'Pala n. 2. The syphilis.'	The root pala also means rot and a festering sore (POLLEX PPN *pala).	§4.3 applied to roots: P&E (via POLLEX) gives PALA 'dab of excreta' and 'form of syphilis'. Every pala· word fails the same way. The meaning is also unsettled: Andrews gives 'fat, as animals', while the one modern use reads as a vegetable. The dossier lists only Wiktionary's pala 'to smear', not the 'ripe, soft' sense (POLLEX PPN *pala) that Andrews' bracket means.	Only if the team waives the root-level exclusion for pala: is the headword palaʻai? Which senses: 'fat (of animals)', 'pumpkin, squash', or both? Is there a Lit. reading?						
palekai	pale·kai	A*	034	keep	yes	pale kai	attested	2	pale#1	kai	transparent	defence against the sea	Andrews–Parker bracket [Pale, defense, and kai, the sea]	breakwater; a ship's railing	POLLEX citing P&E 1986 ('taffrail, railing of a vessel; breakwater'); Andrews–Parker 1922	kai	traditional	False			P&E (via POLLEX) attests it as a two-word headword with a Proto-Nuclear-Polynesian ancestor. Andrews analyses it the same way, modern use matches, and the meaning composes from pale 'ward off' + kai 'sea'. No exclusion concern.	Confirm the headword is 'pale kai' (two words) with senses 'taffrail, railing of a vessel; breakwater'. Does P&E give a Lit. reading?			keep	pale kai		
palekaua	pale·kaua	A*	034	keep-pending	likely	palekaua	inferred	unknown	pale#1	kaua	transparent	war defence	Andrews–Parker bracket [Pale, defense, and kaua, war]	shield; defensive armor	Andrews–Parker 1922	hana	unknown	False		A word of war and weapons; acceptable, but it sits beside battle words.	One source; the analysis and meaning are clean. P&E has to confirm it is a headword and whether it is written as one word or two.	Is the headword palekaua or 'pale kaua'? Does P&E give the sense 'shield, armor' and a Lit. reading such as 'war defense'?		y	keep	pale kaua		
palekeiki	pale·keiki	A*	034	keep-pending	yes	pale keiki	corroborated	2	pale#1	keiki	partial	deliver the child	Andrews–Parker bracket [Pale, to deliver, and keiki, child]	midwife; to deliver a child	Andrews–Parker 1922 (n. and v.)	kanaka	traditional	False		Childbirth, and the kahuna pale keiki as a traditional practitioner. Not sexual in itself, but a cultural-practice word a kumu may want framed with care.	The compound is well supported, but the spelling is only corroborated, by a single two-word use. P&E should settle one word or two. Taking pale as pale#1 'ward off' assumes the 'deliver' sense belongs under that verb, as Andrews lists it.	Is the headword 'pale keiki' (two words) or palekeiki? Does P&E give the senses 'midwife; to deliver a child', and a Lit. reading (for example 'child fending' or 'receiving')? Is 'deliver' a sense of pale 'ward off' or a separate homograph?						
palemai	pale·mai	A*	034	drop	no	palemaʻi	inferred	unknown	pale#1	unresolved	partial	a defence for the private parts	Andrews–Parker bracket [Pale, a defense, and mai, private]	undershirt; drawers	Andrews–Parker 1922	hana	19th-century coinage	True	The second element is maʻi 'private parts' (genital) per Andrews' bracket 'mai, private'. That is a genital sense of a root: §4.3. | As listed, the split maps the second root to mai 'don't', a grammatical particle; the split is wrong either way.	Genital reference; not suitable.	Not a compound of pale + mai 'don't'. The real second element is maʻi 'genitals', which §4.3 excludes.	None needed; drop. (If anyone checks: P&E's spelling, probably palemaʻi.)						
palemaka	pale·maka	A*	034	keep-pending	likely	palemaka	inferred	unknown	pale#0	maka#0	transparent	face covering	Andrews–Parker bracket [Pale, a garment, and maka, face]	veil; covering for the face	Andrews–Parker 1922	hana	unknown	False			One source; transparent and clean. P&E has to confirm it is a headword, its spelling and its word break. pale#0 'cover' is picked because Andrews glosses the part as 'a garment', which matches Wiktionary's pale#0 'cover'.	Is the headword palemaka or 'pale maka'? Does P&E give the sense 'veil, face covering' and a Lit. reading?						
paleuhi	pale·uhi	A*	034	keep-pending	likely	paleuhi	inferred	unknown	pale#0	uhi#1	transparent	a covering that covers up	Andrews–Parker bracket [Pale, a covering, and uhi, to cover up]	a covering; a veil	Andrews–Parker 1922	hana	unknown	False			One source. Both roots mean 'cover', so the parts row reads cover + cover. It is accurate but teaches less than most. Needs P&E for headword and break.	Is the headword paleuhi or 'pale uhi'? Does P&E give the sense 'covering, veil'?						
paluheʻe	palu·heʻe	A*	034	doubtful	doubtful	paluheʻe	inferred	unknown	unresolved	heʻe#1	partial			softened; cooked soft	Andrews–Parker 1922	ulu	archaic/obscure	False		Andrews lists heʻe n. 2 'the menses'. That is a bodily sense of the root, not on the §4.3 list as written, but a kumu may want to weigh it for every heʻe word.	The first part has no root sense that fits: 'to lick' does not give 'softened'. A single 1922 source and degree 1.	Is paluheʻe a headword? What is palu in it: a 'soft' root (compare palupalu) or 'to lick'? If palu here has no independent sense, drop it.						
panapoʻo	pana·poʻo	A*	034	keep-pending	likely	panapoʻo	inferred	unknown	pana	poʻo	transparent	strike the head	Andrews–Parker bracket [Pana, to strike, and poo, head]	scratch the head to remember	Andrews–Parker 1922 ('to strike or scratch one's own head, to cause one's self to remember')	naʻau	unknown	False			One source with an example sentence. The meaning composes and makes a good card. P&E has to confirm headword and spelling.	Is the headword panapoʻo, as one word? Does P&E give the sense 'to scratch or strike the head in trying to remember', and a Lit. reading such as 'strike head'?		y	keep-pending	panapoʻo		
panapua	pana·pua	A*	034	keep-pending	likely	panapua	corroborated	either	pana	pua	transparent	shoot arrows	Andrews–Parker bracket [Pana, to shoot, and pua, arrow]	archer; to shoot arrows	Andrews–Parker 1922 (n. 'archer'; pana v. 'the whole form is pana pua … to shoot, as an arrow')	hana	traditional	False		The root pana in Andrews comes with a note about enemies' bones made into arrowheads. Irrelevant to this card, but worth knowing.	Transparent and plausible. Andrews itself is split on one word or two, so P&E must set the form. pua is the single dossier homograph and includes 'arrow, dart'.	Is the headword 'pana pua' (two words) or panapua? Which senses: 'to shoot arrows', 'archer', 'bow'? Is there a Lit. reading?						
panepoʻo	pane·poʻo	A*	034	keep-pending	likely	panepoʻo	inferred	unknown	unresolved	poʻo	transparent	the back of the head	Andrews–Parker pane n. 'joining of the head with the bones of the neck' + bracket 'poo, head'; POLLEX (P&E) pane 'hind part of the head'	back of the head	Andrews–Parker 1922 ('the occiput or hinder part of the head')	kanaka	traditional	False			The root sense is confirmed in P&E via POLLEX (PPN *pane), and the compound is in Andrews. But the dossier's only pane homograph is 'answer', so sense_a is unresolved. This PANE needs its own glossary line, or it would link to 'answer' words.	Is the headword panepoʻo, or 'pane poʻo'? Does P&E give the sense 'back of the head, occiput'? Confirm that pane 'back of head' is a homograph separate from pane 'answer'.						
panipuka	pani·puka	A*	034	keep-pending	likely	panipuka	inferred	unknown	pani	puka	transparent	stopper of the entrance	Andrews–Parker bracket [Pani, a stopper, and puka, an entrance]	door; gate	Andrews–Parker 1922	hana	unknown	False		The second sense, 'beggar who sits in the doorway', is mildly pejorative. Show only 'door; gate'. Andrews' pani homograph 'a pan' is an English loan and is not used here.	One source; transparent. P&E has to confirm headword, spelling and break.	Is the headword panipuka or 'pani puka'? Does P&E give the senses 'door, gate' (and 'beggar at the door'), with a Lit. reading?						
panipū	pani·pū	A*	034	keep-pending	likely	panipū	inferred	unknown	pani	pū#2	transparent	gun stopper	Andrews–Parker bracket [Pani, a stopper, and pu, a gun]	wad of a gun	Andrews–Parker 1922	hana	19th-century coinage	False		A firearms word. pū 'gun' is a semantic extension of pū 'conch trumpet' (Wiktionary), which is the interesting part.	Plausible and transparent, but only one source, a post-contact referent, and degree 2. Low priority for the P&E check.	Low priority. Is the headword panipū? Does P&E give the sense 'gun wad'?						
panipūpū	pani·pūpū	A*	034	keep-pending	likely	panipūpū	inferred	unknown	pani	pūpū#1	partial			shell used as an eyestone	Andrews–Parker 1922	kai	archaic/obscure	False			One source, describing a traditional practice. The parts row is unclear because pani is unglossed. If P&E confirms pani as 'lid' here, it becomes transparent.	Is the headword panipūpū? Does P&E give the sense 'eyestone (shell used to remove grit from the eye)'? Is pani here 'lid, cover' (operculum)? Is there a Lit. reading?						
papahola	papa·hola	A*	034	keep-pending	likely	papahola	inferred	unknown	papa#0	hola#0	partial	flat surface spread out	Andrews–Parker bracket [Papa, a flat surface, and hola, spread out]	level court before a heiau	Andrews–Parker 1922	hana	archaic/obscure	False		A heiau is a sacred place; sense 3 is the division of war spoils. A kumu may want care with the sacred context. The hola homographs (hola#1 'hour', from English; hola, the fish-poison plant) are not used here.	One source; the parts fit the sense (a broad, level platform). P&E has to confirm headword and spelling.	Is the headword papahola? Does P&E give the sense 'level court or platform in front of a heiau', and a Lit. reading?		y	keep-pending	papahola		
papahā	papa·hā	A*	034	drop	no	papahā	inferred	unknown	unresolved	hā#0	opaque			by fours; fourfold	Andrews–Parker 1922	hele	unknown	True	Grammatical and prefix-built: papa- is the reduplicated distributive particle pa- (Andrews), not a root (ROOTS.md method step 5; DESIGN §2 'prefixes are not roots').		Prefix-built distributive numeral; the first part is not a content root.	None needed; prefix-built.						
papakea	papa·kea	A*	034	keep-pending	likely	papakea	inferred	unknown	papa#0	kea	transparent	white flat place	Andrews–Parker bracket [Papa, a flat place, and kea, white]	beach washed only at high tide	Andrews–Parker 1922, sense 1	kai	unknown	False		Andrews lists kea n. 1 'a male animal reserved for propagating its kind; male of virile power'. That is a breeding sense of the root, and §4.3 may count it as sexual for every kea word, so a kumu should rule on it. Papakea is also a place name in West Maui (reviewer knowledge), but the common noun is primary here.	One source, transparent, and a good shore word (degree 19). P&E has to confirm headword and break, and should check whether kea has a sense that §4.3 would catch.	Is the headword papakea or 'papa kea'? Which senses: 'strip of beach wet only at high tide', 'whitecaps, foam'? Is there a Lit. reading (for example 'white flat')? Also: does P&E's kea have the breeding or virility sense Andrews gives (kea n. 1)?						
papakoa	papa·koa	A*	034	doubtful	doubtful	papa koa	inferred	unknown	unresolved	koa#0	transparent	row of soldiers	Andrews–Parker bracket (sense 2) [Papa, row, and koa, soldier]	rank or company of soldiers	Andrews–Parker 1922, sense 2	kanaka	unknown	False		A military sense.	One spelling, two splits with different papa homographs (board / rank). Sense 1 is a free phrase rather than a lexical item, and sense 2 rests on Andrews alone. The stone could not be assigned one sense without P&E.	Is papakoa or 'papa koa' a headword at all? If so, which sense: 'koa-wood boards' (a free phrase; drop) or 'rank or company of soldiers' (then papa = 'rank')?						
papalalo	papa·lalo	A*	035	keep-pending	likely	papalalo	inferred	unknown	papa#0	lalo	transparent	board below	Andrews–Parker 1922 bracket [Papa, board, and lalo, below]	lower floor of a house	Andrews–Parker 1922 'The lower floor of a house'	hana	unknown	False			Andrews-only, transparent and clean, but the spelling (one word or two) and whether it is a lexical entry and not a free phrase need Pukui & Elbert.	Is it a P&E headword or sub-entry, and is it written papalalo or papa lalo? Is the sense 'lower floor (of a house)'? Is there a Lit.? If P&E lacks it, drop it as a free phrase.						
papalua	papa·lua	A*	035	doubtful	doubtful	papalua	inferred	unknown	papa#0	lua#0	transparent	story two	Andrews–Parker 1922 bracket [Papa, a story of a house, and lua, two] (storey sense only)	second storey of a building	Andrews–Parker 1922 'The second story or floor of a building'	hana	unknown	False		The homograph lua#1 means 'pit; toilet'. Wiktionary's lua#0 also covers the lua fighting art, which Andrews describes as bone-breaking and noosing men to murder them. The card must show lua = 'two; second' only.	Most attested senses are prefix-built (distributive papa- + lua, 'twofold'). Showing 'second storey' would pick out a minor, possibly phrasal sense, and the PAPA stone would really be a particle in most of the word's uses. High degree (28), so it is worth the P&E look.	Which P&E headword carries which sense: papalua, papa lua or pāpālua? Is 'second storey' a lexical sub-entry or only papa + ordinal? Is 'twofold, by twos' a separate distributive word? Keep only if 'second storey' is its own entry with papa = storey.			doubtful	papalua		
papalāʻau	papa·lāʻau	A*	035	doubtful	doubtful	papa lāʻau	corroborated	2	papa#0	lāʻau	transparent	flat timber	Andrews–Parker 1922 bracket [Papa, flat, and laau, timber]	wooden board; plank	Andrews–Parker 1922 'A board; a plank'	hana	unknown	True	POLLEX's Hawaiian gloss for lāʻau (cited to Pukui & Elbert) includes 'male erection' among its senses; under the strict any-sense-of-either-root rule this flags every lāʻau compound. The team should rule on this once for the whole lāʻau family.	lāʻau also means 'medicine' (lāʻau lapaʻau), which is fine. The flag above is the issue.	Probably a free phrase ('wooden board'), not a lexical item. Andrews is the only source treating it as a word, and the root carries a flagged sense.	Does P&E list papa lāʻau as a sub-entry (plank; poi board), or only papa with lāʻau as an ordinary modifier? Also: does P&E's lāʻau entry carry the 'male erection' sense POLLEX quotes? This decides the whole lāʻau family.		y	drop	papa lāʻau		
papamanamana	papa·manamana	A*	035	keep-pending	likely	papamanamana	inferred	unknown	papa#0	manamana#1	partial	branching plate	Andrews–Parker 1922 bracket [Papa, a plate, and manamana, branching]	a grate; a grating	Andrews–Parker 1922 'A grate; a grating'	hana	19th-century coinage	False			One source, plausible and clean, but an obscure 19th-century object word. Needs P&E for existence, spelling and word break.	Is papamanamana (or papa manamana) in P&E with the sense 'grate, grating'? One word or two? If absent, drop it as an Andrews-only coinage.						
papamū	papa·mū	W	035	keep	yes	papamū	attested	1	papa#0	mū#2	transparent	kōnane board	Wiktionary etymology: papa ('board') + mū ('kōnane, checkers')	kōnane game board	Wiktionary 'A stone with a board for playing kōnane carved into the top'; NPS 'stone papamū for the game of kōnane'	hana	traditional	False		mū#2 also means 'captor of war prisoners to be made into slaves' (Wiktionary, which derives the game sense from it), and Andrews' mū includes 'a person employed to procure human victims when a heiau was to be dedicated'. Show mū only as 'kōnane (the game)'. Old stone papamū are cultural sites (e.g. Puʻuhonua o Hōnaunau).	Wiktionary analysis, Andrews headword and NPS plus Hawaiian Wikipedia use agree on spelling and sense. Clean and transparent.	Confirm the headword papamū (one word) and the sense 'kōnane board; checkerboard'. Does P&E gloss mū as the game kōnane, so the parts row 'papa board · mū kōnane' holds? Any Lit.?	https://www.nps.gov/places/walking-tour-stop-13-papamu.htm | https://www.nps.gov/places/walking-tour-3-konane.htm		keep	papamū		
papaone	papa·one	A*	035	drop	no	papaono	inferred	unknown	unresolved	unresolved	partial			by sixes; six-fold	Andrews–Parker 1922 s.v. Papaono 'By sixes; six by six; six-fold'	hele	unknown	True	Grammatical: the first element is the distributive particle papa-/pa- (Andrews), not the root papa 'board'. | The second root is ono 'six', not one 'sand'; the candidate's split is wrong.		The word as listed does not exist: OCR or misprint artefact, wrong root (sand for six), prefix-built.	Nothing to confirm for this row. Optionally note whether P&E has papaono or pāpāono 'by sixes'; it would still be prefix-built.						
papapalapala	papa·palapala	A*	035	keep-pending	likely	papapalapala	inferred	unknown	papa#0	palapala	transparent	surface for writing	Andrews–Parker 1922 bracket [Papa, a flat surface, and palapala, a writing]	writing table; writing desk	Andrews–Parker 1922 'A writing table; a writing desk'	hana	19th-century coinage	False			Andrews-only but transparent and clean. Needs P&E for existence and word break; risk that it is a free phrase.	Is papapalapala or papa palapala in P&E with the sense 'writing desk'? One word or two? If absent, drop.						
papapāʻina	papa·pāʻina	A*	035	keep-pending	likely	papapāʻina	inferred	unknown	papa#0	pāʻina	transparent	eating table	Andrews–Parker 1922 [Papa and paina, to eat] with definition 'An eating table'	eating table	Andrews–Parker 1922 'An eating table; a table'	hana	unknown	False			Plausible but Andrews-only, and it duplicates papa ʻaina. Low priority for the P&E check. If both survive, the board gets two near-identical 'table' words.	Is papapāʻina or papa pāʻina in P&E at all? If yes: spelling, word break, sense 'dining table'. If absent, drop in favour of papa ʻaina.						
papapōhaku	papa·pōhaku	A*	035	keep-pending	likely	papapōhaku	inferred	unknown	papa#0	pōhaku	transparent	stone flat surface	Andrews–Parker 1922 bracket [Papa, a flat surface, and pohaku, stone]	stone slab; slate	Andrews–Parker 1922 senses 3–4 'A slate; a stone for writing on ... A table of stone'	ʻāina	unknown	False		'Table of stone' is the Bible's tablets of the Law in 19th-century usage. Fine, but keep the gloss secular (slab, slate).	Andrews-only, transparent, clean. Needs P&E for word break and for which senses survive. Not the poi board (modern papa kuʻi ʻai).	Is papa pōhaku or papapōhaku a P&E entry? One word or two? Which senses: 'stone slab/tablet, slate', 'row of stones', poi board? Is there a Lit.?	https://kawaiola.news/mauliola/papahana-kalai-papa-me-pohaku-kui-ai/	y	keep-pending	papapōhaku		
papawaena	papa·waena	A*	035	keep-pending	likely	papawaena	inferred	unknown	papa#0	waena	transparent	board between	Andrews–Parker 1922 bracket [Papa, board, and waena, between]	middle storey of a building	Andrews–Parker 1922 'The middle story of a building of three stories'	hana	unknown	False			Andrews-only, transparent, clean. Lexical status and word break need P&E.	Is papawaena or papa waena in P&E? Sense 'middle floor'? One word or two? If absent, drop as a free phrase.						
papaʻaina	papa·ʻaina	A*	035	keep-pending	yes	papa ʻaina	corroborated	either	papa#0	ʻaina#0	transparent	table for eating	Andrews–Parker 1922 bracket [Papa, table, and aina, eating]	dining table	Andrews–Parker 1922 'A table to eat on'; s.v. Aina 'papa aina, dining table'	hana	unknown	False		Do not let the card drift to ʻāina 'land' (the restaurant's pun 'table of the land'). ʻaina#0 also covers food refuse (POLLEX), which is harmless.	A real, transparent compound with modern use, but the word break is not settled (sources write both). Settle with P&E, then keep.	Headword spelling: papa ʻaina or papaʻaina? Confirm the second element is ʻaina 'meal' (no kahakō) and the sense 'dining table'. Any Lit.? Note P&E may list the cracking-sound papaʻaina or pāpaʻaina separately.	https://www.hawaiimagazine.com/taste-true-farm-to-table-cuisine-at-this-buzzworthy-maui-restaurant/ | https://www.honolulumagazine.com/the-royal-table/					
papaʻakahi	papa·ʻakahi	A*	035	doubtful	doubtful	papaʻakahi	inferred	unknown	unresolved	ʻakahi	partial	row one	Andrews–Parker 1922 bracket [Papa, row, and akahi, one; first]	first order or rank	Andrews–Parker 1922 'The first order or rank'	hele	archaic/obscure	False			Probably a free phrase (papa 'rank' + numeral). Andrews-only. Papa's sense here ('row/rank') falls between papa#0 'layer' and papa#1 'list, class'.	Does P&E list papa ʻakahi or papaʻakahi as an entry ('first rank')? If only as papa + numeral usage, drop.						
pauahi	pau·ahi	A*	035	drop	likely	pauahi	corroborated	unknown	pau	ahi	transparent	fire destroyed	Andrews–Parker 1922 place-name appendix 'Pauahi: fire destroyed'; main entry [Pau, all, and ahi, fire]	destruction by fire	Andrews–Parker 1922 'Destruction of anything by fire'	hana	unknown	True	Mainly a proper name in modern use: the personal name of Ke Aliʻi Bernice Pauahi Bishop (and Queen Pauahi), and a land-section name in Kohala (Andrews appendix). All 17 Hawaiian Wikipedia uses are the name.	PAU·AHI glossed 'destruction by fire' would be read by every Hawaiian reader as a gloss on the name of Pauahi, founder of Kamehameha Schools and a revered aliʻi. Handle with great care or not at all.	Dominantly a revered personal name (and a place name); the common noun is attested only in Andrews. Per §4.3 and the sensitivity read, leave it out.	Only if the team wants to reconsider: does P&E have a common noun pauahi or pau ahi 'destroyed by fire', apart from the name?						
pauaho	pau·aho	W+A	035	keep	yes	pauaho	attested	1	pau	aho#1	transparent	breath finished	Wiktionary etymology pau ('finished') + aho ('breath'); Andrews [Pau, all, and aho, breath]	out of breath; disheartened	Wiktionary 'out of breath, winded; faint of heart, discouraged'; Andrews 'To be out of breath ... discouraged'	naʻau	traditional	False		The figurative sense is despair or giving up. It may also be used figuratively for dying (reviewer knowledge, unverified; confirm in P&E). Fine as 'out of breath; disheartened'.	Wiktionary and Andrews analyse it identically, the spelling is a Wiktionary headword, and it is transparent and clean.	Confirm the headword pauaho (one word) and the senses 'out of breath; discouraged, faint-hearted'. Does P&E add a figurative 'to die'? If so, flag it for the sensitivity read. Any Lit.?			keep	pauaho		
paukikī	pau·kikī	W	035	drop	likely	paukikī	attested	1	pau	kikī	partial	completely flowing swiftly	Wiktionary etymology pau ('completely') + kikī ('flow swiftly')	fast, speedy; speed	Wiktionary 'fast, speedy; speed'	hele	unknown	True	Sexual sense of a root: Andrews–Parker s.v. Kiki, v. (the same entry that gives 'to flow swiftly'), sense 3 'To practice masturbation'.	kikī also 'to eject black matter, as the squid' (Andrews). Harmless, but noted.	Under §4.3 any sexual sense of a root removes the word, and Andrews lists one under the same kikī entry this compound uses.	Exclusion ruling only: does P&E's kikī carry the sexual sense Andrews gives? If not, and the team decides Andrews alone does not trigger §4.3, re-review: headword paukikī, sense 'speed; fast'.		y	drop	paukikī		
paukē	pau·kē	A*	035	drop	doubtful	paukē	inferred	unknown	pau	unresolved	opaque			to slander	Andrews–Parker 1922 'To slander; to belie; to tell lies about'	naʻau	archaic/obscure	False		Meaning is slander. Not excluded, but a sour card.	Andrews-only, opaque, root sense unmatched (Andrews' 'press against' ≠ Wiktionary kē 'complaint'), pau unexplained. The split cannot be shown honestly on a card.	Low priority: does P&E have paukē 'slander'? If it does, which kē does it give? Expect drop.						
pauono	pau·ono	A*	035	doubtful	likely	pauʻono	inferred	unknown	pau	unresolved	partial	all sweet	Andrews–Parker 1922 bracket [Pau, all, and ono, sweet]	food fully cooked; satisfied	Andrews–Parker 1922 'To be satisfied or satiated; deliciously done; applied to food fully cooked'	ulu	unknown	False			Plausible Andrews word, but the row is built on the wrong root (ono 'six'), the correct root is not in the glossary, and the spelling hinges on an ʻokina. The row needs rebuilding before review.	Is there a P&E entry pauʻono or pau ʻono 'thoroughly cooked; satiated'? Confirm the root is ʻono 'delicious' (with ʻokina) and the word break. If absent, drop.						
paupāʻele	pau·pāʻele	A*	035	drop	doubtful	paupāʻele	inferred	unknown	pau	pāʻele	partial	all defiled	Andrews–Parker 1922 bracket [Pau, all and paele, defiled]	filthy; defiled	Andrews–Parker 1922 'Filthy; defiled; dirty'	kanaka	archaic/obscure	True	Slur risk: Andrews–Parker s.v. Paele, n., gives '2. A negro' and '1. A black skin', a racial term. A compound meaning 'filthy; defiled' built on it is unacceptable. | The root pāʻele is prefix-built (pā- + ʻele).	Racial connotation of pāʻele combined with 'defiled'. Must not appear.	A root with a racial sense, plus a pejorative compound meaning. Excluded under §4.3.	None needed; drop regardless.						
paupū	pau·pū	A*	035	drop	doubtful	paupū	inferred	unknown	pau	unresolved	transparent	all together	Andrews–Parker 1922 bracket [Pau, all and pu, together]	all together, alike	Andrews–Parker 1922 'All together; all in one condition'	hele	unknown	True	Grammatical: the second element is the particle pū 'together, with', not a content root.	Andrews' only example is 'we are all alike under sentence of death'.	One element is a grammatical particle that has no stone in the glossary, and it is probably a free phrase.	None needed. Optionally: is paupū an entry in P&E, or only pau + pū?						
paʻahana	paʻa·hana	A*	035	keep	yes	paʻahana	attested	1	paʻa	hana#0	transparent	steadfast at work	Andrews–Parker 1922 bracket [Paa, steadfastly, and hana, to work]; PIDF 'stuck or firm to your work'	industrious, hard-working	UH News Hawaiian Word of the Week, 13 Feb 2024 'Industrious, busy, hard-working'	hana	traditional	False		Also a personal name (e.g. Mary Paʻahana Kanakaʻole on Hawaiian Wikipedia), but mainly a common word and a named Hawaiian value.	Andrews analysis plus UH News and PIDF independently confirm the spelling, sense and split. Transparent and warm.	Confirm the headword paʻahana (one word) and the sense 'industrious, hard-working; workman'. Any Lit.?	https://www.hawaii.edu/news/2024/02/13/hawaiian-word-of-the-week-paahana/ | https://pidf.org/hawaiian-thought-of-the-week-8/		keep	paʻahana		
paʻahao	paʻa·hao	W+A	036	keep	yes	paʻahao	attested	1	paʻa	hao#0	transparent	stuck in irons	Andrews–Parker 1922 bracket [Paa, fast, and hao, iron]; Lahaina Restoration Foundation 'stuck-in-irons house' for Hale Paʻahao	prisoner; imprisoned	Wiktionary (prisoner; imprisoned); Andrews–Parker 1922 ('one bound; a prisoner')	kanaka	19th-century coinage	False		Imprisonment. Andrews sense 3 also names the kingdom's forced tax labour. The register is inferred: 'iron' is a post-contact sense of hao (POLLEX PPN *faqo is a wooden peg or nail), and Andrews cites Epes. 4:1.	Two sources analyse it as paʻa + hao, the spelling is well attested, and nothing triggers an exclusion. The one open point is which hao the stone carries. hao#0 'iron' is chosen on Andrews plus the Lahaina gloss, against Wiktionary's hao#1 'robber'.	Confirm headword paʻahao (one word). Does P&E give Lit. 'stuck in irons' (hao = iron), or tie it to hao 'robber'? That settles which HAO stone it is.	https://www.lahainarestoration.org/lahainaprison.html	y	keep	paʻahao		
paʻahihi	paʻa·hihi	A*	036	doubtful	doubtful	paʻahihi	inferred	unknown	paʻa	hihi	partial		none: Andrews' bracket glosses only hihi ('to spread out') and leaves paʻa's role unexplained	to extend one's work widely	Andrews–Parker 1922 ('to work here and there; to extend one's operations')	hana	archaic/obscure	False			One 1922 source, paʻa unglossed, a meaning that does not compose clearly from 'firm' + 'spread', no modern attestation, and an inferred spelling.	Is paʻahihi in P&E at all? If so, check the spelling, the meaning ('work here and there'?), and whether a Lit. reading explains paʻa.						
paʻakai	paʻa·kai	W+A	036	keep	yes	paʻakai	attested	1	paʻa	kai	transparent	solidified seawater	Wiktionary etymology (paʻa 'solid; frozen, fixed' + kai 'sea, seawater'); Andrews bracket [Paa and kai, sea water]	salt	Wiktionary; Andrews–Parker 1922; POLLEX/Pukui & Elbert 1986 ('Salt')	kai	traditional	False		Salt has ceremonial cleansing uses. Nothing to exclude.	Three agreeing sources, including a P&E spelling via POLLEX and a Proto-Marquesic etymon. Transparent, and nothing triggers an exclusion.	Confirm paʻakai 'salt'. Is there a Lit. reading to quote on the card? (Andrews also lists paʻakai as a taro variety, harmless.)			keep	paʻakai		
paʻakāhili	paʻa·kāhili	A*	036	keep	yes	paʻa kāhili	attested	2	paʻa	kāhili	transparent	holding the kāhili	Andrews bracket [Paa and kahili] with Andrews' paa v. 2 'to hold; to retain; to keep'; P&E 1971 'kāhili bearer'	kāhili bearer, a chief's attendant	Pukui & Elbert 1971 via KS compilation ('kāhili bearer'); Andrews–Parker 1922 ('officer of a high chief who took care of the kahilis')	kanaka	traditional	False		Kāhili stand for the sanctity and mana of aliʻi, and bearers waved them over the dead at chiefly funerals. Handle with respect. DESIGN lists kāhili itself as a prefix-built word (kā + hili), but here it is a single root (PCE *taafiri) inside the compound, which is fine.	Three sources give the word, P&E among them through the KS reproduction. The two-word spelling is attested, the meaning is transparent, and nothing triggers an exclusion.	Under kāhili: confirm the sub-entry 'paʻa kāhili, kāhili bearer' (two words). Is there a separate headword paʻakāhili?	https://blogs.ksbe.edu/kekuiapoiwa/files/2013/12/KA-UA.pdf | https://kaiwakiloumoku.ksbe.edu/article/essays-kaahili-feather-standards					
paʻakīkī	paʻa·kīkī	A	036	drop	likely	paʻakikī	corroborated	1	paʻa	kīkī#0	partial	exceedingly solid	Andrews–Parker 1922 bracket [Paa, solid, and kiki, intensive, very, exceedingly]	hard, difficult; stubborn	Wiktionary ('hard, difficult'); Andrews–Parker 1922 ('hard; difficult to do; perverse')	naʻau	traditional	True	Root kiki/kikī: Andrews–Parker 1922's verb Kiki ('freq. and intensive of ki, to shoot or squirt'), sense 3, is sexual ('to practice masturbation'). DESIGN §4.3: any sexual sense of the word or a root removes the word. | The root as used is an intensifying adverb, close to grammatical, so as a stone it would carry little meaning.	A common, useful everyday word, dropped only by rule. A kumu may restore it if P&E's kikī has no such sense and they judge the intensive adverb a separate word from the verb.	DESIGN §4.3 exclusion on the root (Andrews' sexual sense of kiki). The spelling is also split (paʻakikī vs paʻakīkī), and the second root is an intensifier, not a content root.	Headword spelling: paʻakikī or paʻakīkī? Does P&E's kikī ('spurt, flow swiftly') carry any sexual sense? Is the intensive in paʻakikī treated as the same word? If clean, a kumu may reconsider.	https://oleloonline.com/disc-3-part-5-using-ua-to-make-simple-past-tense/					
paʻaluhi	paʻa·luhi	A*	036	keep-pending	likely	paʻaluhi	corroborated	unknown	paʻa	luhi#0	transparent		none: Andrews' bracket glosses only luhi ('fatigue')	overcome with weariness	Andrews–Parker 1922 ('to be overcome with weariness')	kanaka	unknown	False		Modern web use is mostly a family name. Fine as the common verb, but don't let it read as a name.	One plausible source and an inferred word break. luhi#0 'tired' is clearly the sense used. Needs P&E for existence and spelling.	Is paʻaluhi a P&E headword (one word) meaning 'overcome with weariness'? Any Lit. reading?	https://en.wikipedia.org/wiki/Raquel_Pa%CA%BBaluhi					
paʻanaʻau	paʻa·naʻau	W	036	keep	yes	paʻanaʻau	attested	1	paʻa	naʻau	transparent	fixed in the mind	Wiktionary etymology (paʻa 'frozen, fixed' + naʻau 'mind')	memorized, known by heart	Wiktionary ('memorized, remembered'); Kaniʻāina 1973 usage (tunings remembered)	naʻau	unknown	False		naʻau is also 'intestines', the seat of thought. Not excretory.	One source plus clear native-speaker use, an attested spelling, and a transparent meaning that fits the piece (memory held in the naʻau).	Confirm headword paʻanaʻau (one word) 'memorized'. Does P&E give a Lit. reading like 'fixed in the mind'?	https://www.ulukau.org/kaniaina/?a=d&d=A-KLH-HV24-038&l=en	y	keep	paʻanaʻau		
paʻapoepoe	paʻa·poepoe	A*	036	keep-pending	likely	paʻapoepoe	inferred	unknown	paʻa	poepoe	transparent	round solid	Andrews–Parker 1922 bracket [Paa, a solid, and poepoe, round]	a globe; a round solid	Andrews–Parker 1922 ('a circular solid; a globe')	hele	19th-century coinage	False			Transparent and harmless, but a single 1922 source for a 19th-century school-geometry term, with an inferred spelling. Needs P&E or Māmaka Kaiao.	Is paʻapoepoe in P&E or Māmaka Kaiao as 'globe, sphere'? One word or two?	https://languagedrops.com/word/en/english/hawaiian-w/translate/cube/					
paʻapū	paʻa·pū	W	036	keep-pending	likely	paʻapū	attested	1	paʻa	unresolved	partial		none: no source gives a Lit. reading, and Wiktionary's 'fixed + stand' matches no listed pū sense	dense, crowded; covered over	Pukui & Elbert 1971 via KS compilation ('covered with, solid with, as of people, fog, clouds; dense'); Wiktionary ('dense; crowded, congested')	hele	traditional	False		If pū here is the particle 'together/completely', the stone would be a grammatical morpheme, the same problem that ruled out hoʻo- as a stone. Decide on that before it deals.	The word and its spelling are secure. The split rests on Wiktionary alone, and the second root's sense is unresolved, possibly grammatical.	Does P&E analyse paʻapū? Is pū the particle 'together, completely' (then drop: grammatical root) or pū 'cluster'? Any Lit.?	https://blogs.ksbe.edu/kekuiapoiwa/files/2013/12/KA-UA.pdf					
paʻawaha	paʻa·waha	A*	036	keep-pending	likely	paʻawaha	inferred	unknown	paʻa	waha#0	transparent	tight mouth	Andrews–Parker 1922 bracket [Paa, tight, and waha, mouth]	a bridle	Andrews–Parker 1922	hana	19th-century coinage	False		Register inferred: a bridle is horse gear, introduced in the 19th century.	One plausible source, transparent, but the spelling and word break are inferred and there is no modern attestation.	Is paʻawaha (or paʻa waha) a headword meaning 'bridle'? One word or two? Does P&E also give 'to keep silent' for it?	https://www.staradvertiser.com/2011/08/06/editorial/kauakukalahale/nana-ka-maka-hoolohe-ka-pepeiao-paa-ka-waha/					
paʻaʻili	paʻa·ʻili	A*	036	keep-pending	likely	paʻaʻili	corroborated	1	paʻa	ʻili	transparent	solid with sides	Andrews–Parker 1922 bracket [Paa, a solid, and ili, side; surface]	many-sided solid (geometry)	Andrews–Parker 1922 ('a solid with sides according to the number specified')	hele	19th-century coinage	False		A technical term usually followed by a number (paʻaʻili ono, cube). On a card it needs the gloss to make sense.	Transparent, with some modern corroboration, but it rests on Andrews plus one app. A school-geometry coinage: P&E or Māmaka Kaiao should confirm.	Is paʻaʻili a headword ('solid with faces'; paʻaʻiliha 'pyramid')? Does Māmaka Kaiao use paʻaʻili + number (paʻaʻili ono, cube)?	https://languagedrops.com/word/en/english/hawaiian-w/translate/cube/					
paʻiaʻa	paʻi·aʻa	A*	036	keep-pending	yes	paʻiaʻa	attested	1	unresolved	aʻa#0	partial		none: Andrews glosses only aa ('small roots'), and the paʻi element is unexplained in every source	root system, rootlets	POLLEX / Pukui & Elbert 1986 ('root system, rootlets, small branches'); Andrews–Parker 1922 ('branches of the main root of a tree')	ulu	traditional	False		Root aʻa#0 also means 'womb, offspring' (reproductive, not genital). A kumu may want to know.	Word and spelling are secure (P&E via POLLEX, with a Proto-Nuclear-Polynesian etymon), but the first root's sense is unknown. Without it the PAʻI stone would wrongly link to paʻi 'to slap/print' words.	Spelling already matches P&E via POLLEX. What does P&E say the paʻi element is? If unanalysed, show without a parts row or drop.						
paʻihua	paʻi·hua	A*	036	drop	doubtful	paʻihua	inferred	unknown	unresolved	hua	transparent	bundle of fruit	Andrews–Parker 1922 bracket [Pai, bundle, and hua, fruit]	a bundle of fruit	Andrews–Parker 1922	ulu	archaic/obscure	True	Root hua: Andrews–Parker 1922 hua n. 5 'testicle'; POLLEX lists Hawaiian hua 'testicles' (PEC *fua, cited to P&E). DESIGN §4.3: a genital sense of a root removes the word.	The hua exclusion reaches every hua compound. This needs a family-level decision by the kumu, not word by word.	Exclusion on the hua root. Even without it the word would be doubtful: one source, an unresolved first root, an inferred spelling, and possibly a free phrase.	Low priority. Only if the hua root is cleared: is paʻihua / pai hua in P&E, and is the first element pai or paʻi 'bundle'?		y	drop	paʻihua		
paʻikiʻi	paʻi·kiʻi	W	036	keep	yes	paʻi kiʻi	attested	2	paʻi	kiʻi#0	transparent	to print an image	Wiktionary etymology (paʻi 'to imprint' + kiʻi 'image'); Hawaii News Now (paʻi 'to print', kiʻi 'picture')	photograph; to take a picture	Wiktionary ('photograph'); Wiktionary paʻi sense 'to photograph'; Hawaiian Wikipedia usage	hana	unknown	False		Coined after contact for an introduced technology; date unknown (not in Andrews 1922 as a bracketed compound). kiʻi also means 'idol, statue', but this compound uses 'picture'.	Wiktionary analysis plus clear, consistent modern use; transparent; no exclusion. Shown as two words, matching running text.	Headword form: paʻi kiʻi (two words) for 'to photograph / photograph'? Does P&E or Māmaka Kaiao ever join it as paʻikiʻi?	https://www.hawaiinewsnow.com/story/30278377/hawaiian-word-of-the-day-pahu-pai-kii/					
paʻiʻai	paʻi·ʻai	A*	036	keep-pending	likely	paʻi ʻai	corroborated	either	unresolved	ʻai	partial	bundle of food	Andrews–Parker 1922 bracket [Pai, a bundle, and ai, food]; Hawaii News Now (pai bundle + ai kalo)	hand-pounded, undiluted taro	Bishop Museum (steamed kalo pounded into a thick paste, before water is added); Andrews–Parker 1922 ('bundle of pounded taro done up in ti leaves')	ulu	traditional	False		'ʻōlelo paʻi ʻai' is the Hawaiian name for Pidgin (Hawaiʻi Creole), not a slur. Nothing to exclude.	A real, culturally central word, but the word break is split, the first root's identity and ʻokina are unsettled (pai 'bundle' per Andrews vs paʻi in modern spelling), and the stone could link wrongly to paʻi 'slap/print'.	Headword: paʻi ʻai or paʻiʻai? Meaning 'hard, undiluted pounded taro'? Does P&E analyse it, and is the first element paʻi (which sense?) or pai 'bundle'?	https://hbs.bishopmuseum.org/botany/taro/key/HawaiianKalo/Media/Html/characters/use.htm | https://www.hawaiinewsnow.com/story/33059713/hawaiian-word-of-the-day-paiai/ | https://www.hawaii-guide.com/hawaii-eats/recipes/paiai					
pihalima	piha·lima	A*	036	keep-pending	likely	pihalima	inferred	unknown	piha	lima	transparent	full hand	Andrews–Parker 1922 bracket [Piha, full, and lima, hand]	a handful	Andrews–Parker 1922	hele	unknown	False			One plausible source, transparent, but no modern attestation and the word break is unknown.	Is pihalima (or piha lima) a P&E headword meaning 'handful'? One word or two?						
pilihua	pili·hua	A*	036	doubtful	doubtful	pilihua	inferred	unknown	pili	unresolved	partial		none: Andrews' 'hua, pain' is not a confirmed root sense	speechless with sorrow or astonishment	Andrews–Parker 1922 ('speechless; perplexed; sorrowful; astonished')	naʻau	unknown	True	Conditional: if this hua is the common root hua (fruit, egg), that root carries 'testicle' (Andrews hua n. 5; POLLEX PEC *fua, Hawaiian reflex cited to P&E). DESIGN §4.3 would remove the word. If P&E shows a separate hua, the flag lifts.	Grief, despair.	One 1922 source, an unresolved second root, an inferred spelling, and a conditional exclusion on hua.	Confirm pilihua and its meaning. What is the hua element: 'pain' (Andrews), 'word', or other? Any Lit.?						
pipiwai	pipi·wai	A*	036	keep-pending	likely	pīpīwai	corroborated	1	unresolved	wai#0	transparent	percolating water	Andrews–Parker 1922 bracket [Pipi, to percolate, and wai, water]	place where water oozes up	Andrews–Parker 1922 sense 1; NPS citing Place Names of Hawaiʻi ('where water springs up or oozes out of the ground or rocks')	ʻāina	traditional	False		Best known today as a place name (Pīpīwai Trail, Kīpahulu). Show it as the common noun. Historic Hawaiʻi Foundation also uses 'pipiwai' for a native animal of spring-fed waters, which could be a second sense. The degree count (21) assumes a shared PIPI stone; with the root as PĪPĪ it will drop.	Two sources agree on the meaning, and the modern spelling pīpīwai is corroborated. But the root is pīpī, which is not in the dossier's homographs, so the stone and its links need re-deriving. Needs P&E to confirm the common-noun headword.	Is pīpīwai a P&E headword as a common noun ('place where water oozes up')? Is the root pīpī 'to sprinkle' (not pipi 'oyster')? Is pipiwai also a mollusk or fish name?	https://www.nps.gov/locations/hawaii/pronunciation-of-place-names.htm | https://historichawaii.org/article/most-endangered-update-saving-kanewai-spring/					
piʻiana	piʻi·ana	A*	036	drop	no	piʻiana	inferred	unknown	piʻi#0	unresolved	partial	a going up	Andrews–Parker 1922 bracket [Pii, and ana, going up]	path ascending a hill	Andrews–Parker 1922	hele	archaic/obscure	True	Second element is the grammatical participle/nominaliser ana, not a root (DESIGN §4.3 grammatical). | Root piʻi#0 has a sexual sense in Wiktionary ('to mount, to breed, to fuck').		Not a two-root compound (root + grammatical suffix), and the piʻi root carries a sexual sense.	None needed. Optionally confirm there is no lexical piʻiana distinct from piʻina 'ascent' or the phrase piʻi ʻana.		y	drop	piʻina	drop	Andrews' headword is Piina (pii'-na) n. [Pii, and ana, going up] 'a path ascending a hill. Syn: Hoopiina' (OCR l.85098). No source prints 'piiana': the pipeline rebuilt it from the bracket, and the dossier's 'andrews' array is empty. The real word is Wiktionary's piʻina 'climb, ascent' (< PEP *pikinga, piʻi + nominalising -na). That is root + suffix, not two roots, and piʻi#0 also carries a sexual sense. The first reader quoted 'Piiana n.' as Andrews' text and kept the invented spelling as the form.
poiawa	poi·awa	A*	036	drop	doubtful	poiawa	inferred	unknown	poi	unresolved	transparent	sour poi	Andrews–Parker 1922 bracket [Poi and awa, sour; bitter]	sour, over-fermented poi	Andrews–Parker 1922 ('sour poi, or poi too much fermented')	ulu	unknown	False		The figurative sense (a sour-tempered person) is mildly insulting. Not a slur.	The second root is mapped to the wrong homograph and its real form is unknown. Degree 1, one source, and possibly a free phrase (poi + sour) rather than a lexical item.	Low priority: is there a headword poiawa / poiʻawa / poi ʻawaʻawa 'sour poi'?						
pokeʻina	poke·ʻina	A*	037	doubtful	doubtful	pokeʻina	inferred	unknown	poke	ʻina	opaque			calabash of ʻina sea urchins	Andrews–Parker 1922, Pokeina ('A calabash of ina, a species of the sea egg')	kai	archaic/obscure	False			Single 1922 source with an OCR-ambiguous, non-compositional definition; degree 0 in the core, so it could never turn on the board anyway.	Is pokeʻina a P&E headword at all? If so: exact spelling, and does it mean a calabash/portion of ʻina or a kind of sea urchin? (Low priority: degree 0.)						
poʻohina	poʻo·hina	A*	037	keep-pending	likely	poʻohina	inferred	unknown	poʻo	hina#0	transparent	gray head	Andrews–Parker 1922 bracket: 'Poo, head, and hina, gray'	gray-haired; gray with age	Andrews–Parker 1922, Poohina adj. 'Gray haired; gray with age'	kanaka	unknown	False		Root hina is also the name of the goddess Hina (Andrews, Hina n. 4); the card must show only the common sense 'gray'.	Clean, transparent Andrews compound whose bracket matches its meaning, but one source only and the spelling and word break are unconfirmed.	Is poʻohina a P&E headword (one word, or poʻo hina)? Meaning 'gray-haired'? Is it distinct from pōhina, as Andrews keeps it?						
poʻokepa	poʻo·kepa	A*	037	keep-pending	likely	poʻokepa	inferred	unknown	poʻo	kepa	partial	sideways head	Andrews–Parker 1922 bracket: 'Poo, head, and kepa, sideways; edgewise'	hair cut lopsided in mourning	Andrews–Parker 1922, Pookepa senses 1–2 and the note on mourning	kanaka	archaic/obscure	False		Tied to mourning for the dead; sense 3 'a one-sided head' could read as mocking someone's appearance. A kumu should decide how (or whether) to present it.	Andrews' bracket matches the meaning, but it is a single 1922 source on an obscure custom, and the spelling is unconfirmed.	Is poʻokepa in P&E? Spelling and word break. Does P&E describe the mourning haircut, and does it list any derogatory sense?						
poʻolua	poʻo·lua	A*	037	drop	yes	poʻo lua	attested	2	poʻo	lua#0	partial	two heads (fathers)	Wiktionary etymology 'poʻo (head, father) + lua (two)'; Andrews bracket 'Poo, head, and lua, two'	child with two fathers	Wiktionary 'poʻo lua'; Andrews–Parker 1922 Poolua sense 1	kanaka	traditional	True	Sexual: it is about paternity outside marriage (Wiktionary, 'a child fathered by other than the husband') | Andrews senses 'a child born out of wedlock; a bastard' and 'adulterous' carry a slur and a sexual sense, so per §4.3 the whole word goes	Bears on chiefly genealogy and legitimacy; not for the card.	A real compound, but excluded under §4.3: its senses are sexual and include a slur ('bastard', 'adulterous').	None needed for the piece (excluded). Optional: P&E headword spelling 'poʻo lua' for the record.						
poʻopaʻa	poʻo·paʻa	A*	037	keep	yes	poʻopaʻa	attested	1	poʻo	paʻa	partial	hard head	Andrews–Parker 1922 bracket 'Poo, head, and paa, hard' and Oopukai 'hard-head oopu'; Garden Island 2023 'means "hard head"'	stocky hawkfish, a reef fish	Garden Island 2023; FishBase (Cirrhitus pinnulatus); Andrews–Parker Oopukai (Cirrhitus marmoratus, 'also called poopaa')	kai	traditional	False			Two independent sources give the same 'hard head' analysis and the same fish; modern spelling is consistent; no exclusion concern.	Confirm headword poʻopaʻa (one word); species Cirrhitus pinnulatus (stocky hawkfish), also called ʻoʻopu kai; does P&E give Lit. 'hard head'?	https://thegardenisland.com/?p=385892 | https://www.fishbase.se/ComNames/CommonNamesList.php?ID=5831	y	keep	poʻopaʻa		
poʻowai	poʻo·wai	A*	037	keep	yes	poʻowai	attested	1	poʻo	wai#0	transparent	water head	Kamehameha Schools: 'water head or source'; Andrews–Parker bracket 'Poo, head, and wai, water'	headwaters; dam feeding an ʻauwai	Andrews–Parker 1922 ('a fountain head of water'); Kamehameha Schools and DLNR CWRM (diversion dam at the ʻauwai head)	ʻāina	traditional	False			Andrews plus two reputable modern sources agree on form, word break and the 'water head' reading; no exclusion concern.	Confirm headword poʻowai (one word). Which sense leads: 'head of water, source' or 'dam at the head of an ʻauwai'? Does P&E give a Lit. reading?	https://ksdigitalfiles.ksbe.edu/elearn/huakai/loi/comp-loi.html | https://dlnr.hawaii.gov/cwrm/surfacewater/ifs/kauai/2018-waioli/					
poʻoʻōlelo	poʻo·ʻōlelo	A*	037	keep-pending	yes	poʻoʻōlelo	corroborated	1	poʻo	ʻōlelo	partial	head of the speech	Andrews–Parker 1922 bracket: 'Poo, head, and olelo, speech'	title or text of a discourse	Andrews–Parker 1922, Pooolelo ('The title of a discourse; the text of a sermon')	naʻau	unknown	False		Andrews' example is a sermon text (Acts), and the modern uses are about scripture. Fine, but the gloss should stay general ('text, title').	Andrews plus some modern use, but the spelling is only corroborated: one Wikipedia article, and Wiktionary hints at an alternative 'pōʻōlelo'.	Headword spelling: poʻoʻōlelo, pōʻōlelo or poʻo ʻōlelo? Sense 'text, title or topic of a speech'? Any Lit. reading?						
puahau	pua·hau	A*	037	doubtful	doubtful	puahau	inferred	unknown	pua	hau#1	transparent	hau blossom	Andrews–Parker 1922 bracket: 'Pua, blossom, and hau, name of a tree'	blossom of the hau tree	Andrews–Parker 1922, Puahau	ulu	unknown	False			Probably a free phrase ('pua hau') rather than a compound headword; one 1922 source; the card would only restate the parts.	Does P&E list puahau or 'pua hau' as a headword or sub-entry? If it is only a phrase, drop.						
puakala	pua·kala	A*	037	keep-pending	yes	puakala	attested	either	pua	kala#0	transparent	rough (thorny) flower	Andrews–Parker 1922 bracket 'Pua, flower, and kala, rough'; kala#0 'horn, spike, thorn' (Wiktionary)	Hawaiian prickly poppy	Ka Wai Ola 2024 (Argemone glauca); Waikōloa Dry Forest Initiative; Andrews–Parker (Argemone; thorny shrub)	ulu	traditional	False		Its latex is a traditional medicine and is toxic. Not a concern for the card.	A real compound with good modern use, but reputable sources split on puakala versus pua kala, so P&E must set the caption.	Headword: puakala or pua kala? Argemone glauca? Any Lit. reading ('thorny flower')? Does kala here mean 'thorn' (kala#0)?	https://kawaiola.news/columns/na-meakanu-apaakuma-o-hawaii-nei/puakala-argemone-glauca/ | https://www.waikoloadryforest.org/plants/pua-kala-argemone-glauca/					
puapoʻo	pua·poʻo	A*	037	keep-pending	likely	puapoʻo	inferred	unknown	pua	poʻo	partial	head blossom	Andrews–Parker 1922: 'A head blossom, that is, the comb of a cock'	comb or crest of a bird	Andrews–Parker 1922, Puapoo sense 1	lani	archaic/obscure	False			Andrews gives the literal reading itself, but it is the only source and the spelling is unconfirmed.	Is puapoʻo in P&E? Spelling and word break; sense 'comb of a cock; head tuft of feathers' and 'flower of the puʻukoa sedge'?						
pukahale	puka·hale	A*	037	keep-pending	likely	pukahale	inferred	unknown	puka	hale	transparent	house opening	Andrews–Parker 1922 bracket: 'Puka, opening, and hale, house'	window or doorway of a house	Andrews–Parker 1922, Pukahale	hana	unknown	False			Transparent, but one source only. It may be a free phrase ('puka hale'), and modern Hawaiian uses puka aniani for 'window' (Wiktionary headword; 3× in Hawaiian Wikipedia).	Is pukahale or 'puka hale' a P&E entry? Sense window/doorway? Obsolete?		y	keep-pending	puka hale		
pukaihu	puka·ihu	A*	037	keep-pending	likely	pukaihu	inferred	unknown	puka	ihu	transparent	nose hole	Andrews–Parker 1922 bracket 'Puka, hole, and ihu, the nose'; gloss 'ka puka o ka ihu'	nostril	Andrews–Parker 1922, Pukaihu	kanaka	unknown	False			Transparent, with a clear 1922 source, but the spelling and word break (pukaihu or puka ihu) are unconfirmed.	pukaihu or 'puka ihu'? P&E sense 'nostril'?						
pukamakani	puka·makani	A*	037	keep-pending	likely	puka makani	corroborated	2	puka	makani	transparent	wind hole	Andrews–Parker 1922 bracket: 'Puka, hole, and makani, wind'	window; opening for ventilation	Andrews–Parker 1922, Pukamakani; Hawaiian Wikipedia use (vents)	hana	unknown	False		Root makani also means 'ghost' (Wiktionary). That sense is not used here.	Transparent, and the two-word form has one modern use, but it may be a free phrase. The usual word for 'window' is puka aniani.	Is 'puka makani' (two words) a P&E entry? Sense 'window; vent'?						
punawai	puna·wai	A*	037	doubtful	likely	pūnāwai	attested	1	puna#0	wai#0	transparent	spring water	Andrews–Parker 1922 bracket 'Puna, spring, and wai, water'; UH WRRC 'pūnāwai (water springs)'	spring of fresh water	Andrews–Parker 1922, Punawai ('a spring of water; a well; a fountain'); UH WRRC	ʻāina	traditional	False			The word is real and important, but the attested form is pūnāwai. Under DESIGN §4.4, PŪNĀ and PUNA are different stones, so it cannot sit on a PUNA stone and link to other puna#0 words. It needs a ruling: a separate PŪNĀ stone, which would have no other words, or drop.	Confirm headword pūnāwai (kahakō on both ū and ā). Is any unmarked 'punawai' listed? Does P&E derive it from puna + wai? If it is pūnāwai only, the puna·wai split fails §4.4.	https://wrrc.hawaii.edu/?p=8961 | https://sciencebase.gov/catalog/item/568ed82fe4b0e7a44bc59ba0					
punihai	puni·hai	A*	037	doubtful	doubtful	punihai	inferred	unknown	puni#1	unresolved	partial	inclined to run	Andrews–Parker 1922 bracket: 'Puni, an inclination, and hai, to run'	cowardly; full of fear	Andrews–Parker 1922, Punihai	naʻau	archaic/obscure	False		A term of reproach (calls someone a coward).	The second root cannot be matched to any known hai: the mapped hai#0 'offering' is wrong. One 1922 source, degree 2.	Is punihai in P&E? Which 'hai' (is there a verb 'to run, flee')? If there is none, drop.						
punikoko	puni·koko	A*	037	keep-pending	likely	punikoko	inferred	unknown	puni#1	koko	transparent	fond of blood	Andrews–Parker 1922 bracket: 'Puni, desire, and koko, blood'	bloodthirsty	Andrews–Parker 1922, Punikoko ('a bloodthirsty person'; 'greedy for blood')	naʻau	unknown	False		Violence and murder ('reckless of murder'); a strong pejorative for a person. It sits badly with the piece's warm tone, so a kumu should decide.	A transparent Andrews compound, but one source only, possibly a free puni + noun phrase, and a dark sense that needs the sensitivity read.	Is punikoko or 'puni koko' in P&E? Sense 'bloodthirsty'? Is puni + noun treated as a phrase?						
puniwaiwai	puni·waiwai	A*	037	keep-pending	likely	puniwaiwai	inferred	unknown	puni#1	waiwai	transparent	fond of property	Andrews–Parker 1922 bracket ('Puni and waiwai, property') with Andrews' puni n. 'a desire; a strong inclination for the possession of'	covetous; greedy for wealth	Andrews–Parker 1922, Puniwaiwai adj./v.	naʻau	traditional	False		Names a vice; mild reproach.	Well defined in Andrews, but one source only, possibly a free puni + noun phrase, and waiwai is itself a reduplication. Degree 2.	puniwaiwai or 'puni waiwai'? P&E sense 'covetous, greedy for wealth'?		y	keep-pending	puniwaiwai		
puʻuhoʻomaha	puʻu·hoʻomaha	A*	037	doubtful	doubtful	puʻuhoʻomaha	inferred	unknown	puʻu	hoʻomaha	partial	resting heap	Andrews–Parker 1922 bracket: 'Puu, heap, and hoomaha, to rest'	resting place for travelers	Andrews–Parker 1922, Puuhoomaha	hele	unknown	False			Three morphemes (hoʻo- is not a root, DESIGN §2), one 1922 source, possibly a phrase 'puʻu hoʻomaha'. Spelling unconfirmed.	Is puʻuhoʻomaha or 'puʻu hoʻomaha' in P&E (and Andrews' synonym puʻuoʻioʻina)? Sense 'travelers' resting place'?						
puʻukani	puʻu·kani	W	037	keep	yes	puʻukani	attested	1	puʻu	kani	partial	sounding throat	Built from the dossier's root glosses (Wiktionary puʻu 'throat, neck', Andrews puʻu 'the throat'; kani 'sound') along Wiktionary's 'puʻu + kani'. No source gives a Lit. reading, so P&E must confirm.	sweet-voiced; a singer	Wiktionary puʻukani; Andrews–Parker 1922 Puukani	naʻau	traditional	False		Root puʻu has many senses, incl. 'pimple, wart' and Andrews' cross-reference 'same as moepuu'. None is used here. Show only puʻu 'throat'.	Wiktionary analysis plus wide modern use, spelling attested, no exclusion concern. Only the Lit. reading needs P&E.	Confirm headword puʻukani. Does P&E give a Lit. reading (e.g. 'sounding throat')? Is puʻu here 'throat'?			keep	puʻukani		
puʻukaua	puʻu·kaua	A*	037	keep-pending	likely	puʻukaua	inferred	unknown	puʻu	kaua	transparent	war hill	Andrews–Parker 1922 bracket 'Puu, a heap, and kaua, war', with its example 'puu e kaua ai' (hills to fight from)	fortification; stronghold	Andrews–Parker 1922, Puukaua	hana	traditional	False		War and battle; mild.	Transparent, with a clear Andrews bracket, but one source only and no modern attestation. P&E may prefer pākaua or pāpū for 'fort'.	Is puʻukaua or 'puʻu kaua' in P&E? Sense 'fortified hill, stronghold'?						
puʻukoko	puʻu·koko	A*	038	keep-pending	likely	puʻukoko	inferred	unknown	puʻu	koko	transparent	lump of blood	Andrews–Parker 1922 bracket [Puu, bunch, and koko, blood]; puʻu 'lump, any physical protuberance' (Wiktionary).	a clot of blood	Andrews–Parker 1922 sense 2 ('A clot of blood'). Sense 1, 'The heart', would duplicate puʻuwai.	kanaka	unknown	False		Blood and clotting are mildly medical. Puʻukoko is also a hill name in Hawaiʻi County (Wikidata).	The 1922 analysis is plausible and transparent, but it is the only source. P&E must confirm that the word exists, how it is written (one word or two), and which sense to show.	Is puʻukoko a P&E headword, written as one word or as 'puʻu koko'? Is the sense 'blood clot', 'heart', or both? Is there a Lit. reading?	https://www.wikidata.org/wiki/Q49065290					
puʻulele	puʻu·lele	A*	038	doubtful	likely	puʻulele	inferred	unknown	puʻu	lele	partial	swelling that flies (away)	Andrews–Parker 1922 bracket [Puu, a swelling, and lele, to fly], with its note 'so called because it disappears suddenly'.	a rupture; a hernia	Andrews–Parker 1922	kanaka	unknown	False		A bodily ailment. The common hernia is inguinal (groin, and in men often scrotal), so a reader may take a genital reading. If P&E places the swelling in the groin or scrotum, apply §4.3 and exclude it.	One 1922 source, a medical ailment with a possible groin association, and only partial transparency. It has high degree (22), but on this evidence it is not a good card.	Does P&E list puʻulele? What is the sense: hernia in general, or inguinal or scrotal hernia? Is there a Lit. reading?						
puʻulima	puʻu·lima	A*	038	keep-pending	likely	puʻulima	inferred	unknown	puʻu	lima	transparent	joint (lump) of the hand	Andrews–Parker 1922 bracket [Puu, bunch, and lima, hand]; puʻu 'joint' and 'lump' (Wiktionary).	knuckles; wrist joints	Andrews–Parker 1922	kanaka	unknown	False			A transparent body-part compound with a plausible analysis, but only one source. NB: the dossier gives lima a single id, but POLLEX has separate PPN *lima 'five' and *lima 'hand'. This word uses the 'hand' sense, so the glossary may need to split lima.	Is puʻulima a P&E headword, and is it one word? Is the sense wrist, knuckles or fist? Is there a Lit. reading?		y	doubtful	puʻulima		
puʻuone	puʻu·one	A*	038	keep	yes	puʻuone	attested	1	puʻu	one	transparent	heap of sand	Andrews–Parker 1922 bracket [Puu, heap, and one, sand].	mound of sand; sand berm	Andrews–Parker 1922 ('A mound of sand'); NPS ('separated from the ocean by a sand berm').	kai	traditional	False			A transparent analysis in Andrews, plus the current spelling in two reputable sources as the name of a traditional fishpond type. It ties in with the design's own loko iʻa.	Confirm the headword puʻuone (one word) with the sense 'sand dune or sand heap'. Does P&E mention loko puʻuone? Is there a Lit. reading?	https://seagrant.soest.hawaii.edu/the-return-of-kuula/ | https://www.nps.gov/places/aimakapa-fishpond.htm					
puʻupau	puʻu·pau	A*	038	doubtful	likely	puʻupau	inferred	unknown	puʻu	pau	partial	throat destroyed	Andrews–Parker 1922 bracket [Puu, throat, and pau, to destroy]; Wiktionary puʻu 'throat, neck'.	cancer of the throat	Andrews–Parker 1922	kanaka	unknown	False		Names a fatal disease. A grim card for a piece whose tone is warm.	A single, obscure 1922 attestation whose only sense is a cancer. Drop it unless P&E shows a current word with another sense.	Does P&E list puʻupau at all? If it does, what sense?						
puʻuwai	puʻu·wai	A	038	keep	yes	puʻuwai	attested	1	puʻu	wai#0	partial	swelling of liquid	Andrews–Parker 1922 bracket [Puu, a swelling, a bunch, and wai, liquid], and its note that the heart was thought to hold only water.	heart	Wiktionary ('heart'); Andrews–Parker 1922 sense 1; HPR Word of the Day.	kanaka	traditional	False		Show the organ, not 'seat of love': HPR notes the emotional sense is probably Western (first recorded in 1853), while the naʻau is the older seat of feeling. Puʻuwai is also the village on Niʻihau, but the common noun dominates. Andrews' 'water in the heart' explanation is a 19th-century account and should not be presented as fact.	One analysing source plus heavy modern use, the spelling is certain, and nothing triggers an exclusion. wai is resolved to wai#0 'water, liquid' from Andrews' 'wai, liquid'; this was the row's unresolved homograph flag. Degree 32 makes it a key connector.	Confirm puʻuwai as one word. Does P&E give a Lit. reading (lump + water?) and derive the word from puʻu + wai 'water'? Do the senses 'taro suckers' and 'food bundles' share that etymology?	https://www.hawaiipublicradio.org/hawaiian-word-of-the-day-november-18th					
puʻuwaiū	puʻu·waiū	A*	038	doubtful	doubtful	puʻuwaiū	inferred	unknown	puʻu	waiū	transparent	mound of milk	Andrews–Parker 1922 bracket [Puu, a mound, and waiu, milk].	the breast; milk breast	Andrews–Parker 1922	kanaka	unknown	False		Breast, in the nursing sense. The design itself uses ū 'breast' in waiū, but a kumu may still want a body word like this read with care.	Three morphemes (puʻu + wai + ū), one 1922 source, no modern use.	Is puʻuwaiū (or puʻu waiū) in P&E? If not, drop it.						
puʻuʻulaʻula	puʻu·ʻulaʻula	A*	038	drop	doubtful	puʻuʻulaʻula	inferred	unknown	puʻu	ʻulaʻula	transparent	red heap	Andrews–Parker 1922 bracket [Puu, a heap, and ulaula, red].	bank of red earth	Andrews–Parker 1922 s.v. Puulaula.	ʻāina	archaic/obscure	True	Mainly a proper name in modern use (§4.3): Puʻuʻulaʻula is Haleakalā's summit (NPS) and a mountain in Kaʻū (Andrews' gazetteer). The common noun survives only as Andrews' 'Puulaula'.	The name points at Haleakalā's summit. The design leaves the summit and upland unmarked.	The spelling was pieced together from an OCR repair and does not match Andrews' headword. The form that is actually in use is a place name, and the common noun is obscure.	Optional: is there a common-noun headword 'puʻulaʻula' (one u), 'red earth bank', as Andrews' Puulaula suggests? If so, it needs its own row and split.	https://www.nps.gov/places/puuulaula.htm					
puʻuʻōpala	puʻu·ʻōpala	A*	038	doubtful	doubtful	puʻu ʻōpala	inferred	unknown	puʻu	ʻōpala	transparent	heap of rubbish	Andrews–Parker 1922 bracket [Puu, heap, and opala, dirt; dust] and 'he puu opala, a heap of rubbish' s.v. Puu.	heap of rubbish	Andrews–Parker 1922	ʻāina	unknown	False		Andrews gives ʻōpala a figurative sense, 'the rabble; people without character', which is an insult for people.	Most likely a free phrase rather than a lexical compound. There is one source, and the gloss teaches little.	Is puʻuʻōpala a P&E headword, or does P&E have only the phrase puʻu ʻōpala? If only the phrase, drop it.		y	keep-pending	puʻu ʻōpala		
pākū	pā·kū	A	038	keep	yes	pākū	attested	1	pā#0	kū#0	transparent	standing wall	Andrews–Parker 1922 bracket [Pa, a wall, and ku, to stand]; Wiktionary surface analysis pā 'enclosure' + kū 'stand'.	partition, screen, curtain	Wiktionary; Andrews–Parker 1922 n. 1, 4.	hana	traditional	False		Andrews cites Bible verses (e.g. Puk. 26:31, the veil), which is harmless. The homograph pakū 'to burst out (as matter from a boil)' is a separate word with a short a, so it is not a sense of this one.	Two independent analyses, a reconstructed proto-compound, and a P&E spelling via POLLEX. Transparent, with no exclusion concern.	Confirm pākū. Does P&E give a Lit. reading such as 'standing wall'? Confirm that P&E keeps pakū 'burst' as a separate headword.						
pāleo	pā·leo	W+A	038	keep-pending	yes	pāleo	attested	1	pā#4	leo	partial		Neither source gives a literal reading. Wiktionary names the parts only, and Andrews leaves pa unglossed.	to converse; to debate	Andrews–Parker 1922 senses 1–2; Wiktionary 'to converse, to chat'.	naʻau	traditional	False			The compound and spelling are solid, but which pā the stone carries rests on Wiktionary alone (pā#4 'strike, blow'). Andrews does not gloss pa, and the modern sense 'record' uses a different pā ('disk', not among the dossier's homographs). The card must show only the conversation sense. Degree 1.	Confirm pāleo and its senses. Which pā does P&E derive it from ('strike or blow' vs 'disk or plate')? Is there a Lit. reading?						
pāleoleo	pā·leoleo	W	038	keep	yes	pāleoleo	attested	1	pā#4	leoleo	partial		No literal reading in a reputable source. Wiktionary names the parts only.	to rap (Hawaiian hip-hop)	Wiktionary ('to rap, to speak lyrics rhythmically'); HPR ('hip-hop with Native Hawaiian rapping').	naʻau	modern coinage	False		A 1990s coinage tied to sovereignty-era music. Kawaʻauhau died in 2018; if the coinage is ever credited, credit it carefully.	One analysing source plus clear modern use, an attested spelling, and no exclusion. It is a modern coinage, so DESIGN §10.7 decides whether coinages are shown or marked. Degree 1.	Probably in Māmaka Kaiao rather than P&E. Confirm the spelling pāleoleo and the gloss 'to rap'.	https://www.hawaiipublicradio.org/the-conversation/2023-10-03/hawaii-pioneering-rap-group-sudden-rush-talks-50th-anniversary-of-hip-hop | https://www.kaainamomona.org/post/keala-kawa-auhau					
pālepo	pā·lepo	A*	038	doubtful	likely	pālepo	inferred	unknown	pā#0	lepo	transparent	earth fence	Andrews–Parker 1922 bracket [Pa, fence, and lepo, earth].	earth fence; adobe wall	Andrews–Parker 1922	hana	unknown	True	The root lepo has an excretory sense in the dossier: Andrews–Parker lepo n. 2 'Dung; excrements' (Wiktionary has 'filth'). The either-root rule flags it, as it flagged halelepo (batch-002), hunalepo (batch-008) and lepohānai (batch-024). This needs one decision for the whole LEPO family.		One source, an inferred spelling, and an excretory sense of the root lepo under the either-root rule.	Is pālepo in P&E as 'earth wall'? Is there a homograph made from the prefix pā- + lepo, meaning 'dirty'? Does P&E's lepo include 'excrement'? That last answer is a family decision for LEPO.						
pālāʻau	pā·lāʻau	A*	038	doubtful	likely	pālāʻau	corroborated	unknown	pā#0	lāʻau	transparent	wooden fence	Andrews–Parker 1922 bracket [Pa, fence, and laau, timber]; gazetteer 'wooden fence'.	stick fence; wooden fence	Andrews–Parker 1922	hana	traditional	True	Root lāʻau: POLLEX's Hawaiian gloss for PPN *raqa-kau (cited to P&E) lists 'male erection' among its senses. The either-root rule flags it, as it flagged halelāʻau (batch-003) and papalāʻau (batch-035). This needs one decision for the whole LĀʻAU family.	Pālāʻau is also a prominent place name: the state park on Molokaʻi, overlooking Kalaupapa.	One analysing source with spelling corroborated only through the place name, plus the family-level lāʻau flag. Andrews' 'pa kahiko' citation supports a traditional word. If the LĀʻAU family is cleared, this becomes keep-pending.	Is pālāʻau (or pā lāʻau) a P&E headword meaning 'wooden fence'? Check spelling and word break. LĀʻAU family decision on the 'erection' sense.	https://dlnr.hawaii.gov/blog/2026/07/15/pala%ca%bbau-state-wayside-park-reopens-following-major-park-improvements/					
pānini	pā·nini	W	038	keep-pending	likely	pānini	attested	1	pā#0	nini#1	partial	wall fence	Wiktionary etymology: pā 'wall' + nini 'fence'.	cactus	Wiktionary ('cactus'); Punahou School ('Punahou cactus').	ulu	19th-century coinage	False		Names an introduced plant. Punahou dates its night-blooming cereus to 1836.	An attested spelling and one analysis (Wiktionary). The parts give 'wall fence', not 'cactus', so it is partial. P&E should confirm the Lit. reading and that nini 'fence, line of stones' (nini#1, Wiktionary with no etymology; Andrews nini v. 4 'to face, lay or cover with stone') is a real sense. The register is inferred from the plant being introduced.	Confirm pānini 'cactus' (Opuntia?). Does P&E give Lit. 'wall fence' or similar? Is nini 'fence, line of stones' a P&E sense?	https://www.punahou.edu/50-objects-detail?pk=159195 | https://sites.google.com/chaminade.edu/campusplants/p%C4%81nini-o-ka-punahou	y	keep	pānini		
pāpalealiʻi	pāpale·aliʻi	A*	038	keep-pending	likely	pāpale aliʻi	corroborated	2	pāpale	aliʻi	transparent	hat of a chief	Andrews–Parker 1922 bracket [Papale, hat, and alii, chief].	crown; headdress of a king	Andrews–Parker 1922	hana	19th-century coinage	False		Royal regalia of the Hawaiian Kingdom, a subject tied to the 1893 overthrow. Show it plainly. The root pāpale may itself be pā + pale (Wiktionary gives both etymologies), and DESIGN §2 lists pāpale among prefix-built words.	Plausible and transparent, with modern two-word use, but it may be a free phrase. P&E must show it as a sub-entry. The register is inferred: a crown is a European object, and Hawaiian Wikipedia uses the phrase for Kalākaua-era regalia.	Is pāpale aliʻi a P&E sub-entry meaning 'crown', or only a phrase? Separately, will the project accept pāpale as a root stone?						
pāpalelaʻa	pāpale·laʻa	A*	038	doubtful	doubtful	pāpale laʻa	inferred	unknown	pāpale	laʻa	transparent	consecrated hat	Andrews–Parker 1922 bracket [Papale, hat, and laa, consecrated].	a holy, consecrated crown	Andrews–Parker 1922	naʻau	unknown	False		Sacred object. Andrews' laʻa also has 'devoted to destruction or death'.	A probable free phrase with one source, probably from scripture. Degree 1.	Does P&E list pāpale laʻa at all? If not, drop it.						
pāpaʻiwale	pāpaʻi·wale	A*	038	drop	no	pāpaʻiwale	inferred	unknown	unresolved	unresolved	opaque			a smiting; old way of killing	Andrews–Parker 1922	hana	archaic/obscure	True	Sacrificial killing: sense 2 is the priest's liquid marking a victim for sacrifice (§4.3, sorcery or death ritual). | The mapped root wale is 'any bodily secretion or mucus' (Wiktionary), a bodily-secretion sense.	Human sacrifice.	Wrong root mapping, an unglossed second part, and a death-ritual sense.	None needed.						
pīkai	pī·kai	A*	038	keep-pending	yes	pīkai	attested	1	unresolved	kai	transparent	sprinkle seawater	Andrews–Parker 1922 bracket [Pi, to sprinkle, and kai, salt water]; Hūlili 'sprinkling with salt water'.	purify by sprinkling seawater	Andrews–Parker 1922; Hūlili 8 (2012).	naʻau	traditional	False		A living ritual of purification. Hūlili describes it in the context of exorcism and spirit possession. It is neither sorcery nor death-prayer, but a kumu should decide whether a ritual word belongs on the board. If it does, show only the plain gloss.	The compound and spelling are solid, but the stone for pī is undefined. The dossier's only pī is Wiktionary's 'stingy; letter P', while this word needs pī 'to sprinkle' (Andrews: pi v. 1 'To sprinkle, as water'). The glossary needs a new root before it can link, and the word needs the sensitivity read.	Confirm pīkai as one word (not pī kai) with the kahakō on ī. Does P&E have pī 'to sprinkle' as a headword separate from pī 'stingy'? Is there a Lit. reading?	https://kamehamehapublishing.org/wp-content/uploads/sites/38/2020/09/Hulili_Vol8_2.pdf					
pōhakuhele	pōhaku·hele	A*	039	keep-pending	likely	pōhakuhele	inferred	unknown	pōhaku	hele	partial	a walking stone	Andrews–Parker 1922 ('Lit. A walking stone')	small crab with stone-like shell	Andrews–Parker 1922	kai	unknown	False			One good source with its own Lit. reading, and a lovely metaphor. Needs P&E for existence, word break, and whether it is a variant of another headword.	Is it in P&E, as pōhakuhele or pōhaku hele? A search-result snippet traced to a dictionary mirror (not counted as evidence) suggests P&E lists 'pōhaku hele' as a variant of 'pōhaku hali' (a crab, 'stone-fetcher'). If so, record the main headword and decide whether variants are admitted.						
pōhakukaʻa	pōhaku·kaʻa	A*	039	doubtful	likely	pōhakukaʻa	inferred	unknown	pōhaku	kaʻa#0	transparent	turning stone	Andrews–Parker 1922 bracket [Pohaku, stone, and kaa, to turn]	millstone; a rolling stone	Andrews–Parker 1922	hana	19th-century coinage	False		Root kaʻa: Andrews v. 5 'to take effect as a cathartic'. That is a medical sense next to the excretory one, so rule on it once for every kaʻa#0 compound. Not flagged here because it names a medicine working, not excretion itself.	Single source. Its main sense, a millstone for flour (palaoa), names an introduced technology. 'Rolling stone' may be a free phrase, not a lexical item. Word break unknown.	Is pōhaku kaʻa / pōhakukaʻa in P&E? Which sense: millstone, or a native sense (a rolling stone)? One word or two?		y	keep-pending	pōhakukaʻa		
pōhakulepo	pōhaku·lepo	A*	039	drop	likely	pōhaku lepo	inferred	either	pōhaku	lepo	transparent	earth stone	Andrews–Parker 1922 bracket [Pohaku, stone, and lepo, dirt]	sun-dried adobe brick	Andrews–Parker 1922	hana	19th-century coinage	True	Root lepo: Andrews–Parker n. sense 2 'Dung; excrements' (excretory). §4.3 excludes a word if any of its senses, or any sense of either root, is excretory. Wiktionary's lepo also has 'filth'.	Adobe brick names an introduced building material (Andrews: 'Syn: Adobe').	The root lepo carries an excretory sense in Andrews, which is a root-level exclusion. On top of that: one source, an introduced object, and an unsettled word break.	Only if lepo is cleared at root level: does P&E's lepo carry an excrement sense? Is 'pōhaku lepo' (two words?) 'adobe' a P&E entry?						
pōhakupaʻa	pōhaku·paʻa	A*	039	keep-pending	likely	pōhaku paʻa	inferred	unknown	pōhaku	paʻa	transparent	firm stone	Andrews–Parker 1922 bracket [Pohaku, stone, and paa, firm; solid]	hard stone, as for adzes	Andrews–Parker 1922	ʻāina	traditional	False			One source, but with specific ethnographic content (adze stone vs pōhaku luhee). The risk is that P&E treats it as a free phrase 'solid stone'. High degree (21), so check it early.	Is 'pōhaku paʻa' a P&E headword or sub-entry (probably under pōhaku)? One word or two? Does P&E keep the sense 'hard stone used for adzes' (vs pōhaku luheʻe)? If P&E lacks it, downgrade to doubtful.			keep-pending	pōhakupaʻa	keep	Neither reader found it, but the UH HIGP list of P&E entries has 'pohaku pa'a 1. Firm, solid rock, basalt; general name for hard rocks, such as were used for adzes'. That gives two words, the ʻokina, and the adze-stone sense of Andrews' Pohakupaa ('the general name of hard or solid stones out of which koi or adzes were made', set against pohaku luhee). The list's typing drops macrons throughout (pohaku, Kllauea). The ō is P&E's own root spelling (POLLEX Poohaku = pōhaku < *poo-fatu). With Andrews plus a P&E-derived entry, is_compound is 'yes' and the form is the first reader's 'pōhaku paʻa'. Both readers' keep-pending is upgraded to keep.
pōhakuwai	pōhaku·wai	A*	039	drop	no	pōhakuwaiki	inferred	unknown	pōhaku	wai#0	partial			stone bullet for a squirt-gun	Andrews–Parker 1922 (Pohakuwaiki)	hana	unknown	False		Weapon or projectile sense.	Artefact of the OCR repair. The real word has three parts and cannot be two stones. Degree 25 is spurious.	None needed for the board. Optionally note whether P&E has pōhaku waikī as a three-part term.						
pōkahi	pō·kahi	A*	038	drop	no	Pōʻakahi	attested	1	pō	kahi#0	transparent	first night	Andrews–Parker 1922 s.v. Po: 'po akahi, first night, that is, Monday'.	Monday	Wiktionary (Pōʻakahi); Andrews–Parker.	hele	19th-century coinage	False			The split is wrong and the form is not a word. If the project wants weekday names, a pō·ʻakahi row depends on whether ʻakahi counts as a root, and ʻa- is a prefix. Weekday names are capitalised, and the register is inferred from the missionary-era week.	None for this row. If a pō·ʻakahi row is ever added, confirm Pōʻakahi in P&E.						
pōkolu	pō·kolu	A*	039	drop	doubtful	Pōʻakolu	attested	1	pō	kolu	transparent	night three	Andrews–Parker 1922 bracket [Po, night, and kolu, three]; ʻŌlelo Online: Monday is 'night number one'	Wednesday	Andrews–Parker 1922 (Poakolu); Wiktionary Pōʻakolu	hele	19th-century coinage	False		Day-of-week name, capitalized in modern use, from the introduced seven-day week (Andrews counts it from Sunday). It is not a deity, person or place, so it falls outside §4.3's proper-name rule as written, but a reviewer should decide once whether calendar names count as proper names. Cards set it in lowercase (§4.4).	Drop THIS ROW as split. 'pōkolu' is not a word, and a KOLU stone would misstate the word, which holds ʻakolu. Re-enter as Pōʻakolu, split pō·ʻakolu, if ʻakolu is admitted as a root (ʻaono already is, for Pōʻaono). On the evidence that row would be keep. Degree 6 was computed on kolu and is spurious.	Confirm P&E headword Pōʻakolu (one word) 'Wednesday', and that no 'pōkolu' exists. Decide for the stone list whether ʻakolu (ʻa- + kolu) counts as one root, as ʻaono does.	https://oleloonline.com/disc-7-part-6-days-and-months/					
pōlima	pō·lima	A*	039	drop	doubtful	Pōʻalima	attested	1	pō	lima	transparent	night five	Andrews–Parker 1922 bracket [Po, night, and lima, five; the fifth]	Friday	Andrews–Parker 1922 (Poalima); Wiktionary Pōʻalima	hele	19th-century coinage	False		Day-of-week name, capitalized in modern use, from the introduced seven-day week (Andrews counts it from Sunday). It is not a deity, person or place, so it falls outside §4.3's proper-name rule as written, but a reviewer should decide once whether calendar names count as proper names. Cards set it in lowercase (§4.4). Andrews also gives a church sense: a Friday religious meeting. Show only 'Friday'.	Drop THIS ROW as split. 'pōlima' is not a word; the second element is ʻalima. Re-enter as Pōʻalima, split pō·ʻalima, if ʻalima is admitted as a root. That row would be keep. Degree 9 is spurious: it is computed on a LIMA stone that also links to the 'hand' compounds (laulima, puʻulima). Wiktionary puts five and hand under one lima etymology, so check whether that link is wanted.	Confirm P&E headword Pōʻalima 'Friday' (one word). Does P&E give a second sense (Andrews: a Friday religious meeting)? Decide whether ʻalima is a root.	https://oleloonline.com/disc-7-part-6-days-and-months/	y	drop	Pōʻalima		
pōʻaihapalua	pōʻai·hapalua	A*	039	drop	likely	pōʻai hapalua	corroborated	2	pōʻai	hapalua	transparent	half circle	Andrews–Parker 1922 bracket [Poai, circle, and hapalua, half]	semicircle	Andrews–Parker 1922	hele	19th-century coinage	True	The root hapalua = hapa + lua, and hapa is 'Borrowed from English half' (Wiktionary hapa, local dump). The shown sense 'half' is the borrowed element's own sense, so the word is a borrowing in the shown sense (§4.3). hapalua also means 'half-dollar'.		The second stone rests on an English loan (hapa < half). The word is in effect three morphemes. It is a technical geometry term, and degree 4 is low.	Low priority. Only if hapalua is admitted as a root despite the loan: confirm P&E 'pōʻai hapalua' (two words) 'semicircle'.						
pōʻaihele	pōʻai·hele	A*	039	doubtful	doubtful	pōʻai hele	inferred	unknown	pōʻai	hele	transparent	go in a circle	Andrews–Parker 1922 bracket [Poai, a circle, and hele, to go]	to travel about, place to place	Andrews–Parker 1922	hele	unknown	False			One 1922 source. The modern listing uses haele, so a HELE stone may misstate the word. Possibly a free phrase.	Which does P&E list: pōʻai hele, pōʻai haele, or both? If only pōʻai haele, the second stone is HAELE (not HELE): drop or re-split this row. If pōʻai hele is there, does P&E give a Lit. reading?						
pōʻailani	pōʻai·lani	W	039	keep	yes	pōʻailani	attested	1	pōʻai	lani	transparent	sky circle	Wiktionary etymology (pōʻai 'circle' + lani 'sky')	horizon	Wiktionary; UH SOEST compilation of P&E	lani	unknown	False			Wiktionary analysis plus an independent P&E-derived UH listing as one word. Transparent and fits the star-compass field.	Confirm headword pōʻailani (one word) 'horizon'. Does P&E give a Lit. reading ('sky circle')? (The UH compilation prints none, though it does print Lit. for some entries.)	https://www.soest.hawaii.edu/met/NewPDFs/HawaiianWeatherTerms.pdf					
pōʻailōʻihi	pōʻai·lōʻihi	A*	039	keep-pending	likely	pōʻai lōʻihi	corroborated	2	pōʻai	lōʻihi	transparent	long circle	Andrews–Parker 1922 bracket [Poai, circle, and loihi, long]	oval; ellipse	Andrews–Parker 1922	hele	19th-century coinage	False			Andrews analysis plus a modern two-word listing, transparent. Needs P&E to confirm the entry and the break. Likely a school-geometry term (register inferred).	Confirm P&E 'pōʻai lōʻihi' (two words) 'ellipse, oval'. Is it marked as a technical or school coinage?						
pōʻaipuni	pōʻai·puni	A*	039	keep-pending	likely	pōʻai puni	corroborated	2	pōʻai	puni#0	transparent	circle around	Andrews–Parker 1922 bracket [Poai, circle, and puni, around]	to travel all around	Andrews–Parker 1922 ('to go round a country ... to circumambulate')	hele	unknown	False			Andrews plus a modern listing. puni#0 is chosen because Andrews glosses 'around' and PPN *puni is 'surround'. But Wiktionary's puni#1 includes 'lap, complete circuit', which also fits, so P&E should settle the sense.	Confirm 'pōʻai puni' (two words) in P&E and its sense. Which puni does P&E's reading imply: 'surrounded, around' (puni#0) or 'complete circuit' (puni#1)?						
pōʻaono	pō·ʻaono	A*	039	keep	yes	Pōʻaono	attested	1	pō	ʻaono	transparent	night six	Andrews–Parker 1922 bracket [Po, night, and aono, six]; ʻŌlelo Online (days counted as nights from Monday)	Saturday	Andrews–Parker 1922; Wiktionary Pōʻaono	hele	19th-century coinage	False		Day-of-week name, capitalized in modern use, from the introduced seven-day week (Andrews counts it from Sunday). It is not a deity, person or place, so it falls outside §4.3's proper-name rule as written, but a reviewer should decide once whether calendar names count as proper names. Cards set it in lowercase (§4.4).	Two independent analyses (Andrews, Wiktionary) plus consistent modern use; spelling attested; no exclusion concern under §4.3 as written. The pō 'night' to 'day' reckoning is worth teaching. Hold only if calendar names are ruled proper names.	Confirm P&E headword Pōʻaono (one word) 'Saturday'. Note ʻaono is itself ʻa- + ono (Wiktionary). Confirm the project treats ʻaono as one root.	https://oleloonline.com/disc-7-part-6-days-and-months/	y	keep	Pōʻaono		
pōʻele	pō·ʻele	A*	039	keep	yes	pōʻele	attested	1	pō	ʻele	transparent	night-black	Andrews–Parker 1922 bracket [Po, night, and ele, black]; Andrews adj. 'black as night'	black, dark; dark night	POLLEX (P&E 1986) and UH SOEST compilation of P&E	lani	traditional	False		Andrews gives a figurative sense 'to be sinking in death; the unconscious state that often precedes death'. The root pō also means the realm of the gods or chaos (P&E via POLLEX). Show only the darkness sense; a kumu may want to see the death sense noted.	Two independent sources for the analysis (Andrews; POLLEX's PCE *poo-kere) and the P&E spelling via POLLEX and the UH compilation. Transparent, inherited, no exclusion concern.	Confirm headword pōʻele 'black, dark; dark night'. Does P&E carry Andrews' figurative death sense? If so, flag for the kumu read.	https://www.soest.hawaii.edu/met/NewPDFs/HawaiianWeatherTerms.pdf					
pūkonakona	pū·konakona	W	039	keep-pending	likely	pūkonakona	attested	1	pū#0	konakona	partial	muscled in clumps	Wiktionary etymology (pū 'cluster, clump' + konakona 'muscular')	muscular, husky; strong	Wiktionary; Andrews–Parker 1922 ('strong; brave')	kanaka	unknown	False		konakona has other Andrews senses, 'undesirable; contemptible; despicable'. Not a slur, but show only the strength sense.	Spelling attested, but the root + root analysis rests on Wiktionary alone. If P&E treats pū- as an intensive prefix, the prefix rule drops it. Degree 2, so low priority.	Confirm headword pūkonakona. Does P&E analyse pū as 'clump, cluster' (with a Lit. reading) or as an intensive prefix pū-? If a prefix, drop.						
pūpūhōʻaka	pūpū·hōʻaka	A*	039	drop	doubtful	pūpūhoaka	inferred	unknown	pūpū#1	unresolved	partial	shell crescent	Andrews–Parker 1922 bracket [Pupu, shell, and hoaka, a crescent]	bracelet of small shells	Andrews–Parker 1922	hana	unknown	False		Hoaka is also the name of the second night of the lunar month.	As split, the second stone (HŌʻAKA 'provoke laughter') is the wrong root. Degree 0, one source. Re-enter as pūpū·hoaka only if P&E has the word and hoaka joins the root list.	Low priority (degree 0). If wanted: does P&E list pūpū hoaka / pūpūhoaka 'shell bracelet'?			doubtful	pūpūhoaka		
pūʻalu	pū·ʻalu	A*	039	drop	doubtful	pūalu	inferred	1	unresolved	unresolved	transparent	combine together	Andrews–Parker 1922 bracket [Pu, together, and alu, to combine]	to work together, cooperate	Andrews–Parker 1922	hana	unknown	True	The first element is the grammatical particle pū 'together' (POLLEX/P&E). §4.3 excludes grammatical words, and a PŪ stone here would be a particle. | The root mapping is wrong: ʻalu 'slack, ravine' is not alu 'cooperate'. Neither sense of the compound is among the dossier homographs.		Wrong homograph for both stones. The pieced spelling is a different word, and the first element is a particle. Degree 2.	Optional: confirm the P&E spelling of the 'cooperate' word (pūalu? pualu?), distinct from pūʻalu 'slack, flabby'. Not usable as two stones either way.	http://manoa.hawaii.edu/nhpol/alu/					
uhikino	uhi·kino	A*	039	keep-pending	likely	uhikino	inferred	unknown	uhi#1	kino	transparent	body cover	Andrews–Parker 1922 bracket [Uhi, to cover, and kino, the body]	body covering; shield; outer garment	Andrews–Parker 1922	hana	unknown	False			One clear source, transparent. Needs P&E for existence and break. Degree 1, so low priority.	Is uhi kino / uhikino in P&E? Which sense: shield, or kīhei-like outer garment? One word or two?			keep-pending	uhikino		
uhipaʻa	uhi·paʻa	A*	039	doubtful	doubtful	uhi paʻa	inferred	unknown	uhi#1	paʻa	transparent	cover fast	Andrews–Parker 1922 bracket [Uhi, to cover, and paa, fast]	to cover completely, as fog	Andrews–Parker 1922	lani	unknown	False			Likely a free verb + resultative phrase ('cover firmly') that Andrews headworded from one literary passage, not a lexical item. Degree 18, so worth a quick P&E look.	Is uhi paʻa / uhipaʻa a P&E entry, or only a phrase in Laʻieikawai? If P&E lacks it, drop as a free phrase.		y	keep-pending	uhipaʻa		
ululāʻau	ulu·lāʻau	A*	039	keep-pending	yes	ululāʻau	attested	either	ulu#0	lāʻau	transparent	a growth of trees	Andrews–Parker 1922 bracket [Ulu, to grow, and laau, tree]; Wiktionary etymology (ulu 'growth' + lāʻau 'tree')	forest; thicket of trees	Wiktionary 'forest'; Andrews–Parker 1922 'a thicket of trees; a wood'	ulu	traditional	True	Root-level: POLLEX's Hawaiian gloss for lāʻau (cited to Pukui & Elbert 1986, in the dossier) lists 'male erection' among its senses (with wood, club, stiffness). Read strictly, §4.3 ('any of its senses ... sexual') would exclude lāʻau and every compound built on it. That needs one project-level ruling, not one per word.	Nothing in the compound itself. The flag is root-level only.	On the evidence this is a keep: two analyses, consistent modern use, a proverb, and a fine card story. Pending (1) P&E's word break (ululāʻau vs ulu lāʻau) and (2) one project-level ruling on whether the root lāʻau survives §4.3 given P&E's 'male erection' sense. If lāʻau is cleared, promote to keep.	Headword: ululāʻau or ulu lāʻau? Lit. reading 'grove/growth of trees'? Also check whether P&E's lāʻau entry lists the sexual sense POLLEX quotes. Note POLLEX separates ulu 'to grow' (PPN *huru) from ulu 'grove' (PPN *qulu), while Wiktionary merges both under ulu#0. Which one P&E's Lit. uses decides the ULU stone's identity.	https://kawaiola.news/columns/na-mana-hoa/kualono-i-ke-alo-o-kehau/					
uluwale	ulu·wale	A*	040	drop	doubtful	ulu wale	corroborated	2	ulu#0	unresolved	transparent	growing of itself	Andrews 1922 bracket [ulu, to grow + wale, of itself]	to grow wild	Andrews 1922 'To grow wild; to grow without cultivation'	ulu	unknown	True	The second element is the grammatical particle wale ('only, just, of itself'), §4.3 grammatical. The dossier lists no particle homograph, so a WALE stone would wrongly link to wale 'mucus'. | The only WALE homograph in the dossier is 'any bodily secretion or mucus including phlegm, saliva' (Wiktionary). That is a bodily-secretion reading on the same stone spelling, close to the excretory line.		Verb + postposed particle, written as two words in modern text. The B stone would be a grammatical particle sharing its spelling with wale 'mucus'. High degree (14), but every WALE link it makes would mean 'both have the particle'.	Low priority. Is uluwale a P&E headword, or only the phrase 'ulu wale' under ulu/wale? Either way the particle makes it ineligible as a stone.						
uluwehi	ulu·wehi	W	040	keep	yes	uluwehi	attested	1	ulu#0	wehi	transparent	decorative growth	Wiktionary etymology: ulu 'growth' + wehi 'decorative'	lush growth	Wiktionary 'lush growth'	ulu	unknown	False		Also common as a personal name and in place and development names (Uluwehi Falls, Kauaʻi; a Hoʻopili subdivision). As a common noun this is fine.	Wiktionary analysis plus clear modern one-word use, a transparent meaning, and no exclusion concern. Low degree (3), so it mainly fills in rather than deals.	Confirm the headword is uluwehi as one word, with a 'lush verdure / adorned growth' sense. Does P&E give a Lit. reading matching 'decorative growth'?						
wahaama	waha·ama	A*	040	doubtful	likely	wahaama	inferred	unknown	waha#0	unresolved	transparent	tattling mouth	Andrews 1922 bracket [waha, mouth + ama, tattling]	to tell tales, reveal secrets	Andrews 1922 'To tell tales; to reveal secrets; to talk idly'	naʻau	archaic/obscure	False		Mildly pejorative (gossip, tale-bearing).	The B root is Andrews' adjective ama 'talkative'. It is absent from the dossier's homographs (the only ama listed is 'outrigger float', which must not link) and from every modern source reached, so the stone cannot even be spelled with confidence.	Is there a headword wahaama / waha ʻama / waha ʻāma? How does P&E spell the 'talkative, tattling' ama, and is it distinct from ama 'outrigger float'?						
wahahaukaʻe	waha·haukaʻe	A*	040	drop	likely	wahahaukaʻe	inferred	unknown	waha#0	haukaʻe	transparent	dirty mouth	Andrews 1922 bracket [waha, mouth + haukae, dirty]	a filthy mouth	Andrews 1922 'A filthy mouth'	naʻau	archaic/obscure	False		An insult epithet for a person's speech. It is also worth checking whether haukaʻe / kaʻe carries a filth or excretory sense. Andrews: Haukae 'slovenly; foul; unclean … a filthy person'; Hookaekae 'to defile; to pollute, as food, books, mats'. Andrews' naioaikae bracket glosses a kae 'the anus' (kae vs kaʻe unconfirmed). If P&E confirms an excretory sense, §4.3 applies.	A sensitivity and teaching-value call, not a confirmed §4.3 hit: an insult ('filthy mouth') attested only in Andrews, with no modern use, and a root with a possible body-filth association. It does not suit the piece's tone. Restore only if P&E shows a benign sense.	Low priority. Does P&E list wahahaukaʻe? Does haukaʻe or kaʻe have an excretory sense (smeared with excreta)?						
wahahaumia	waha·haumia	A*	040	drop	likely	wahahaumia	inferred	unknown	waha#0	haumia	transparent	foul mouth	Andrews 1922 bracket [waha, mouth + haumia, dirty; foul]	a foul mouth	Andrews 1922 'A foul mouth; a blackguard'	naʻau	archaic/obscure	False		An insult ('blackguard'). haumia is ceremonial defilement, which carries kapu associations a kumu may want handled carefully.	A sensitivity and teaching-value call, not a §4.3 rule hit: an insult attested only in Andrews 1922, with no modern use and an unconfirmed spelling and word break.	Low priority. Does P&E list wahahaumia, and does haumia have any sense beyond moral or ceremonial defilement?		y	drop	wahahaumia		
wahahewa	waha·hewa	A*	040	keep-pending	likely	wahahewa	inferred	unknown	waha#0	hewa	transparent	wicked mouth	Andrews 1922 bracket [waha, mouth + hewa, wicked]; def. 'the wickedness of the mouth'	wicked, false speech	Andrews 1922 'The wickedness of the mouth; and false utterance'	naʻau	unknown	False		hewa carries a Christian 'sin' framing in 19th-century usage. Sense 2 ('one who speaks wickedly') is an accusation; show the speech sense only.	Plausible and transparent, but resting on one 1922 source with no modern use. P&E must confirm it exists and whether it is one word or two. Degree 13.	Is wahahewa a P&E headword, or 'waha hewa'? Is the sense 'wicked or false speech'? Any Lit. reading?						
wahaheʻe	waha·heʻe	W+A	040	keep	yes	wahaheʻe	attested	1	waha#0	heʻe#1	transparent	slippery mouth	Wiktionary etymology waha 'mouth' + heʻe 'slippery'; Andrews 1922 bracket [waha, mouth + hee, slippery]	to lie; deceitful	Wiktionary 'to lie (tell an untruth); lying, deceitful'; Andrews 'To lie; to speak falsely'	naʻau	traditional	False		The noun 'liar' is an accusation, so show the verb/adjective sense. The B root must be heʻe#1 (slide, slip; PPN *seke), never heʻe#0 'octopus'. Andrews 1922 lists 'The menses' among the noun senses of hee (alongside 'a flowing, as of liquid'). If P&E gives heʻe#1 a menstrual sense, the strict 'any sense' reading of §4.3 would reach every heʻe#1 compound, not just this one. Raise it as a design question rather than dropping silently.	Two independent sources agree on the split and the meaning, the spelling is attested, and the reading is vivid and transparent ('slippery mouth'). The one open item is the heʻe menses question, which affects the whole HEʻE stone.	Confirm the headword wahaheʻe (one word) and the senses 'to lie; lying; liar'. Does P&E give Lit. 'slippery mouth'? Also check whether P&E's heʻe 'to slide, flow' entry includes a menstrual-flow sense (Andrews 1922 lists 'the menses' under hee).						
wahamana	waha·mana	A*	040	doubtful	doubtful	wahamana	inferred	unknown	waha#0	mana#1	partial	divided mouth	Andrews 1922 bracket [waha, mouth + mana, divided]	a digression in speech	Andrews 1922 sense 2 'A digression in one's speech; a turning off the subject'	naʻau	archaic/obscure	False		The B stone must be mana#1 (branch); a link to mana#0 (spiritual power) would mislead.	Single 1922 source, an obscure split meaning (screen / digression), no modern attestation, and a root sense that has to be inferred from 'divided'.	Is wahamana in P&E? Which sense: screen/shutter, or digression? Is mana 'branch' the element?						
wahapaʻa	waha·paʻa	A*	040	keep-pending	likely	wahapaʻa	inferred	unknown	waha#0	unresolved	partial			a scold; angry, noisy talker	Andrews 1922 'a scold; one who talks angrily and furiously'; adj. 'Noisy; clamorous'	naʻau	unknown	False		Pejorative epithet for a person.	Plausible and high-degree (24), but Andrews gives no sense for paʻa, so the B stone is unresolved: 'firm, fast' (the dossier's only paʻa) or the paʻa of paʻapaʻa / hoʻopaʻapaʻa 'dispute'. No modern attestation reached.	Is wahapaʻa a P&E headword (one word)? Is the sense 'argumentative, to talk back, scold'? Which paʻa does P&E's Lit. reading use: 'firm, closed' or 'dispute'? Is it the same root as paʻa 'solid, firm'?						
wahapuʻu	waha·puʻu	A*	040	doubtful	likely	wahapuʻu	inferred	unknown	waha#0	puʻu	partial	swelled mouth	Andrews 1922 bracket [waha, mouth + puu, swelled]	a loud, boisterous talker	Andrews 1922 'a boisterous person; a loud talker'	naʻau	archaic/obscure	False		Pejorative epithet for a person (rude, unintelligible speaker).	Single 1922 source with no modern use. The meaning is split between 'unintelligible' and 'loud', and the 'swelled' reading of puʻu is only half-transparent. A pejorative epithet with little to teach.	Is wahapuʻu in P&E? Is the sense 'loud, rude talker' or 'unintelligible speech'? Is puʻu here 'swelling' (or puʻu 'throat')?						
waiau	wai·au	A*	040	doubtful	likely	waiau	corroborated	1	wai#0	au	transparent	current water	Andrews 1922 bracket [wai, water + au, current]	place where water always runs	Andrews 1922 'A place where water runs continually'	ʻāina	archaic/obscure	True	Mainly a proper name: Waiau is best known as place names (Waiau, ʻEwa, Oʻahu, the only Hawaiian Wikipedia use; Lake Waiau on Mauna Kea; Andrews' own place-name appendix). Only Andrews attests the common noun.	Lake Waiau on Mauna Kea is a wahi pana with sacred associations. A card should not evoke it by accident.	Transparent and high-degree (23), but the common-noun sense rests on Andrews alone, and the word reads first as a place name.	Does P&E's Hawaiian Dictionary (not Place Names of Hawaii) list waiau as a common noun? If only as a place name, drop.		y	keep	wai au		
waiea	wai·ea	A*	040	keep-pending	likely	waiea	inferred	unknown	wai#0	ea	transparent	water of life	Andrews 1922 def. 'Water of life' and bracket [wai, water + ea, breath or life]	ceremonial water at a heiau	Andrews 1922 'salty water placed at the entrance of a temple or heiau to be used ceremonially'	naʻau	archaic/obscure	False		Sacred: ceremonial purifying water at heiau. Andrews' 'holy water of the ancient Hawaiians' is a missionary-era framing. A kumu should decide whether it belongs on a playful board. Also a place name (South Kona) and the name of a Honolulu condominium tower.	Transparent, with a fine literal reading and high degree (24), but resting on one 1922 source. The spelling is unconfirmed (ea vs ʻea), and the sacred subject needs the cultural read (§4.2 step 3) before it can appear.	Is waiea a P&E headword? Spelling: waiea, or waiʻea? Is the sense heiau water / 'water of life', and is the element ea 'life, breath'?						
waihoʻoluʻu	wai·hoʻoluʻu	W+A	040	keep	yes	waihoʻoluʻu	attested	1	wai#0	hoʻoluʻu	transparent	dyeing liquid	Wiktionary etymology 'literally “dyeing liquid”'; Andrews 'Water for coloring'	dye; color	Wiktionary 'dye, colorant …; color'; Andrews 'a dye'	hana	unknown	False			Two sources, attested spelling, heavy modern use, transparent. Design note: the B stone HOʻOLUʻU is itself hoʻo- + luʻu. It is a whole lexical verb ('to dye'), not the bare prefix the design rejects, but the HOʻOLUʻU stone will link to very few words.	Confirm the one-word headword waihoʻoluʻu with senses 'dye; color', and whether P&E gives a Lit. reading.						
waihā	wai·hā	A*	040	doubtful	doubtful	waihā	inferred	unknown	wai#0	hā#1	opaque			to petition the gods in prayer	Andrews 1922 sense 2 'To desire or request of the gods, as in prayer'	naʻau	archaic/obscure	False		Religious ritual of the kahuna (breathing upon images). Not sorcery as stated, but sacred. 'Idols' is a missionary-era framing that should not be repeated on a card.	The bracket does not explain the meaning: water plays no part in either sense. Single 1922 source, unconfirmed kahakō, and a sacred ritual subject.	Is waihā (or waiha) in P&E? What is its sense and Lit. reading? Is wai 'water' really the first element?						
waikai	wai·kai	A*	040	keep-pending	likely	waikai	corroborated	either	wai#0	kai	transparent	fresh water and sea water	Andrews 1922 bracket [wai, water + kai, sea], with Andrews' wai entry ('fresh water in distinction from kai, salt water')	brackish water	Andrews 1922 'Brackish water; any saltish fluid'; Hui Hoʻoleimaluō 'brackish or waikai'	kai	unknown	False			A lovely, transparent word (fresh + salt), high degree (29), and it fits the loko iʻa drawn on the kai field. It has a 1922 source plus some modern use, but whether it is a lexical compound or the phrase 'wai kai', and how P&E breaks it, are unsettled.	Is the headword waikai or wai kai? Is the sense 'brackish water'? Any Lit. reading?	https://www.huihooleimaluo.com/kaumaui-loko-wai					
waikeʻokeʻo	wai·keʻokeʻo	A*	040	drop	likely	waikeʻokeʻo	inferred	unknown	wai#0	keʻokeʻo	partial	white water	Andrews 1922 bracket [wai, water + keokeo, white]		not for display: Andrews' only sense is a genital discharge	kanaka	archaic/obscure	True	The only sense is a genital discharge / disease of women (fluor albus, leukorrhea): genital and excretory, §4.3.	Disease and the body. Not for display in any form.	§4.3: genital/excretory sense, and it is the word's only sense.	None needed. Dropped under §4.3.						
wailana	wai·lana	A*	040	keep-pending	likely	wailana	corroborated	1	wai#0	lana#0	transparent	floating water	Andrews 1922 bracket [wai, water + lana, to float]	still, calm water	Andrews 1922 sense 1 'Still, calm water; a quiet place in the ocean'	kai	unknown	False		The living modern sense is 'to banish', and the Hawaiian Wikipedia example is the exile of Hansen's disease patients to Kalaupapa. A reader who knows the word will think of that even if the card shows 'calm water'. A kumu may prefer it not appear, or want it handled with care. Also a Waikīkī street/business name (minor). The B stone must be lana#0; lana#1 'frog' is a Latin loan.	The spelling is corroborated by modern use, and the 'calm water' sense is transparent and high-degree (26). But only Andrews attests that sense; modern use reached shows only 'banish', with a painful historical association. P&E must confirm 'calm water' is a current sense before it can be the card gloss.	Does P&E list wailana with both 'calm, still water' and 'to banish, cast out'? Lit. reading 'floating water'? If P&E has only 'banish', reconsider (sensitivity: Kalaupapa exile).		y	keep	wailana		
wailele	wai·lele	A*	040	keep	yes	wailele	attested	1	wai#0	lele	transparent	leaping water	Hawaiʻi Public Radio Hawaiian Word of the Day ('leaping water'); Andrews 1922 bracket [wai, water + lele, to jump; to fly]	waterfall	Andrews 1922 'A cataract; a waterfall'; Hawaiʻi Public Radio	ʻāina	traditional	False		Also common in place names and mele titles, but the common noun is primary.	A 1922 analysis plus clear, consistent modern use and a reputable modern gloss with the same literal reading. Transparent and high-degree (31): a strong dealer.	Confirm the headword wailele 'waterfall', one word, and whether P&E gives Lit. 'leaping water'.	https://www.hawaiipublicradio.org/hawaiian-word-of-the-day-november-19th		keep	wailele		
wailenalena	wai·lenalena	A*	040	drop	likely	wailenalena	inferred	unknown	wai#0	lenalena	partial	yellow water	Andrews 1922 bracket [wai, water + lenalena, yellow]		not for display: proper name only	ʻāina	archaic/obscure	True	Proper name only (a valley near Waiʻaleʻale, Kauaʻi), §4.3.		§4.3: its only sense is a place name.	None needed. A place name.						
waimaka	wai·maka	W+A	040	keep	yes	waimaka	attested	1	wai#0	maka#0	transparent	water of the eyes	Andrews 1922 'Water flowing from the eyes'; Wiktionary 'water that flows from the eyes'	tears	Wiktionary 'tears'; Andrews 'tears'; POLLEX/P&E 'Tears'	kanaka	traditional	False			P&E spelling confirmed via POLLEX, two further independent analyses, transparent, inherited from Proto-Polynesian (*wai-mata). One of the design's anchor words. Degree 25.	Spelling already matches P&E via POLLEX. Only confirm whether P&E prints a Lit. reading to quote on the card.			keep	waimaka		
waipahu	wai·pahu	A*	041	drop	likely	waipahu	corroborated	1	wai#0	unresolved	partial	bursting water	Andrews 1922 bracket [wai, water + pahu, to burst]; gazetteer 'gushing water'	gunpowder	Andrews 1922 'Gun-powder. Syn: Onea.'	hana	19th-century coinage	True	mainly a proper name: in modern use Waipahu is the Oʻahu town (all hawwiki uses; Andrews' gazetteer) | root sense unresolved: the root is pahū 'to burst, explode', which is not among the dossier's homographs (pahu#0 drum, pahu#1 push) | the common-noun sense (gunpowder) is a weapons word that would teach little on a card	A living town name. A card glossing it 'gunpowder' would read oddly to anyone from there.	Mainly a place name. The only common-noun sense is Andrews' 'gunpowder', with no modern support, and the root is pahū 'burst', which isn't a stone in the data.	Low priority. Does P&E have a common noun 'waipahū' / 'wai pahū' meaning gunpowder, or only the place name? If only the place name, the drop stands.						
waipaʻa	wai·paʻa	A*	041	keep-pending	likely	waipaʻa	inferred	unknown	wai#0	paʻa	transparent	hard water	Andrews 1922 'hard water, that is, frozen water'	ice; frozen water	Andrews 1922 'Ice; hard water, that is, frozen water'	ʻāina	unknown	False			One good source. Transparent, and P&E's paʻa 'frozen' backs the reading. Spelling and word break are unconfirmed, and it may be a 19th-century coinage the modern language replaced with hau. Highest degree in the batch (37), so check it first.	Is there a headword or sub-entry 'waipaʻa' or 'wai paʻa' = ice? One word or two? Is it marked as an older or rare word next to hau?						
waipiʻi	wai·piʻi	A*	041	doubtful	likely	waipiʻi	inferred	unknown	wai#0	piʻi#0	transparent	rising water	Andrews 1922 bracket [wai, water + pii, to ascend]	flood; overflowing water	Andrews 1922 'A flood; an overflowing of water'	ʻāina	unknown	True	root piʻi#0 lists a sexual sense in Wiktionary ('to mount, to breed, to fuck'). Under the strict rule (any sense of either root) this excludes the word. The decision should be made once for the root piʻi, which is very common, rather than word by word.	Floods can mean loss of life and land. The gloss is neutral.	Andrews-only, with no modern use found, and flagged by the root-level sexual-sense rule through piʻi. If the project decides that piʻi's slang sense doesn't disqualify the root, this becomes keep-pending.	(1) Is there 'waipiʻi' or 'wai piʻi' = flood? (2) Does P&E's piʻi entry carry a sexual sense, or is it only in Wiktionary? That settles the root for every piʻi compound.		y	drop	wai piʻi		
waipuna	wai·puna	A*	041	keep	yes	wai puna	attested	2	wai#0	puna#0	transparent	water of a spring	Andrews 1922 bracket [wai, water + puna, a spring]	spring water	POLLEX (Pukui & Elbert 1986) 'Spring water'; Andrews 1922 'wai puna, spring water'	ʻāina	traditional	False			Inherited compound (PPN *wai-puna). P&E's two-word spelling comes via POLLEX, and the meaning is transparent and in the sources. Other homographs of puna (puna#4 'spoon' is a loan; coral) aren't the sense used.	Confirm headword or sub-entry spelling 'wai puna' (two words) and the gloss 'spring water'. Does P&E give a Lit. reading?			keep	wai puna		
waiua	wai·ua	A*	041	keep-pending	likely	wai ua	inferred	unknown	wai#0	ua	transparent	water of rain	Andrews 1922 bracket [wai, water + ua, rain]	rainwater; water from the clouds	Andrews 1922 'Rain water; water from the clouds'	lani	unknown	False			One source, transparent and plausible. It may be only a free phrase (wai + modifier), and the spelling and word break are unconfirmed.	Is 'wai ua' (or 'waiua') listed as a sub-entry of wai = rainwater? One word or two?						
waiwaipio	waiwai·pio	A*	041	doubtful	doubtful	waiwai pio	inferred	unknown	waiwai	pio#1	transparent	captured property	Andrews 1922 bracket [waiwai, property + pio, captured]	plunder; spoils of war	Andrews 1922 'Property taken in war or in robbery; plunder; spoil'	hana	unknown	False		War and robbery. Not the piece's tone. The root waiwai is itself a reduplication (wai·wai).	Probably a free phrase. Andrews-only, degree 1 (adds almost nothing to the board), and the subject sits poorly with the piece.	Low priority. Is 'waiwai pio' listed (perhaps as a Bible-translation term for 'spoil')?						
waiū	wai·ū	W+A	041	keep	yes	waiū	attested	1	wai#0	ū#0	transparent	breast water	Andrews 1922 'Lit. Breast water'; Wiktionary etymology	milk	Wiktionary 'milk'; Andrews 1922 sense 2; POLLEX/P&E 'Milk'	kanaka	traditional	False		Root ū is 'breast' in the nursing sense (also 'udder'). Nothing sexual in the sources, but it's a body part on its own stone. Andrews also gives a figurative 'blessings; favors'.	Two independent sources plus P&E via POLLEX. Inherited (PNP *wai-uu), attested spelling, transparent. Field could equally be ulu (food). I chose kanaka because Andrews' literal reading and first sense are about the body.	Confirm the headword 'waiū' and whether P&E gives Lit. 'breast water' (or similar).			keep	waiū		
waiūhakuhaku	waiū·hakuhaku	W	041	doubtful	likely	waiūhakuhaku	attested	1	waiū	hakuhaku#0	transparent	lumpy milk	Wiktionary etymology 'literally “lumpy milk”'	cottage cheese	Wiktionary 'cottage cheese'	ulu	modern coinage	False			One crowd-edited source, probably a Māmaka Kaiao coinage that can't be checked here. It has three morphemes, and degree 1.	Check Māmaka Kaiao, not P&E: is 'waiūhakuhaku' the listed term for cottage cheese?						
waiūpaʻa	waiū·paʻa	W	041	keep	yes	waiūpaʻa	attested	1	waiū	paʻa	transparent	firm milk	Wiktionary etymology 'literally “firm milk”'; Andrews 1922 'Hard milk'	cheese	Wiktionary 'cheese'; Andrews 1922 'Hard milk; cheese'	ulu	19th-century coinage	False			Two independent sources with consistent spelling. Transparent. Andrews marks it [Mod.] (a post-contact coinage). Design note: the stone is WAIŪ, itself wai·ū elsewhere. Decide whether a lexicalised compound (inherited as PNP *wai-uu) may serve as one stone.	Confirm 'waiūpaʻa' (one word) = cheese in P&E or Māmaka Kaiao. Lit. 'firm/hard milk'?		y	keep	waiūpaʻa		
waiʻaleʻale	wai·ʻaleʻale	A*	041	drop	likely	Waiʻaleʻale	attested	1	wai#0	ʻaleʻale	transparent	rippling water	Andrews 1922 bracket [wai, water + aleale, to ripple]			ʻāina	traditional	True	mainly a proper name (the mountain on Kauaʻi and its summit spring); there's no common-noun sense in any source	A wahi pana, the summit of Kauaʻi.	A place name only, which DESIGN §4.3 excludes.	None needed (place name). Optionally confirm there's no common-noun 'waiʻaleʻale' = rippling water.						
waiʻauʻau	wai·ʻauʻau	A*	041	keep-pending	likely	wai ʻauʻau	corroborated	2	wai#0	ʻauʻau	transparent	water for bathing	Andrews 1922 bracket [wai + auau, to bathe]	pool; bathing place	Andrews 1922 'A pool; a bathing place'; hawwiki modern use	ʻāina	unknown	False			Andrews plus one modern use. Transparent. Needs P&E to settle whether it's a listed item or a free phrase, and to confirm the two-word spelling.	Is 'wai ʻauʻau' a sub-entry (pool, bathing water)? Two words? A swimming-pool sense, or only a bathing place?						
waiʻele	wai·ʻele	A*	041	keep-pending	likely	waiʻele	inferred	unknown	wai#0	ʻele	partial	dark water	Andrews 1922 bracket [wai, water + ele, dark colored]	dye for kapa	Andrews 1922 'A dye for cloth or tapa'	hana	unknown	False		The second sense (stupefying fish with ʻauhuhu) is a traditional fishing method, now restricted. Fine to leave off the card.	One source, plausible. The dye sense composes from the roots; the fish-drugging sense does not. Spelling unconfirmed.	Is there 'waiʻele' (one word?) = dye for kapa? Does P&E also have the fish-stupefying sense? Is the ʻele root spelled with ʻokina here?						
waiʻeleʻele	wai·ʻeleʻele	A*	041	keep-pending	likely	wai ʻeleʻele	inferred	either	wai#0	ʻeleʻele	transparent	black water	Andrews 1922, Inika entry: 'waieleele (black water)'	ink	Andrews 1922 'Ink, also called inika'	hana	19th-century coinage	False		Andrews glosses root ʻeleʻele (n.) as 'a black-skinned person … the blacks of Africa' in dated English, noting 'the more modern word is paele'. It's descriptive in the source, not marked as a slur, but a kumu should glance at the ʻeleʻele stone. Register is my inference: ink came with writing.	One source (Andrews, three mentions) with an explicit literal reading. Transparent. The word break is unsettled even within Andrews.	Is 'wai ʻeleʻele' = ink in P&E? One word or two? Is it marked as older than ʻīnika? Does P&E's ʻeleʻele carry any pejorative sense for people?						
waiʻōhiʻa	wai·ʻōhiʻa	A*	041	doubtful	doubtful	wai ʻōhiʻa	inferred	unknown	wai#0	ʻōhiʻa	transparent	water of the mountain apple	Andrews 1922 bracket [wai, water + ohia, the Hawaiian mountain apple]	mountain-apple juice	Andrews 1922 'The juice or cider from the ohia'	ulu	unknown	False		Root ʻōhiʻa covers two plants (mountain apple, Syzygium; ʻōhiʻa lehua, Metrosideros). Here it's the mountain apple. A card must not imply the sacred lehua tree.	Probably a free phrase (wai + fruit). Andrews-only, with no modern use. 'Cider' hints at a post-contact fermented drink.	Is 'wai ʻōhiʻa' listed at all, or is it only a free phrase? If not listed, drop.						
wanaao	wana·ao	A*	041	doubtful	doubtful	wanaao	inferred	1	unresolved	ao#0	partial	light appearing	Andrews 1922 bracket [wana, to appear + ao, light], contested by Andrews' own 'Waanaao' etymology	early dawn; first light	Andrews 1922 'The early dawn of the morning; the first light of day'	lani	traditional	False			The split is a 19th-century etymology contradicted in the same dictionary (wā + a + na + ao). The first root isn't a resolvable stone, and the modern spelling (possible ʻokina) is unknown. A lovely word, but not safe as wana·ao.	Headword spelling: 'wanaao' or 'wanaʻao'? What etymology or Lit. does P&E give: wana + ao, or a contraction of wā + ana/a ka + ao? Is there a root 'wana' = to appear, dawn?		y	doubtful	wanaʻao		
waʻapā	waʻa·pā	A*	041	keep-pending	likely	waʻapā	inferred	1	waʻa	unresolved	transparent	board canoe	Andrews 1922 bracket [waa, canoe + pa, a board]	rowboat; skiff of boards	Andrews 1922 'A boat made of boards; a skiff; a rowboat'	hana	19th-century coinage	False			One good source, transparent and plausible. But pā 'board, flat surface, plate' is not among the dossier's homographs (pā#0 fence … pā#4 touch), so the stone sense is unresolved and degree is 0. Register is my inference: a planked boat set against the waʻa.	Headword spelling 'waʻapā'? Gloss rowboat/skiff/whaleboat? Lit. 'board canoe'? Which pā sense does P&E use (board/plate)?						
wilikī	wili·kī	W	041	drop	yes	wilikī	attested	1	wili	kī#2	partial	one who twists keys	Wiktionary etymology	engineer; engineering	Wiktionary 'engineer'; hawwiki usage	hana	19th-century coinage	True	borrowing used in the shown sense: root kī#2 'key' is borrowed from English (Wiktionary), and the parts row would have to show it	Andrews' wili entry lists 'mai wili' (a venereal disease) as a phrase. That's a phrase, not a sense of wili, but worth knowing for the WILI stone.	A real, current word, but one of its two stones is an English loan (kī 'key'), which DESIGN §4.3 excludes. Degree 2.	None needed for the drop. Optionally, does P&E's etymology of wilikī agree (wili + kī 'key')?						
wilipuaʻa	wili·puaʻa	W	041	drop	yes	wilipuaʻa	attested	1	wili	puaʻa	opaque			corkscrew	Wiktionary; Andrews 1922	hana	19th-century coinage	True	genital association: Wiktionary gives the word as a euphemism for ulepuaʻa 'hog penis' (the pig's corkscrew-shaped penis). A reader who knows this sees it in the word.		The genital association is explicit in the source etymology. The whole word goes under DESIGN §4.3.	None. Drop.						
wiliʻau	wili·ʻau	A*	041	keep-pending	likely	wiliau	corroborated	1	wili	unresolved	transparent	twisting current	composed from Andrews 1922's glosses of wili ('to twist') and au ('a current; a circular motion, as caused by an eddy'); Andrews' bracket itself reads au as 'to swim'	eddy; swirling motion	Andrews 1922 'The circular motion of an eddy in a river or in the ocean'	hele	traditional	False		Andrews' wili entry lists 'mai wili' (a venereal disease) as a phrase. That's a phrase, not a sense of wili; noted for the WILI stone.	Andrews plus modern use in the galaxy term. But the candidate's spelling and root are wrong: it should be wili + au (current), and au isn't among the dossier's homographs. Fix the data before it can deal.	Headword 'wiliau' (no ʻokina)? Gloss eddy/whirlpool/stirring? Does P&E give the root as au 'current' (not ʻau 'swim')? If so, re-key the second stone to au.						
wāheʻe	wā·heʻe	A*	041	doubtful	doubtful	wā heʻe	inferred	unknown	wā#1	heʻe#0	transparent	octopus time	Andrews 1922 'Squid time'; heʻe = octopus per Wiktionary and POLLEX/P&E	season when octopus abound	Andrews 1922 'Squid time; season when squid abound' (Andrews' 'squid' is heʻe, octopus)	hele	unknown	False		Andrews' heʻe entry includes 'the menses' as a noun sense. That belongs to the heʻe 'flow' homograph (heʻe#1, *seke), not to the octopus stone used here, but a strict root-level reading could raise it.	Probably a free phrase (wā + noun). Andrews-only, degree 2.	Is 'wā heʻe' listed as a season name, or only a phrase? If not listed, drop.						
wāwai	wā·wai	A*	042	doubtful	doubtful	wāwai	inferred	unknown	wā#1	wai#0	partial	space of water	Andrews–Parker 1922 bracket [Wa, space, and wai, water]	a well-watered land	Andrews–Parker 1922: 'A land of water; a well watered land'	ʻāina	archaic/obscure	False			One 1922 source with a guess-like bracket and no modern attestation of the word at all. Its spelling (wā or wa) and even its being a compound rather than a reduplication of wai are unconfirmed. Its high degree (21) comes from the wai family, so a wrong analysis would draw many false lines.	Is there a headword wāwai or wawai? If so: exact spelling (kahakō on the first a?), meaning ('well-watered land'?), and does P&E analyse it as wā + wai, or give no analysis / treat it as a reduplication of wai?		y	doubtful	wāwai		
ōkomo	ō·komo	A*	042	drop	no	ʻōkomo	corroborated	1	unresolved	komo	partial	pierce and enter	Andrews–Parker 1922 bracket [O, to prick or insert, and komo, anything entered]	to calk, driving rope in	Andrews–Parker 1922: 'To calk a ship … (driving in the rope)'	hana	unknown	False		Second sense in Andrews: 'to represent falsely; to falsify'. Not excluded.	The row uses the wrong root. ō 'provisions' and ʻō 'pierce' differ by an ʻokina and are different stones (DESIGN §4.4). Its degree is 1 even as mapped, the gloss is narrow and technical, and there is one 1922 source. Re-add as ʻō·komo only if ʻō 'to pierce' joins the root glossary.	Low priority. If looked up: headword ʻōkomo? senses 'to calk' and 'to falsify'? Is the first element ʻō 'to pierce'?						
ūahi	ū·ahi	A*	042	drop	no	uahi	attested	1	unresolved	ahi	opaque			smoke	POLLEX (Pukui & Elbert 1986) 'Smoke'; Andrews–Parker 'Smoke; cloud; a vaporous appearance'	lani	traditional	False			Wrong split. Pukui & Elbert (via POLLEX) spell uahi with a short u, so the word has no Ū stone. It continues PNP *qau-afi, and Andrews' 'U, ooze or milk' is folk etymology. A Ū·AHI pair would teach a false etymology.	Confirm headword uahi (short u; variant uwahi) 'smoke', and that P&E gives no ū + ahi analysis. Nothing more needed.						
ūana	ū·ana	A*	042	drop	no	ū ana	inferred	2	unresolved	unresolved	partial			weeping, mourning	Andrews–Parker 1922: 'Weeping or mourning'	naʻau	archaic/obscure	True	grammatical: the second element is the imperfective aspect particle ana (Andrews: 'a participial suffix denoting the present tense')	Mourning.	Not a compound: a verb plus an aspect particle (DESIGN §4.3, grammatical). Andrews' ū 'to weep, grieve' is neither of the dossier's ū homographs (ū#0 breast, ū#1 drip), so the row's degree (14) is spurious.	None needed.						
ūʻaiā	ū·ʻaiā	A*	042	drop	no	ʻuala	corroborated	1	unresolved	unresolved	opaque			sweet potato	Andrews–Parker 1922: 'The sweet potato'	ulu	traditional	False			Bogus row from an OCR misreading. The real word is the single root ʻuala, which is already in the root list.	None for this row. Optional: confirm ʻuala as a root-glossary entry.						
ʻahakanaka	ʻaha·kanaka	A*	042	keep-pending	likely	ʻahakanaka	inferred	unknown	ʻaha#0	kanaka	transparent	assembly of men	Andrews–Parker 1922 bracket [Aha, assembly, and kanaka, men]	a great company, multitude	Andrews–Parker 1922: 'A great company; a multitude; an assembly'	kanaka	unknown	False			One 1922 source; the meaning is transparent. P&E is needed to settle one word or two, and whether this is a listed item rather than a phrase.	Does P&E list ʻaha kanaka or ʻahakanaka (e.g. as a sub-entry of ʻaha)? One word or two? Gloss 'multitude; assembly of people'?						
ʻahamaka	ʻaha·maka	W	042	doubtful	doubtful	ʻahamaka	attested	1	ʻaha#1	maka#0	partial	sennit mesh	Wiktionary etymology: ʻaha ('sennit') + maka ('mesh')	hammock	Wiktionary 'hammock'; Andrews–Parker 'A swinging bed … Hammock'	hana	unknown	False	unconfirmed: possibly a borrowing of English 'hammock'. If P&E marks it Eng., it is excluded under §4.3 (borrowing in the shown sense)	Andrews–Parker gives two more senses: '2. The act of killing by the lua [by breaking the bones]' and '3. A special secret assemblage of priests for prayer … to invoke the gods in behalf of the alii'. These are violence and restricted ritual. A kumu may not want the word shown even with only the hammock gloss.	The analysis has a single source, there is a live loanword question, and Andrews lists killing and secret-ritual senses.	Does P&E mark ʻahamaka as from English (Eng.)? If native, does it give a Lit. 'sennit mesh'? Does P&E carry Andrews' 'killing by lua' and 'secret prayer assembly' senses?		y	keep-pending	ʻahamaka		
ʻahamele	ʻaha·mele	W	042	keep	yes	ʻaha mele	attested	2	ʻaha#0	mele#0	transparent	gathering of song	Wiktionary etymology: ʻaha ('meeting, congregation') + mele ('song')	concert	Wiktionary 'concert'	naʻau	unknown	False		Homograph: Wiktionary's second sense, 'yellow-spotted needlefish', is ʻaha#2 + mele#1 (yellow). Show only the concert sense, and link only ʻaha#0 / mele#0 stones.	Wiktionary analysis plus consistent modern two-word use; transparent; no exclusion concern. Absent from Andrews 1922, so it may be a later term; register to be noted from P&E or Māmaka Kaiao.	Confirm the headword 'ʻaha mele' (two words) with the sense 'concert' in P&E or Māmaka Kaiao. Note whether the needlefish sense sits under the same headword.						
ʻahaʻōlelo	ʻaha·ʻōlelo	W+A	042	keep	yes	ʻahaʻōlelo	attested	1	ʻaha#0	ʻōlelo	transparent	assembly for speaking	Andrews–Parker 1922 bracket [Aha, a company, and olelo, to speak]; Wiktionary etymology	council; legislature	Wiktionary 'legislature, assembly, council'; Andrews–Parker 'A council; a body of chiefs …; in modern times, a legislature'	kanaka	traditional	False			Two independent analyses (Wiktionary, Andrews) plus consistent modern one-word use; transparent; no concern.	Confirm the one-word headword ʻahaʻōlelo and any Lit. reading.						
ʻahuao	ʻahu·ao	A*	042	keep-pending	likely	ʻahuao	inferred	unknown	ʻahu	unresolved	transparent	mat of young leaves	Andrews–Parker 1922 bracket [Ahu, a mat and ao, the young leaves of the lauhala tree]	mat of young lauhala leaves	Andrews–Parker 1922: 'A mat made of the young leaves of the lauhala'	hana	archaic/obscure	False			Clear 1922 attestation and a transparent meaning. But the ao here is 'young (pandanus) leaf', a sense not among the dossier's ao#0 light, ao#1 world and ao#2 cloud, so it would be a new stone. Its degree (6), computed with ao conflated, is overstated. Spelling and word break are unconfirmed.	Headword ʻahuao or ʻahu ao? Does P&E list ao 'new leaf (esp. of pandanus), shoot' as its own ao homograph? Gloss 'mat of young lauhala leaves'?						
ʻahuʻula	ʻahu·ʻula	A*	042	keep	yes	ʻahu ʻula	attested	2	ʻahu	ʻula#0	transparent	red garment	Andrews–Parker 1922 bracket [Ahu, a garment, and ula, red]	feather cloak of high chiefs	Andrews–Parker 1922: 'A red-feathered cloak … worn by kings and high chiefs'	hana	traditional	False		Sacred regalia of aliʻi. Surviving cloaks are treasured heritage objects, many held in museums. Keep the card plain and respectful, not decorative trivia. The ʻula sense matters: English Wikipedia (citing P&E) gives 'red/sacred garment', and ʻula#1 is 'sacred, regal'.	Andrews analysis plus a Wiktionary headword and modern two-word use; transparent; sacred but not excluded. The only open point is which ʻula sense the stone carries.	Confirm the P&E headword 'ʻahu ʻula' (two words) and its Lit.: 'red garment' or 'sacred garment'? That decides whether the ʻULA stone is ʻula#0 'red' or ʻula#1 'sacred, regal'.	https://en.wikipedia.org/wiki/%CA%BBAhu_%CA%BBula					
ʻahāaina	ʻahā·aina	A*	042	drop	no	ʻahaʻaina	attested	1	unresolved	unresolved	transparent	company for eating	Andrews–Parker 1922 bracket [Aha, a company, and aina, eating]	feast, banquet	Andrews–Parker 1922: 'A feast for pleasure or enjoyment'	ulu	traditional	True	As mapped, the second root 'aina' is Wiktionary's 'coition' (sexual, §4.3). This is a mis-mapping: the correct root ʻaina 'meal' has no such sense, and the word itself is fine (see the ʻahāʻaina row).		Duplicate of the ʻahāʻaina row with both roots mis-mapped. As mapped it would put a stone meaning 'coition' on the board. Keep the word through the ʻahāʻaina row, re-split as ʻaha·ʻaina (ʻaha#0 + ʻaina#0).	None for this row; see ʻahāʻaina.						
ʻahāinu	ʻahā·inu	A*	042	keep-pending	likely	ʻahainu	inferred	unknown	ʻaha#0	inu	transparent	company for drinking	Andrews–Parker 1922 bracket [Aha, a company, and inu, to drink]	a gathering for drinking	Andrews–Parker 1922: 'a company brought together for the purpose of drinking'	ulu	unknown	False		Alcohol and revelry ('an assembly for revelry', 'wine-drinking'), with mission-era moral framing. Not excluded, but a weak fit for the piece's tone.	Plausible Andrews-only compound, but the row's first root must be re-mapped from ʻahā 'four' to ʻaha#0 'assembly' (ʻaha#0 as listed in this batch's ʻahakanaka / ʻahaʻōlelo dossiers). Its degree (3) was computed against the wrong family. Spelling, word break and phrase status need P&E. The drinking sense argues for a low priority.	Headword ʻahainu or ʻaha inu (under ʻaha)? Gloss 'drinking party'? Confirm the first element is ʻaha 'assembly', not ʻahā 'four'.		y	keep-pending	ʻahainu		
ʻahālike	ʻahā·like	A*	042	keep-pending	likely	ʻahālike	inferred	unknown	ʻahā	like	transparent	four alike	Andrews–Parker 1922 bracket [Aha, four, and like, alike]	square, four equal sides	Andrews–Parker 1922: 'Four sides alike or equal; quadrangular … four square'	hele	unknown	False			Transparent, with a sensible 1922 analysis, but one source and an unconfirmed spelling and word break. Note: the other ʻahā rows in this batch (ʻahāaina, ʻahāinu, ʻahāʻaina) are mis-mapped ʻaha 'assembly' words. Once they are corrected, ʻahālike's turns on the ʻahā side shrink and its real degree is lower than 5.	Headword ʻahālike or ʻahā like? Gloss 'square, four-sided'? Also check that ʻahā (ʻa- + hā) is a sensible stone, or whether P&E analyses this as ʻa- + hā + like.						
ʻahāʻaina	ʻahā·ʻaina	A*	042	keep	yes	ʻahaʻaina	attested	1	ʻaha#0	ʻaina#0	transparent	company for eating	Andrews–Parker 1922 bracket [Aha, a company, and aina, eating]	feast, banquet	Andrews–Parker 1922: 'A feast …'; 'to partake of a banquet; to hold a feast'	ulu	traditional	False		Also names the Christian sacrament ('ʻAhaʻaina a ka Haku', Lord's Supper). Show the plain 'feast' sense.	Andrews' analysis plus consistent modern spelling in use; transparent; no exclusion concern. This holds only once the split is corrected to ʻaha·ʻaina (ʻaha#0 'assembly', as listed in this batch's ʻahakanaka / ʻahaʻōlelo dossiers, + ʻaina#0 'meal'). The row as written, with an ʻAHĀ 'four' stone, must not be used. Its degree (3) was computed against the wrong family and will rise once linked to ʻaha 'assembly'.	Confirm the headword ʻahaʻaina (one word, no kahakō on aha) and any Lit. ('gathering [for a] meal'?).						
ʻaiahupuaʻa	ʻai·ahupuaʻa	A*	042	doubtful	doubtful	ʻai ahupuaʻa	inferred	unknown	ʻai	ahupuaʻa	transparent	food of an ahupuaʻa	Andrews–Parker 1922 bracket [Ai, food, and ahupuaa, a division of land]	enjoying an ahupuaʻa's yield	Andrews–Parker 1922: 'To care for and enjoy the income of an ahupuaa'	ʻāina	traditional	False			Looks like a free verb + object phrase (as in 'he alii aiahupuaa') rather than a lexical compound. Three morphemes, one source, degree 3.	Is 'ʻai ahupuaʻa' listed, e.g. as an example under ʻai 'to rule; to enjoy the use of land'? If it is only an example phrase, drop.						
ʻaialo	ʻai·alo	A*	042	keep-pending	likely	ʻaialo	inferred	unknown	ʻai	alo	partial	to eat before (the chief)	Andrews–Parker 1922 bracket [Ai, to eat, and alo, in front. To eat before.]	attendants of a chief	Andrews–Parker 1922: 'The people about the chief; his attendants'	kanaka	traditional	False		Andrews' third sense, 'a hanger-on who lives lazily with a chief and eats his food', is mildly pejorative. Show only 'attendants'.	Coherent 1922 analysis and a real social term, used again elsewhere in Andrews. Needs P&E for spelling and break.	Headword ʻaialo? Gloss 'courtiers; attendants of a chief'? Does P&E give Lit. 'eat [in the] presence'?						
ʻaikapu	ʻai·kapu	A*	042	keep	yes	ʻai kapu	attested	2	ʻai	kapu#0	transparent	to eat under kapu	Andrews–Parker 1922 bracket [Ai, to eat, and kapu, forbidden]; 'To eat according to the restrictions of the kapu'	observing the sacred eating restrictions	Andrews–Parker 1922: 'To eat according to the restrictions of the kapu; to observe the rules … of the kapu'	naʻau	traditional	False		Names the pre-1819 sacred order of eating restrictions (among them, men and women eating apart), whose ending, the ʻai noa, is still a weighty subject. Present it plainly; don't reduce it to 'taboo food'. The KAPU stone must be kapu#0; kapu#1 'tub' and kapu#2 'cap' are English loans.	Andrews' analysis plus a Wiktionary headword; transparent; sacred but not excluded.	Confirm the P&E spelling: 'ʻai kapu' (two words) or 'ʻaikapu'? Gloss 'to eat under taboo; observe the eating kapu'? Is it listed as the opposite of ʻai noa?	https://en.wikipedia.org/wiki/Kapu_(Hawaiian_culture)					
ʻaiāniho	ʻaiā·niho	A*	042	drop	no	alaniho	inferred	unknown	unresolved	niho	partial	path of the tooth	Andrews–Parker 1922 bracket [Ala, path, and niho, tooth]	long strips of tattooing	Andrews–Parker 1922: 'The long strips of tattooing made on the skin by means of a shark's tooth'	kanaka	archaic/obscure	False		Tattooing (kākau) is a culturally significant body practice: fine, but handle with care.	The row's root ʻaiā comes from an OCR misreading; its degree is 0. The real word, ala·niho, is not in compounds.tsv and could be added as a separate A* candidate.	None for this row. Optional new row: is 'alaniho' (ala + niho, strips of tattooing) in P&E, and how is it spelled?		y	drop	alaniho		
ʻaiʻāina	ʻai·ʻāina	A*	042	doubtful	doubtful	ʻai ʻāina	inferred	unknown	ʻai	ʻāina	transparent	eat the land	Andrews–Parker 1922 bracket [Ai, to eat, and aina, land]	to possess land	Andrews–Parker 1922: 'To enjoy, to possess land; to own land'	ʻāina	traditional	False			Probably a free verb + object phrase. One 1922 source, no modern use, spelling and break unknown. Its degree (13) makes a P&E look worthwhile.	Does P&E list 'ʻai ʻāina' or 'ʻaiʻāina' as a headword or sub-entry ('to possess or enjoy the use of land')? If it is only a usage of ʻai, drop.						
ʻakahenehene	ʻaka·henehene	A*	043	keep-pending	likely	ʻakahenehene	inferred	unknown	ʻaka	henehene	transparent	laugh in ridicule	Andrews 1922 bracket [Aka, to laugh, and henehene, to ridicule]	to laugh in scorn	Andrews 1922: 'To laugh to scorn; to laugh in derision or mockery.'	naʻau	unknown	False		Means derision or mockery. It is not a slur, but a word about scorning someone sits a little against the piece's warm tone. Andrews' 'Aka, conj. But' is akā, a separate grammatical word, not this root.	A plausible, transparent compound with a single 19th-century source and an inferred spelling. Degree 0, so it can never turn on the board: lowest priority for the Pukui & Elbert check.	Is ʻakahenehene a P&E headword, and is it one word or 'ʻaka henehene'? Is the sense 'to laugh in derision'? Low priority (degree 0).						
ʻalohilani	ʻalohi·lani	A*	043	drop	likely	ʻalohilani	inferred	unknown	ʻalohi	lani	transparent	brightness of heaven	Andrews 1922 bracket and definition: 'The brightness of heaven'	brightness of heaven	Andrews 1922	lani	archaic/obscure	True	Mainly a proper name: Andrews' only specific sense is 'a term applied to the residences or heavenly courts of the goddesses, Uli and Kapo'. | Sorcery association: Andrews glosses uli (n. 3) as 'a class of gods worshiped by sorcerers and medicine-men', prayed to 'for the destruction of an' enemy, and Kapo as a goddess who was a sister of Kalaipahoa.	This is the abode of deities tied to sorcery. It is also used today as a personal name (reviewer knowledge, unverified).	The only sense Andrews gives beyond the literal phrase is the name of the heavenly court of Uli and Kapo, so the word fails the §4.3 rules on proper names and on sorcery. Nothing modern attests it as a common noun.	Does P&E list ʻalohilani with a plain common-noun sense ('brightness of heaven') unconnected to Uli and Kapo? If it gives only the mythic or personal name, the drop stands.	https://pollex.eva.mpg.de/entry/kalosi/					
ʻanolani	ʻano·lani	A*	043	doubtful	doubtful	ʻano lani	corroborated	2	ʻano	lani	transparent	of heavenly character	Andrews 1922 bracket [Ano, character, and lani, heaven]; definition 'Of heavenly character'	heavenly in nature; celestial	Andrews 1922: 'Of heavenly character; good; noble; pure; celestial: he kino anolani, a celestial body'	lani	unknown	False		Andrews' examples are missionary-era religious language ('pono ano lani'). The lani root also means 'very high chief', which is harmless here.	This is probably the phrase ʻano + lani, not a dictionary compound. Modern text writes it as two words in the sense 'celestial (object)'.	Does P&E list 'ʻano lani' (or ʻanolani) as a headword or sub-entry, or only as a phrase under ʻano or lani? Is 'mea ʻano lani' a set term for 'celestial body'?						
ʻauinalā	ʻauina·lā	W	043	keep	yes	ʻauinalā	attested	1	ʻauina	lā#1	transparent	the sun's decline	Wiktionary etymology ʻauina 'slope, decline' + lā 'sun'; gloss 'time of day when the sun is setting'	afternoon	Wiktionary	hele	unknown	False			Wiktionary's analysis plus clear modern use. The spelling is attested and the senses are clean. lā here is lā#1 'sun', not lā#2 'day'. Note that ʻauina is itself ʻaui + -na, a derived stem; DESIGN treats it as a root.	Confirm the headword ʻauinalā, one word. Does P&E give a Lit. ('sun declining')? Does it record ʻauina lā as a variant?						
ʻauinapō	ʻauina·pō	W	043	keep-pending	likely	ʻauinapō	attested	1	ʻauina	pō	transparent	the night's decline	Wiktionary etymology ʻauina 'slope, decline' + pō 'night'	late night	Wiktionary 'midnight, late night'	hele	unknown	False		Only mild: the pō root also means the realm of the gods or of departed spirits (POLLEX, Andrews), but the compound uses 'night'.	Transparent and matched with ʻauinalā, but it rests on a single crowd-edited source with no use found in running text. P&E needs to confirm the word, the word break and whether it means 'midnight' or 'after midnight'.	Is ʻauinapō a P&E headword (one word or ʻauina pō)? Is the sense 'midnight', 'late night' or 'after midnight'? Is there a Lit.?		y	keep	ʻauinapō		
ʻaulike	ʻau·like	A*	043	keep-pending	likely	ʻaulike	inferred	unknown	ʻau#1	like	transparent	swim alike	Andrews 1922 bracket [Au, to swim, and like, alike]	to swim abreast, evenly	Andrews 1922: 'To swim evenly; to swim abreast, as two or more persons'	hele	unknown	False			A transparent compound with one source and an inferred spelling. The adjective sense ('even timber') may contain the other ʻau ('shaft', ʻau#0), so the root sense depends on which sense P&E keeps.	Is ʻaulike in P&E, as one word? Which senses does it give: 'to swim abreast' (ʻau 'swim') and/or 'even, smooth, as timber' (perhaps ʻau 'shaft')? Keep it distinct from kaulike 'justice, balanced' (Andrews: [Kau and like]).						
ʻaulima	ʻau·lima	A*	043	keep	yes	ʻaulima	attested	1	ʻau#0	lima	transparent	handle for the hand	Andrews 1922 bracket [Au, a handle, and lima, the hand]; POLLEX note *kau.3 'wood, timber' + *lima 'hand'	hand stick for making fire	POLLEX/Pukui & Elbert 1986: 'Stick held in the hand when making fire by friction'; Andrews 1922 the same	hana	traditional	False			Two independent sources (Andrews' bracket and POLLEX's P&E-cited reflex of a compound protoform) agree, and P&E's spelling is confirmed. It is a fire-making tool with clean senses. ʻau here is the 'handle, stick' root (ʻau#0, < POc *kayu 'wood').	Confirm the headword ʻaulima and the sense 'stick held in the hand in fire-making by friction'. Does P&E give a Lit.? (The stick rubbed upon is ʻaunaki per Andrews.)	https://pollex.eva.mpg.de/entry/kau-rima/					
ʻaumakua	ʻau·makua	W	043	keep	yes	ʻaumakua	attested	1	ʻau#0	makua	partial		No source gives a literal reading. Wiktionary's parts are ʻau 'stem, stalk' + makua; POLLEX's are *kau 'group, company' + *matuqa 'mature'. Neither is a Lit.	family or personal god	POLLEX/Pukui & Elbert 1986 'Family or personal god'; Wiktionary 'family god'	naʻau	traditional	False		Sacred. ʻaumākua are deified ancestors and family guardians, still honoured in many families. This is a class noun, not a deity's proper name, and it is not sorcery, but a kumu may want the gloss worded with care ('family god; deified ancestor') and never made light of. On the card, use the singular ʻaumakua; the plural is ʻaumākua.	Two independent sources (Wiktionary's analysis and POLLEX's P&E-cited reflex of the compound protoform *kau-matua) agree, and the spelling is attested. Caveat for the stone: here ʻau is the 'group, company' sense (PN *kau.2). Wiktionary files that sense under ʻau#0 together with 'handle, stalk' (*kau.3 / POc *kayu). If ʻau#0 stays a single stone, ʻaumakua will link to ʻaulima 'fire stick' on the strength of a shared spelling only, so ʻau#0 should probably be split.	Confirm the headword ʻaumakua (pl. ʻaumākua) and its sense. Does P&E give an etymology or Lit. (ʻau 'group' vs 'stalk' + makua)? This decides which ʻau stone it sits on.	https://pollex.eva.mpg.de/entry/kau-matua/		keep	ʻaumakua		
ʻaumoana	ʻau·moana	A*	043	keep-pending	yes	ʻaumoana	corroborated	unknown	unresolved	moana#0	transparent	ocean swimmer	Andrews 1922 bracket [Au, to swim and moana, ocean]. POLLEX instead derives ʻau from PN *kau.2 'group, company', which gives 'ocean company/crew'. Unresolved.	sailor; one long at sea	Andrews 1922 'A sailor; one who spends most of the time on the ocean'; POLLEX/P&E 'Sailor'	kai	traditional	False		Andrews' sense 2, 'a class of laws enacted by Kaahumanu', is a historical term and does no harm.	Certainly a word, and a compound of ʻau + moana, but two things are open: the word break (P&E's form is hyphenated in POLLEX) and which ʻau it contains, ʻau#1 'swim, travel by sea' (Andrews) or ʻau 'group' (POLLEX; inside ʻau#0). That second question decides its links.	Headword: ʻaumoana, ʻau moana or ʻau-moana? Does P&E give an etymology or Lit. ('ocean swimmer' vs 'ocean group')? Sense 'sailor, seafarer'?	https://pollex.eva.mpg.de/entry/kau-moana/					
ʻauwai	ʻau·wai	W	043	keep-pending	yes	ʻauwai	attested	1	ʻau#1	wai#0	partial		No literal reading given. Wiktionary names the parts (ʻau 'to swim' + wai 'water'). Andrews' 'furrow + water' uses a sense of ʻau that the root data lacks.	irrigation ditch; watercourse	Wiktionary 'ditch'; Andrews 1922 'A brook; a small water course... The general name for streams used in artificial irrigation'	ʻāina	traditional	False		Check needed. In Andrews' entry Auwaihiki ('a swelling in the groin or in the armpit. A running disease in the groin caused by impure habits'), the Hawaiian example lists 'he aukoi, he auwai, he auwakoi' as names of the swelling, so 'auwai' may be a short form of auwaihiki (a bubo, probably venereal). It is a passing mention in another entry, with no ʻokina or kahakō, and may be a different word or a figure of speech. Andrews' own Auwai entry has only the watercourse senses. If P&E gives ʻauwai a groin-swelling sense, §4.3 excludes the word.	The word and its spelling are certain, and at degree 23 it is the most connective word in this batch. Two things are pending: which ʻau it contains (Wiktionary 'swim' = ʻau#1 is the only source naming a listed sense, but Andrews says 'furrow'), and clearing Andrews' possible groin-swelling use.	(1) Does P&E give ʻauwai any sense besides ditch or canal, in particular a groin swelling or bubo (cf. Andrews s.v. Auwaihiki)? (2) Does P&E give an etymology or Lit. for the ʻau part (swim, current, furrow)? (3) Confirm the one-word headword ʻauwai.			keep-pending	ʻauwai	keep-pending	The word and spelling are certain: Wiktionary, Kumukahi, DLNR, and the UH HIGP list of P&E entries ('ʻauwai paʻa — conduit', 'ʻauwaipapa — flume'). The first root is not settled. Wiktionary says ʻau 'to swim' (ʻau#1). Andrews says 'Au, furrow', which matches no dossier homograph and looks back-formed: he gives the same 'Au, furrow' for Auwaha [Au, furrow, and waha, mouth] 'furrow; ditch'. ʻauwai is not in POLLEX. The first reader declined to give a literal reading because of this conflict, then assigned ʻau#1 anyway. A sense too weak to support a Lit. is too weak to support a stone link. Field: ulu, as DESIGN §3.5 draws the ʻauwai in the ulu (loʻi kalo) field.
ʻaʻaniu	ʻaʻa·niu	A*	043	keep-pending	likely	ʻaʻaniu	inferred	unknown	ʻaʻa#0	niu#0	transparent	coconut sheath	Andrews 1922 bracket [Aa, cloth-like covering near the base of a coconut leaf, and niu, coconut]	clothlike sheath at coconut-frond base	Andrews 1922 'The covering like a coarse cloth around the stem end of coconut leaves'	ulu	traditional	False			A transparent compound of two confirmed roots (ʻaʻa#0 is itself the coconut-leaf sheath), with one source. The spelling and word break need P&E: it may be a phrase, ʻaʻa niu.	Is ʻaʻaniu a P&E headword, or does it appear as 'ʻaʻa niu' under ʻaʻa? Sense 'fibrous sheath at the base of a coconut frond'?		y	keep-pending	ʻaʻaniu		
ʻaʻapua	ʻaʻa·pua	A*	043	keep-pending	likely	ʻaʻapua	inferred	unknown	ʻaʻa#0	pua	transparent	arrow bag	Andrews 1922 bracket [Aa, bag and pua, an arrow]	quiver; arrow case	Andrews 1922 'An arrow case; a quiver'	hana	unknown	False			Transparent, with one source and an inferred spelling. It may be a 19th-century coinage for the biblical 'quiver' rather than a traditional word. The single 'pua' homograph puts arrow and flower on one stone, which Andrews' derivation of 'arrow' from the cane tassel supports.	Is ʻaʻapua a P&E headword (or ʻaʻa pua)? Sense 'quiver'? Is it marked as biblical or introduced?						
ʻikepili	ʻike·pili	W	043	keep	yes	ʻikepili	attested	1	ʻike	pili	partial	associated knowledge	Composed from Wiktionary's parts ʻike 'knowledge, information' + pili 'to cling, stick, associate with'. No source states a Lit.	data	Wiktionary	naʻau	modern coinage	False		Root ʻike: Andrews' sense 4 is 'to have carnal knowledge of', the biblical euphemism (like English 'know'). It is not flagged, because ʻike's everyday sense is 'see, know', but the project should rule on ʻike once for every ʻike word. Andrews' pili 'to wager or bet' does no harm.	Wiktionary's analysis plus heavy modern use. A modern technical coinage, which sits differently on the card (cf. ROOTS.md on kinopaʻa and similar). Degree 1, so it adds little to the board.	Probably in Māmaka Kaiao rather than P&E: confirm ʻikepili 'data' and any stated formation.						
ʻiliahi	ʻili·ahi	W	043	doubtful	doubtful	ʻiliahi	attested	1	ʻili	unresolved	opaque		Not given. 'Skin of fire' would rest on the folk etymology that POLLEX contradicts.	sandalwood	Wiktionary 'sandalwood (Santalum)'; POLLEX/P&E 'Sandalwood (Santalum spp.)'; Andrews 'A sandalwood tree'	ulu	traditional	False		Sandalwood carries the history of the 1810s-1830s sandalwood trade (reviewer knowledge). It is not a §4.3 matter.	A real and well-attested word, but not ʻili + ahi 'fire'. Its ahi is the inherited sandalwood word (*asi). On the AHI stone it would link sandalwood to fire words on an etymology POLLEX rules out, and an ahi² 'sandalwood' root would have no other compounds.	Does P&E give an etymology or Lit. for ʻiliahi? If not, or if it agrees with POLLEX (ahi < *asi 'sandalwood'), drop it from the ahi 'fire' family.	https://pollex.eva.mpg.de/entry/asi/		doubtful	ʻiliahi		
ʻilikai	ʻili·kai	W	043	keep	yes	ʻilikai	attested	1	ʻili	kai	transparent	skin of the sea	Wiktionary etymology 'literally "sea skin"'; POLLEX PCE *kiri-a-tai	surface of the sea; sea level	Wiktionary 'surface of the sea; sea level'; POLLEX/P&E 'Surface of the sea; horizon; horizontal'; Andrews	kai	traditional	False			Three sources agree (Wiktionary, POLLEX/P&E, Andrews), there is modern use, a Proto-Central-Eastern Polynesian ancestor, and a clear literal reading. Clean senses.	Confirm the headword ʻilikai and whether P&E prints a Lit. ('sea skin'). Note the extra senses 'horizon; horizontal'.	https://pollex.eva.mpg.de/entry/kiri-a-tai/		keep	ʻilikai		
ʻililua	ʻili·lua	A*	043	keep-pending	likely	ʻililua	inferred	unknown	ʻili	lua#0	transparent	second skin	Andrews 1922 bracket [Ili, skin, and lua, second]	new skin after healing; aged skin	Andrews 1922 senses 1 and 3	kanaka	archaic/obscure	False		Touches on sores and healing, and on old age. Neither is excluded, but wording matters. The stone must be lua#0 ('two, second'), not lua#1, which also means 'toilet'. lua#0 also covers the lua fighting art, which Andrews describes as bone-breaking.	A transparent, well-formed compound with one source; Andrews itself calls it older than ʻilipakalua. The spelling is inferred. Degree 15, so it is worth a quick P&E look.	Is ʻililua a P&E headword (or ʻili lua)? Which senses: 'new skin over a healed sore', 'rough bark', 'wrinkled skin of age'? Is there a Lit. 'second skin'? Is it marked archaic?						
ʻohiana	ʻohi·ana	A*	043	drop	no	ʻohina	inferred	unknown	ʻohi	unresolved	partial			property seized for debt	Andrews 1922 s.v. Ohina: 'To have one's property swept away for debt... destitute'	kanaka	archaic/obscure	True	Grammatical second element: ana / -na here is the nominalizing or gerundive suffix, not a root. Under the ROOTS.md screen a compound with a grammatical part is out, and it cannot sit on a stone.	Andrews' ʻohi also has 'a female animal of mating age' (n. 3) and 'to carry away by force'. Neither matters, since the word is dropped.	Not a two-root compound. The headword is ohina (ʻohi + suffix -na), misread as ʻohi + ana. Its degree of 12 is spurious: it would link to ana 'cave' and ana 'measure' words through a particle.	None needed. Optionally, note that the Andrews row should read 'ohina', not 'ohiana', so compounds.tsv can be corrected.		y	drop	ʻohina		
ʻohākulaʻi	ʻohā·kulaʻi	A*	043	keep-pending	likely	ʻohākulaʻi	inferred	unknown	ʻohā	kulaʻi	transparent	push over the offshoot	Andrews 1922 bracket [Oha, a shoot, and kulai, to push over]	break young taro from parent corm	Andrews 1922 'To bend off the young taro from the parent tuber to give it room to grow'	ulu	traditional	False		The same headword names a lump or tumor on the joints (Andrews), a disease sense. Show only the taro sense. Andrews' 'Oha, adj. lovesick' and 'salutation between the sexes' belong to a different word, oha, not ʻohā 'taro shoot' (different stress in Andrews).	A transparent taro-farming compound from one source, with an inferred spelling. Degree 1: low priority.	Is ʻohākulaʻi (or ʻohā kulaʻi) in P&E? Sense: 'to break off taro offshoots'? Does P&E also give the joint-lump sense? Low priority (degree 1).						
ʻohākālai	ʻohā·kālai	A*	043	doubtful	doubtful	ʻohākālai	inferred	unknown	unresolved	kālai	partial	cutting stick	Andrews 1922 bracket [Oha, a stick, and kalai, to cut]	rubbing or polishing stick; file	Andrews 1922 'A stick to rub or polish with, as a file or other instrument'	hana	archaic/obscure	False			One obscure source, and the first part's sense ('stick') does not match the ʻohā root on the stone, so linking it to ʻohā 'taro shoot' words would be wrong. The spelling is inferred.	Is ʻohākālai in P&E, and how is it spelled? Is the first part ʻohā 'taro shoot' or another oha 'stick'? Sense 'polishing stick, file'?						
ʻoiaʻiʻo	ʻoia·ʻiʻo	A*	044	doubtful	doubtful	ʻoiaʻiʻo	attested	1	ʻoia	ʻiʻo#1	partial	truth + real	Andrews–Parker 1922 bracket [Oia, truth, and io, real]	truth; true, genuine	Andrews–Parker 1922: 'Truth; verity; what is true'; adj. 'True; not false'	naʻau	traditional	False		None for the word. Note the first stone (ʻOIA) would be a fused particle + pronoun (ʻo ia) per POLLEX *ko-ia, close to the 'grammatical' rule of §4.3 if shown as a root with its own card line.	A real, common word with an attested spelling, but the two-stone split is suspect: ʻoia is itself ʻo + ia (POLLEX *ko-ia), so this is three morphemes with a grammatical first part. Degree 1, so it adds almost nothing to the board.	How does P&E analyse ʻoiaʻiʻo: ʻoia + ʻiʻo, or ʻo ia + ʻiʻo? Is ʻoia 'true, truth' its own headword, or only a short form of ʻoiaʻiʻo? Is there a Lit. reading?						
ʻoihana	ʻoi·hana	W+A	043	keep	yes	ʻoihana	attested	1	ʻoi	hana#0	transparent	principal work	Andrews 1922 bracket [Oi, principal, and hana, work]; Wiktionary 'main + work'	occupation, trade; department, office	Wiktionary 'occupation, trade, job... department, agency, office'; Andrews 1922 'an occupation; a trade... An office or department'	hana	traditional	False		Andrews' sense 4, 'The book of Acts', is a minor proper-name use. The dossier's Wiktionary sense for ʻoi is only 'sharp', so the root glossary needs Andrews' 'first; most excellent; the best' added if the parts row is to make sense. POLLEX's other *koi is the preverbal particle 'while' (Andrews Oi adv.), a separate grammatical word.	Two independent sources agree, there is heavy modern use and the spelling is attested. It reads clearly as 'principal work'. Note for the stone: ʻoi here is the 'foremost, best' sense, which Andrews lists in the same entry as 'sharp'.	Confirm the headword ʻoihana. Does P&E's etymology or Lit. use ʻoi 'best, foremost' (so the ʻoi stone should be glossed 'sharp; best' rather than 'sharp' alone)?						
ʻoihanaaliʻi	ʻoihana·aliʻi	A*	044	drop	doubtful	ʻoihanaaliʻi	inferred	unknown	ʻoihana	aliʻi	partial	the acts of kings	Andrews–Parker 1922 definition ('A history of the acts of kings'); bracket [Oihana and alii, king]	Chronicles (Old Testament books)	Andrews–Parker 1922	kanaka	19th-century coinage	True	Mainly a proper name: the title of the Old Testament books of Chronicles (DESIGN §4.3). | A Bible-translation coinage with no common-noun sense in the sources.	Scriptural title.	A proper name (a book title), three morphemes, Andrews-only, and no modern use in the dossier.	Low priority. Only if wanted: does P&E list ʻOihana Aliʻi / ʻoihanaaliʻi with any sense other than the Bible book?						
ʻokiana	ʻoki·ana	A*	044	drop	no	ʻokiana	inferred	unknown	ʻoki	unresolved	transparent			a cutting off; an ending	Andrews–Parker 1922	hana	archaic/obscure	True	Grammatical: the second element is the participial/nominalising ending (Andrews, s.v. Okana), not a root. | Its gloss ('a cutting') teaches nothing beyond the verb ʻoki.		Not two roots: ʻoki + a participial ending, by Andrews' own account. Its degree of 13 is an artifact of matching -ana to the ANA stones (cave, measure), which it would wrongly link to.	None needed. If checked: P&E should have no headword ʻokiana. The related lexical word is ʻokana 'district', which Andrews derives from it.		y	drop	ʻokina		
ʻokipoepoe	ʻoki·poepoe	A*	044	drop	likely	ʻokipoepoe	inferred	unknown	ʻoki	poepoe	transparent	cut around	Andrews–Parker 1922 bracket [Oki, to cut, and poepoe, around; circularly]	circumcision	Andrews–Parker 1922	kanaka	19th-century coinage	True	Genital: the only sense is circumcision (DESIGN §4.3). | A Bible-translation coinage (Andrews says so).	Genital procedure; religious context.	Excluded: genital sense.	None. Excluded whatever P&E says.						
ʻoleloa	ʻole·loa	A*	044	drop	no	ʻole loa	corroborated	2	ʻole	unresolved	transparent			not at all; by no means	Andrews–Parker 1922	naʻau	traditional	True	Grammatical: a negative plus the postposed intensive particle loa, a free adverbial phrase (DESIGN §4.3). | Matching loa here to the LOA stone ('long') would be wrong.	Root-level note for LOA (affects other batches): Andrews–Parker 1922 Loa n. 2 'A receptacle of filth; he nenelu inoino'. It may be worth one P&E look to see whether loa carries a filth/excretory sense.	Grammatical phrase, not a compound of two roots.	None needed for this word. Separately, for the LOA root: does P&E give loa any 'filth / refuse pit' sense (Andrews n. 2)?						
ʻouʻole	ʻou·ʻole	A*	044	doubtful	doubtful	ʻouʻole	inferred	unknown	unresolved	ʻole	partial	not hiding	Andrews–Parker 1922 bracket [Ou, to flee or hide, and ole, not]	courage, boldness, valor	Andrews–Parker 1922	naʻau	archaic/obscure	False			An appealing meaning ('not fleeing' = courage), but it rests on Andrews alone, and the first root's spelling and identity don't match the root the candidate maps it to (ʻou 'reach out for'). As mapped, it would link to the wrong stone.	Is there a headword 'ʻouʻole' / 'ouʻole' / 'ʻōʻole' meaning 'courage, boldness'? How does P&E spell Andrews' ou 'to hide away, flee' (ʻokina? kahakō?), and is it the same root as ʻou 'to reach out for'?						
ʻualakahiki	ʻuala·kahiki	A*	044	keep	yes	ʻuala kahiki	attested	2	ʻuala	kahiki#0	transparent	foreign sweet potato	Wiktionary etymology (ʻuala 'sweet potato' + kahiki 'foreign'); Andrews–Parker 1922 bracket [Uala, potato, and kahiki, foreign]	potato (the Irish potato)	Wiktionary 'potato, Solanum tuberosum'; Andrews–Parker 1922 'A foreign or Irish potato'	ulu	19th-century coinage	False		Kahiki is also the name of Tahiti / the ancestral homeland in moʻolelo. Here it is the common noun 'foreign land', so the card should read 'foreign', not 'Tahiti'.	Two sources agree on the split and the meaning, a Wiktionary headword attests the spelling, it is transparent, and nothing in it is excluded. Fix the candidate row's spelling to two words.	Confirm the headword spelling 'ʻuala kahiki' (two words) and the sense 'Irish potato'. Any Lit. reading?						
ʻukukapa	ʻuku·kapa	A*	044	keep-pending	likely	ʻuku kapa	inferred	2	ʻuku#0	kapa	transparent	tapa louse	Andrews–Parker 1922 ('A tapa louse'; bracket [Uku, louse, and kapa, garment])	body louse	Andrews–Parker 1922	kanaka	unknown	True	ROOT-LEVEL, needs one project ruling for KAPA: kapa has an attested genital sense. POLLEX (in this dossier) lists Hawaiian kapa 'Labia' under PPN *tapa (P&E-sourced), and Andrews–Parker 1922 kapa n. 4 gives 'The labium of a female'. The dossier's Wiktionary kapa ('rim, edge; tapa') omits it, so the automated screen passed every kapa word. Under the either-root rule (DESIGN §4.3) it flags every KAPA stone; same framing as batch-011 (kapakahi, kapakomo).	This is kapa 'bark-cloth, garment' (POLLEX tapa.1), not kapa 'edge'. Body lice are mildly unappealing card material, though not offensive.	On its own merits it is a plausible Andrews name with an inferred two-word spelling and low degree (2). It falls if the KAPA root ruling goes strict.	Is 'ʻuku kapa' (or ʻukukapa) in P&E as 'body louse'? One word or two? Also needed: the project ruling on kapa 'labia'.						
ʻukulele	ʻuku·lele	W+A	044	keep	yes	ʻukulele	attested	1	ʻuku#0	lele	partial	jumping flea	Wiktionary etymology ('literally "jumping flea"'); Andrews–Parker 1922 ('A jumping uku; that is, a flea')	ukulele, small four-stringed instrument	Wiktionary 'a small four-stringed guitar: a ukulele'; Andrews–Parker 1922 sense 2	naʻau	19th-century coinage	False			Both sources give the split and the 'jumping flea' reading, the spelling is attested, and nothing is excluded. It is a native compound, not a borrowing (English borrowed it). Degree 13.	Confirm the headword ʻukulele. Does P&E give Lit. 'leaping flea' and keep the 'flea' sense (Andrews 1)?		y	keep	ʻukulele		
ʻukupoʻo	ʻuku·poʻo	A*	044	keep-pending	likely	ʻuku poʻo	inferred	2	ʻuku#0	poʻo	transparent	louse of the head	Andrews–Parker 1922 bracket [Uku, louse, and poo, the head]	head louse	Andrews–Parker 1922	kanaka	unknown	False		Lice can read as a mild jibe about hygiene. It is fine as natural history but worth a kumu's eye.	Transparent and plausible, but on one source with an inferred spelling. It gives a nice ʻUKU link to ʻukulele. Degree 8.	Is 'ʻuku poʻo' (two words, like ʻuku lio and ʻuku papa) or 'ʻukupoʻo' in P&E, with the sense 'head louse'?						
ʻulakoko	ʻula·koko	A*	044	doubtful	doubtful	ʻula o koko	inferred	unknown	ʻula#0	koko	transparent	red of blood	Andrews–Parker 1922 headword Ulaokoko and bracket [Ula, red, and koko, blood]	blood-red, bright red	Andrews–Parker 1922 ('red as blood; bright red')	lani	unknown	False		Blood imagery (mild). Note that Wiktionary's ʻula#2 also means 'blood'.	The candidate's spelling is not what Andrews attests. The source word has a connective o, making it a three-part genitive phrase. It could only return if P&E has a two-part ʻulakoko.	Does P&E have 'ʻulakoko', or only 'ʻula o koko' / 'ʻulaokoko'? (Andrews: Ulaokoko, u'-la-o-ko'-ko, 'bright red, red as blood'.)						
ʻulukahiki	ʻulu·kahiki	A*	044	keep-pending	likely	ʻulu kahiki	inferred	2	ʻulu	kahiki#0	transparent	foreign breadfruit	Andrews–Parker 1922 bracket [Ulu, breadfruit, and kahiki, foreign]	foreign breadfruit tree	Andrews–Parker 1922	ulu	19th-century coinage	False		As with ʻuala kahiki, the card should read kahiki as 'foreign', not 'Tahiti'.	Plausible, and it fits a well-attested naming family, but it rests on one source with an inferred spelling. Andrews' gloss only restates the parts, so the card teaches little unless P&E names the tree. Degree 2.	Is 'ʻulu kahiki' in P&E, two words? Which tree is it (an introduced breadfruit variety, breadnut, jackfruit)?						
ʻōhewa	ʻō·hewa	A	044	doubtful	doubtful	ʻōhewa	attested	1	ʻō#0	hewa	transparent	pierce wrongly	Andrews–Parker 1922 bracket [O, to pierce, and hewa, wrong]	to stab and miss the mark	Andrews–Parker 1922	hana	unknown	False		The headword's Wiktionary sense is 'incoherent, drunk', and a reader may know it. The Andrews sense is about stabbing at a person. Neither falls under §4.3, but both need care.	The two sources disagree on both the analysis (root ʻō 'pierce' vs the prefix ʻō-) and the meaning. If P&E confirms 'miss the mark in stabbing' with ʻō 'to pierce', it could move to keep-pending, with the 'drunk' sense noted.	What senses does P&E give for ʻōhewa? Is 'to miss the mark (stabbing/spearing)' among them? Is the first part ʻō 'to pierce' or a prefix ʻō-? Is 'drunk, incoherent' a sense of the same headword?	https://wehiolelo.org/?q=%CA%BB%C5%8Dhewa					
ʻōkoholā	ʻō·koholā	A*	044	doubtful	doubtful	ʻōkoholā	inferred	unknown	ʻō#0	koholā	transparent	whale-piercing	Andrews–Parker 1922 ('Whale piercing'; bracket [O, to pierce, and kohola, a whale])	whaling (of ships)	Andrews–Parker 1922 ('whale-stabbing ships, or simply whaleships')	kai	19th-century coinage	False		It celebrates killing whales. Koholā are held in high regard (see reviewer knowledge), and a card reading 'whale-stabbing' could jar.	Probably a free attributive phrase from the whaling era rather than a lexical item. Andrews-only, degree 1, and sensitive in tone.	Does P&E list ʻōkoholā (or ʻō koholā) at all? If so, is it a headword or only an example phrase, and what sense does it give?						
ʻōleloaʻo	ʻōlelo·aʻo	A*	044	keep-pending	likely	ʻōlelo aʻo	attested	2	ʻōlelo	aʻo	transparent	teaching speech	Andrews–Parker 1922 bracket [Olelo, to speak, and ao, to teach]	counsel, advice; teachings	Andrews–Parker 1922 ('Counsel; advice; an opinion given; an instruction'); Hawaiian Wikipedia usage	naʻau	traditional	False			The spelling is settled by modern use and the meaning is consistent across 1922 and modern text. P&E decides whether it is a sub-entry (lexical) or just a phrase. Low board value (degree 1).	Is 'ʻōlelo aʻo' a P&E sub-entry (under ʻōlelo) meaning 'advice, counsel, instruction'? If it appears only in examples, mark doubtful.		y	keep-pending	ʻōlelo aʻo		
ʻōlelopaʻa	ʻōlelo·paʻa	A*	044	keep-pending	likely	ʻōlelo paʻa	corroborated	2	ʻōlelo	paʻa	transparent	fixed word	Andrews–Parker 1922 bracket [Olelo, word, and paa, fast]	a precept; a command	Andrews–Parker 1922	naʻau	unknown	False			The highest-degree word in the batch (18) and transparent, but on one source with a weakly corroborated spelling. It is worth a priority P&E lookup.	Does P&E list 'ʻōlelo paʻa' (two words?) and with what sense: 'precept, command' (Andrews), or something else such as a set or memorised text? Is there a Lit. 'firm word'?	https://wehiolelo.org/?q=%CA%BB%C5%8Dlelo%20pa%CA%BBa					
ʻōpūao	ʻōpū·ao	A*	044	keep-pending	likely	ʻōpūao	inferred	unknown	ʻōpū	ao#0	partial	enlightened belly	Andrews–Parker 1922 bracket [Opu, belly, and ao, enlightened]	wise-hearted, knowing, intelligent	Andrews–Parker 1922	naʻau	traditional	False		The root ʻōpū also covers 'womb' and 'bladder' (Wiktionary, POLLEX). I read those as anatomy, not genital or excretory senses, but a kumu may want to confirm for the ʻŌPŪ stone as a whole.	Plausible and lovely beside naʻauao (an AO link, belly vs gut as the seat of knowing), but it rests on Andrews alone with an inferred spelling. Degree 9.	Is 'ʻōpū ao' / 'ʻōpūao' in P&E? One word or two? Sense 'wise, intelligent'? Lit. 'enlightened belly'? Is ao here 'daylight/enlightened' (as in naʻauao)?						
ʻōpūhao	ʻōpū·hao	A*	044	keep-pending	likely	ʻōpūhao	inferred	unknown	ʻōpū	hao#0	partial	hard belly	Andrews–Parker 1922 bracket [Opu, abdomen, and hao, any hard substance]	dropsy; hard, swollen belly	Andrews–Parker 1922	kanaka	unknown	False		A disease name (dropsy), with a second sense of hunger pain from fasting. A kumu may prefer not to feature illness. Handle with care. The ʻōpū 'womb/bladder' note under ʻōpūao also applies.	A lexicalised, plausibly transparent Andrews term, but one source, an inferred spelling, two different senses in Andrews, and a disease theme. Degree 4.	Is 'ʻōpū hao' / 'ʻōpūhao' in P&E? Which sense: dropsy (swollen, hard belly) or stomach pain from fasting? Is hao 'iron, hard' the element?						
ʻōpūhue	ʻōpū·hue	A*	044	keep-pending	likely	ʻōpūhue	inferred	unknown	ʻōpū	hue	partial	belly calabash	Andrews–Parker 1922 bracket [Opu, belly, and hue, a calabash]	a round, flat calabash	Andrews–Parker 1922	hana	traditional	False			A specific lexical name for a calabash type, but on one source with an inferred spelling. Degree 4.	Is 'ʻōpū hue' / 'ʻōpūhue' in P&E as a kind of calabash (= umeke pākaka)? One word or two? Don't confuse it with ʻoʻopu hue (puffer fish).						
ʻōpūnui	ʻōpū·nui	A*	044	doubtful	doubtful	ʻōpū nui	inferred	unknown	ʻōpū	nui	transparent	big belly	Andrews–Parker 1922 bracket [Opu, abdomen, and nui, large]	corpulent, big-bellied	Andrews–Parker 1922	kanaka	traditional	False		It describes body size ('obesity'), and Andrews' example is a jibe at big-bellied chiefs. On a card it could read as mocking.	Likely a free phrase rather than a lexical item, and the body-size sense needs care. Degree 10 makes it tempting, but that is not a reason to keep it.	Does P&E list 'ʻōpū nui' as a sub-entry (lexicalised 'corpulent; obesity'), or only as a phrase? If listed, one word or two?						
ʻōpūʻōhaʻi	ʻōpū·ʻōhaʻi	A*	045	drop	no	ʻōpūʻōhai	inferred	unknown	ʻōpū	unresolved	transparent	bunch of ʻōhai	Andrews–Parker 1922, s.v. Opuohai, bracket '[Opu, a bunch, and ohai, a kind of bush]'	a cluster of ʻōhai bushes	Andrews–Parker 1922, s.v. Opuohai: 'A cluster of ohai bushes'; also s.v. Puohai 2: 'A bunch of the ohai flowers; opuohai'	ulu	archaic/obscure	False		The root ʻōpū also has the senses 'womb' and 'bladder' (Wiktionary; POLLEX/Pukui & Elbert). They are anatomical, and the automated screen kept ʻōpū. They are not treated as exclusion here, but they are flagged so that every ʻōpū compound is handled the same way. Andrews' one other citation of opuohai sits in a chant passage (s.v. Puohai) with 'Akua pee puohai' (a god hiding in the ʻōhai). Poetic and religious context; do not quote it on a card.	The split names the wrong root: ʻōhaʻi 'imperfectly healed' instead of ʻōhai, the Sesbania / monkeypod shrub. The dossier's homographs do not include the correct root, so sense_b cannot be resolved from it. Even corrected, the evidence makes it a descriptive phrase ('a clump of ʻōhai') from one 1922 source, with no modern use, ʻōpū in a minor sense, and degree 4. Not worth a Pukui & Elbert lookup. If ʻōhai is wanted as a root, it should enter the root glossary on its own evidence.	None needed for the board (dropped). Optional, to fix roots.tsv: confirm ʻōhai = Sesbania tomentosa / monkeypod, which POLLEX already gives, and see whether Pukui & Elbert give ʻōpū the sense 'clump, bunch (as of grass, taro)' or list any 'ʻōpū ʻōhai' sub-entry.		y	drop	ʻōpūʻōhai		
ʻōʻōahi	ʻōʻō·ahi	A*	045	keep-pending	likely	ʻōʻōahi	inferred	unknown	ʻōʻō#1	ahi	partial	spade (for) fire	Andrews–Parker 1922, s.v. Ooahi (noun), bracket '[Oo, a spade, and ahi, fire]'	fire poker; fire shovel	Andrews–Parker 1922, s.v. Ooahi, n. 1: 'A rod for stirring fire; a poker; a fire shovel'	hana	traditional	False		Senses 2 and 3 belong to the fire-throwing display (Andrews: kaahi / oahi 'throwing fire'), a named traditional practice tied to particular places. If the word is kept, show only the poker / fire-shovel sense, and do not caption the display as 'ancient' or decorative.	Plausible and well defined in Andrews, a tool word that fits the hana field, and highly connective (degree 11). But it rests on one 1922 source with no modern attestation, the spelling is pieced together, and Andrews itself gives two analyses: ʻōʻō 'spade' for the noun, ʻō 'to thrust' for the verb. sense_a, and so the stone's identity, depends on which analysis Pukui & Elbert support.	Is there a headword ʻōʻōahi, ʻōʻō ahi, or only ʻōahi? Record the exact ʻokina, kahakō and word break. Does Pukui & Elbert gloss it 'poker, fire shovel' and/or 'firebrand stick of the fire-throwing display'? Does it derive the first part from ʻōʻō 'digging stick' (keep sense ʻōʻō#1) or from ʻō 'to pierce, thrust' (then this is not an ʻōʻō 'digging stick' compound)? Any 'Lit.' reading?						
ʻōʻōhao	ʻōʻō·hao	A*	045	keep-pending	likely	ʻōʻōhao	inferred	unknown	ʻōʻō#1	hao#0	transparent	iron digging stick	Andrews–Parker 1922, s.v. Oohao: '[Oo, a digging tool, and hao, iron.] The iron oo'	iron digging tool; also a plow	Andrews–Parker 1922, s.v. Oohao: 'The iron oo... Applied also to the plow'; s.v. Oopalau: 'Called also oohao and oohou'	hana	19th-century coinage	False		None. Note that hao has an unrelated homograph, hao#1 'to rob, plunder' (PPN *faqao). The stone here must be hao#0 'iron' and must never link to hao#1 words.	It composes cleanly (digging stick + iron) and quietly tells the story of iron replacing hardwood on the ʻōʻō. Degree 9. But it rests on Andrews alone, the spelling and word break are pieced together, and it may be a free phrase ('an iron ʻōʻō') rather than a headword. Pukui & Elbert decides.	Is ʻōʻō hao or ʻōʻōhao a headword, or a sub-entry under ʻōʻō? One word or two? Gloss 'iron digging tool' and/or 'plow'? Any 'Lit.' reading? If Pukui & Elbert has neither, drop.						
ʻōʻōhou	ʻōʻō·hou	A*	045	keep-pending	likely	ʻōʻōhou	inferred	unknown	ʻōʻō#1	hou	partial	new digging tool	Andrews–Parker 1922, s.v. Oohou, bracket '[Oo, a digging tool, and hou, new]'	plow, for tilling the soil	Andrews–Parker 1922, s.v. Oohou: 'The plow as an instrument for tilling the soil'	hana	19th-century coinage	False		None. Data caveat: the dossier's single 'hou' id merges two separate Proto-Polynesian roots, which POLLEX keeps apart: *foqou 'new' and *fohu 'enter into, pierce' (Hawaiian 'push, shove, poke, stab'). It also lumps PCE *hou 'sweat'. A HOU stone meaning 'new' should not link to hou 'thrust' words, so the root glossary needs hou¹ / hou² before this word can be placed.	Attested only in Andrews, as a less usual synonym of ʻōʻō palau. The spelling and word break are pieced together, and it could be a phrase. The root sense is resolved only by Andrews' bracket ('hou, new'), and the dossier's hou entry conflates two etyma. Degree 5 makes it worth one lookup. Drop if Pukui & Elbert does not list it.	Is ʻōʻōhou or ʻōʻō hou listed (headword or under ʻōʻō)? Spelling and word break? Meaning 'plow'? Which hou does Pukui & Elbert give or imply: 'new' (Andrews) or 'to push, thrust'? If it is absent, drop.						
ʻūpāahi	ʻūpā·ahi	A*	045	drop	likely	ʻūpāahi	inferred	unknown	ʻūpā	ahi	transparent	fire tongs	Andrews–Parker 1922, s.v. Upaahi, bracket '[Upa and ahi, fire]' with def. 1 'Tongs'; Wiktionary ʻūpā 'tongs'	tongs	Andrews–Parker 1922, s.v. Upaahi, def. 1	hana	unknown	True	Sexual sense of the compound: Andrews–Parker 1922, s.v. Upaahi, def. 2. Under DESIGN §4.3, any sexual sense excludes the whole word, even though def. 1 ('tongs') is innocent.	Excluded. In Andrews the next headword before it, 'Upaa', has a sexual sense. In unmarked spelling it is near-identical, which is one more reason a reader might hear a double meaning. The root ʻūpā itself has no excluded sense in the dossier.	Excluded under DESIGN §4.3: one of the compound's two Andrews senses is sexual. It is also single-source with a pieced-together spelling. ʻūpā on its own keeps its status as a root.	None required (excluded). Optional, for the record: does Pukui & Elbert list ʻūpā ahi or ʻūpāahi, and does it repeat Andrews' second sense? The rule excludes the word either way, because Andrews attests the sense.						
